"","WALOC_Id","PSC_Code","Short_Name","Long_Desc","WRIA_LUT_Id","WDFW_REGION_LUT_Id","COMPLEX_Id"
"1",25813,"3F^WILDSTOCK","WILDSTOCK","WILDSTOCK",NA,0,NA
"2",15,"3F^^^^^^^^^^^^^^E01","AQUARIUM N CLASSROOM","AQUARIUM N CLASSROOM PROGRAM",NA,1,NA
"3",177,"3F^1^^^^^^^^^^^^E","REG 1 ED COOPS","WASHINGTON REGION 1 EDUACATIONAL COOPS -UNSPECIFIED",NA,1,NA
"4",17746,"3F42001^^^^^^^^^H11","RFEG 11 LOWR COLUMBIA","WASHINGTON REGIONAL ENHANCEMENT GROUP 11 LOWER COLUMBIA",NA,1,NA
"5",17747,"3F42001^^^^^^^^^H12","RFEG 12 EASTERN WASH.","WASHINGTON REGIONAL ENHANCEMENT GROUP 12- EASTERN WASHINGTON",NA,1,9
"6",17748,"3F42001^^^^^^^^^H13","EWU RESEARCH","EASTERN WASHINGTON UNIV RESEARCH",NA,1,NA
"7",18752,"3F42001^^320097^H","DAYTON ACCLIMA. POND","DAYTON CONDITIONING PONDS ON TOUCHET RIVER",32,1,6
"8",18783,"3F42001^^3270123E","EDU SERVICE DIST 123","EDUCATIONAL SERVICE DIST 123 (WALLA WALLA WA)",32,1,9
"9",18784,"3F42001^^3271016E","WALLA WALLA SD 140","WALLA WALLA SCHOOL DISTRICT 140 (WALLA WALLA WA)",32,1,9
"10",18785,"3F42001^^3271124E","DAYTON SD 2 (DAYTON)","DAYTON SCHOOL DISTRICT 2 (DAYTON WA)",32,1,9
"11",18786,"3F42001^^3271186E","COLUMBIA SD 400(BURB","COLUMBIA SCHOOL DISTRICT 400 (BURBANK WA)",32,1,9
"12",18787,"3F42001^^3271187E","WAITSBURG SD 401","WAITSBURG SCHOOL DISTRICT 401 (WAITSBURG WA)",32,1,9
"13",18788,"3F42001^^3271215E","TOUCHET SD 300","TOUCHET SCHOOL DISTRICT 300/ (TOUCHET WA)",32,1,9
"14",18789,"3F42001^^3271216E","PRESCOTT SD 402","PRESCOTT SCHOOL DISTRICT 402 (PRESCOTT WA)",32,1,9
"15",18790,"3F42001^^3271252E","COLLEGE PLACE SD","COLLEGE PLACE SCHOOL DISTRICT 250 (COLLEGE PLACE WA)",32,1,9
"16",18791,"3F42001^^3271304E","DIXIE SD (DIXIE)","DIXIE SCHOOL DISTRICT (DIXIE WA)",32,1,9
"17",18792,"3F42001^^3272074E","BERNEY ES (WALLA WAL","BERNEY ELEMENTARY SCHOOL (WALLA WALLA WA)",32,1,9
"18",18793,"3F42001^^3272078E","GREEN PARK ES (WALLA","GREEN PARK ELEMENTARY SCHOOL (WALLA WALLA WA)",32,1,9
"19",18794,"3F42001^^3272114E","DAVIS ES (COLLEGE PL","DAVIS ELEMENTARY SCHOOL (COLLEGE PLACE WA)",32,1,9
"20",18795,"3F42001^^3272159E","PROSPECT POINT ES(WA","PROSPECT POINT ELEMENTARY (WALLA WALLA WA)",32,1,9
"21",18796,"3F42001^^3272160E","TOUCHET JHS HS","TOUCHET JUNIOR-SENIOR HIGH (TOUCHET WA)",32,1,9
"22",18797,"3F42001^^3272302E","JHS/HS (DAYTON)","JUNIOR/SENIOR HIGH (DAYTON WA)",32,1,9
"23",18798,"3F42001^^3272386E","WAITSBURG HS(WAITSBU","WAITSBURG SECONDARY SCHOOL (WAITSBURG WA)",32,1,9
"24",18799,"3F42001^^3272528E","EDISON ES (WALLA WAL","EDISON ELEMENTARY SCHOOL (WALLA WALLA WA)",32,1,9
"25",18800,"3F42001^^3272712E","WAITSBURG ES(WAITSBU","WAITSBURG ELEMENTARY (WAITSBURG WA)",32,1,9
"26",18801,"3F42001^^3272780E","PIONEER MS(WALLA WAL","PIONEER MIDDLE SCHOOL (WALLA WALLA WA)",32,1,9
"27",18802,"3F42001^^3272830E","DAYTON ES (DAYTON)","DAYTON ELEMENTARY SCHOOL (DAYTON WA)",32,1,9
"28",18803,"3F42001^^3273012E","COLUMBIA MS (BURBANK","COLUMBIA MIDDLE SCHOOL (BURBANK WA)",32,1,9
"29",18804,"3F42001^^3273468E","WALLA WALLA HS","WALLA WALLA HIGH SCHOOL (WALLA WALLA WA)",32,1,9
"30",18805,"3F42001^^3273510E","GARRISON MS (WALLA W","GARRISON MIDDLE SCHOOL (WALLA WALLA WA)",32,1,9
"31",18806,"3F42001^^3273541E","JOHN SAGER MS(COLLEG","JOHN SAGER MIDDLE SCHOOL (COLLEGE PLACE WA)",32,1,9
"32",18807,"3F42001^^3273574E","PRESCOTT ES HS(PRESC","PRESCOTT ELEM & HIGH (PRESCOTT WA)",32,1,9
"33",18808,"3F42001^^3273613E","COLUMBIA ES(BURBANK)","COLUMBIA ELEMENTARY SCHOOL (BURBANK WA)",32,1,9
"34",18809,"3F42001^^3273728E","SHARPSTEIN ES (WALLA","SHARPSTEIN ELEMENTARY SCHOOL (WALLA WALLA WA)",32,1,9
"35",18810,"3F42001^^3274049E","COLUMBIA HS (BURBANK","COLUMBIA HIGH SCHOOL (BURBANK WA)",32,1,9
"36",18811,"3F42001^^3274193E","BLUE RIDGE ES (WALLA","BLUE RIDGE ELEMENTARY (WALLA WALLA WA)",32,1,9
"37",18812,"3F42001^^3278211E","DESALES CATHOLIC HS","DESALES CATHOLIC HIGH (WALLA WALLA WA)",32,1,9
"38",18813,"3F42001^^3278212E","ASSUMPTION GRADE SCH","ASSUMPTION GRADE SCHOOL (WALLA WALLA WA)",32,1,9
"39",18814,"3F42001^^3278213E","CLARA E ROGERS ES","CLARA E. ROGERS ELEMENTARY SCHOOL (COLLEGE PLACE WA)",32,1,9
"40",18815,"3F42001^^3278214E","WALLA WALLA VLY ACAD","WALLA WALLA VALLEY ACADEMY (COLLEGE PLACE WA)",32,1,9
"41",18816,"3F42001^^3278376E","COUNTRY GARDEN SCHL","COUNTRY GARDEN SCHOOL (WALLA WALLA WA)",32,1,9
"42",18817,"3F42001^^3278418E","LIBERTY CHRIST(WALLA","LIBERTY CHRISTIAN SCHOOL (WALLA WALLA WA)",32,1,9
"43",18818,"3F42001^^3278950E","DISCOVERY HS (WALLA","DISCOVERY HIGH SCHOOL (WALLA WALLA WA)",32,1,9
"44",18823,"3F42001^^330002^H01","LYONS FERRY HATCHERY","LYONS FERRY HATCHERY  - SNAKE RIVER",33,1,6
"45",18847,"3F42001^^340125^H02","SPOKANE WALLEYE CLUB","SPOKANE WALLEYE CLUB ON SPRAGUE LAKE (END OF COW CREEK ON THE PALOUSE R)",34,1,9
"46",18851,"3F42001^^3471042E","PULLMAN SD 267","PULLMAN SCHOOL DISTRICT 267 (PULLMAN WA)",34,1,9
"47",18852,"3F42001^^3471042E01","WSU RESEARCH (PULLMAN)","WSU RESEARCH (PULLMAN WA)",34,1,9
"48",18853,"3F42001^^3471123E","COLFAX SD 300(COLFAX","COLFAX SCHOOL DISTRICT 300 (COLFAX WA)",34,1,9
"49",18854,"3F42001^^3471184E","PALOUSE/GARFIELD SD","PALOUSE/GARFIELD SCHOOL DISTRICT 301 (PALOUSE WA)",34,1,9
"50",18857,"3F42001^^3471210E","GARFIELD SD 302","GARFIELD SCHOOL DISTRICT 302 (GARFIELD WA)",34,1,9
"51",18858,"3F42001^^3471211E","COLTON SD 306(COLTON","COLTON SCHOOL DISTRICT 306 (COLTON WA)",34,1,9
"52",18861,"3F42001^^3471228E","SPRAGUE SD 008","SPRAGUE SCHOOL DISTRICT 008 (SPRAGUE WA)",34,1,9
"53",18869,"3F42001^^3472499E","PULLMAN HS (PULLMAN)","PULLMAN HIGH SCHOOL (PULLMAN WA)",34,1,9
"54",18870,"3F42001^^3472587E","FRANKLIN ES(PULLMAN)","FRANKLIN ELEMENTARY (PULLMAN WA)",34,1,9
"55",18871,"3F42001^^3472588E","COLTON SCHL (COLTON)","COLTON SCHOOL (COLTON WA)",34,1,9
"56",18872,"3F42001^^3472622E","PALOUSE ES HS(PALOUS","PALOUSE ELEMENTARY AND HIGH (PALOUSE WA)",34,1,9
"57",18873,"3F42001^^3472894E","LEONARD M JENNINGS E","LEONARD M JENNINGS ELEMENTARY (COLFAX WA)",34,1,9
"58",18874,"3F42001^^3472895E","GARFIELD ES/MS(GARFI","GARFIELD ELEMENTARY/MIDDLE SCHOOLS (GARFIELD WA)",34,1,9
"59",18875,"3F42001^^3472896E","GARFIELD-PALOUSE HS","GARFIELD-PALOUSE H.S. (PALOUSE WA)",34,1,9
"60",18881,"3F42001^^3473203E","JEFFERSON ES(PULLMAN","JEFFERSON ELEMENTARY (PULLMAN WA)",34,1,9
"61",18883,"3F42001^^3473366E","COLFAX HS (COLFAX)","COLFAX HIGH SCHOOL (COLFAX WA)",34,1,9
"62",18884,"3F42001^^3473419E","LINCOLN MS(PULLMAN)","LINCOLN MIDDLE SCHOOL (PULLMAN WA)",34,1,9
"63",18886,"3F42001^^3473614E","SUNNYSIDE ES (PULLMA","SUNNYSIDE ELEMENTARY (PULLMAN WA)",34,1,9
"64",18887,"3F42001^^3478226E","GUARDIAN ANGEL ES","GUARDIAN ANGEL/ST. BONIFACE SCHOOL (COLTON WA)",34,1,9
"65",18888,"3F42001^^3478227E","FARMINGTON SDA SCHL","FARMINGTON S.D.A. SCHOOL (FARMINGTON WA)",34,1,9
"66",18889,"3F42001^^3478335E","WARDEN HUTTERIAN SCH","WARDEN HUTTERIAN SCHOOL (WARDEN WA)",34,1,9
"67",18890,"3F42001^^3478397E","PULLMAN CHRIST SCHL","PULLMAN CHRISTIAN SCHOOL (PULLMAN WA)",34,1,9
"68",18891,"3F42001^^3478818E","ROYAL GARRISON SCHL","ROYAL GARRISON SCHOOL (PULLMAN WA)",34,1,9
"69",18896,"3F42001^^350002^H02","LITTLE GOOSE DAM NFH","LITTLE GOOSE DAM FINGERLING REARING FACILITY (FEDERAL)",35,1,NA
"70",18897,"3F42001^^350002^H03","LWR GRANITE DAM TRAP","LOWER GRANITE DAM TRAP (FEDERAL)",35,1,NA
"71",18898,"3F42001^^350002^H55","IDAHO- PITTSBURG LNDNG PD","PITTSBURG LANDING ACCLIMATION POND ON SNAKE R IN IDAHO AT RM 215.5)",35,1,NA
"72",18899,"3F42001^^350002^H65","BIG CANYON ACCL POND","BIG CANYON ACCLIMATION POND ON CLEARWATER R IN IDAHO",35,1,NA
"73",18900,"3F42001^^350002^H75","CAPTAIN JOHNS PD","CAPTAIN JOHNS ACCLIMATION PONDS  (16 MI N OF ASOTIN)",35,1,9
"74",18926,"3F42001^^350009^H","TUCANNON HATCHERY","TUCANNON RIVER HATCHERY",35,1,6
"75",18939,"3F42001^^350454^H","CURL LK ACCLIMA. PD","CURL LAKE ACCLIMATION POND - WDFW - ON TUCANNON RIVER  (NONDOE CODE)",35,1,6
"76",18955,"3F42001^^352147^R","COUSE CR  35.2147","COUSE CR  35.2147 (SNAKE RIVER TRIB)",35,1,NA
"77",18965,"3F42001^^352331^H","COTTONWOOD CR POND","COTTONWOOD CREEK CONDITIONING POND ON GRANDE RONDE RIVER @ RM 25 - WDFW",35,1,6
"78",18978,"3F42001^^3571043E","CLARKSTON SD 250","CLARKSTON SCHOOL DISTRICT 250 (CLARKSTON WA)",35,1,9
"79",18979,"3F42001^^3571125E","POMEROY SD 110","POMEROY SCHOOL DISTRICT 110 (POMEROY WA)",35,1,9
"80",18980,"3F42001^^3571214E","ASOTIN-ANATONE SD420","ASOTIN-ANATONE SCHOOL DISTRICT 420 (ASOTIN WA)",35,1,9
"81",18981,"3F42001^^3571265E","STARBUCK SD 035","STARBUCK SCHOOL DISTRICT 035 (STARBUCK WA)",35,1,9
"82",18982,"3F42001^^3572299E","ADAMS HS (CLARKSTON)","CHARLES FRANCIS ADAMS HIGH (CLARKSTON)",35,1,9
"83",18983,"3F42001^^3572434E","ASOTIN JHS HS(ASOTIN","ASOTIN JUNIOR-SENIOR HIGH (ASOTIN WA)",35,1,9
"84",18984,"3F42001^^3572501E","LINCOLN MS(CLARKSTON","LINCOLN MIDDLE SCHOOL (CLARKSTON WA)",35,1,9
"85",18985,"3F42001^^3572507E","ASOTIN ES (ASOTIN)","ASOTIN ELEMENTARY (ASOTIN WA)",35,1,9
"86",18986,"3F42001^^3572823E","PARKWAY ES(CLARKSTON","PARKWAY ELEMENTARY SCHOOL (CLARKSTON WA)",35,1,9
"87",18987,"3F42001^^3572962E","GRANTHAM ES(CLARKSTO","GRANTHAM ELEMENTARY SCHOOL (CLARKSTON WA)",35,1,9
"88",18988,"3F42001^^3573087E","POMEROY ES JHS HS","POMEROY ELEM/JUNIOR/SENIOR HIGH (POMEROY WA)",35,1,9
"89",18989,"3F42001^^3573266E","HIGHLAND ES(CLARKSTO","HIGHLAND ELEMENTARY (CLARKSTON WA)",35,1,9
"90",18990,"3F42001^^3573616E","SPECIAL ED CNTR(CLAR","SPECIAL EDUCATION CENTER (CLARKSTON WA)",35,1,9
"91",18991,"3F42001^^3574384E","HEIGHTS ES(CLARKSTON","HEIGHTS ELEMENTARY (CLARKSTON WA)",35,1,9
"92",18992,"3F42001^^3578000E","HOLY FAMILY(CLARKSTN","HOLY FAMILY SCHOOL (CLARKSTON WA)",35,1,9
"93",19425,"3F42001^^4371069E","MEDICAL LAKE SD 326","MEDICAL LAKE SCHOOL DISTRICT 326 (MEDICAL LAKE WA)",43,1,9
"94",19426,"3F42001^^4371178E","WILBUR SD 200(WILBUR","WILBUR SCHOOL DISTRICT 200 (WILBUR WA)",43,1,9
"95",19427,"3F42001^^4371180E","REARDAN-EDWALL SD 9","REARDAN-EDWALL SCHOOL DISTRICT 9 (REARDAN WA)",43,1,9
"96",19428,"3F42001^^4371205E","HARRINGTON SD 204","HARRINGTON SCHOOL DISTRICT 204 (HARRINGTON WA)",43,1,9
"97",19429,"3F42001^^4371229E","ALMIRA SD 17 (ALMIRA","ALMIRA SCHOOL DISTRICT 17 (ALMIRA WA)",43,1,9
"98",19430,"3F42001^^4371230E","CRESTON SD 73(CRESTO","CRESTON SCHOOL DISTRICT 73 (CRESTON WA)",43,1,9
"99",19431,"3F42001^^4371236E","WILSON CR SD 167","WILSON CREEK SCHOOL DISTRICT 167/ (WILSON CREEK WA)",43,1,9
"100",19432,"3F42001^^4372443E","ODESSA SD 105","ODESSA SCHOOL DISTRICT 105 (ODESSA WA)",43,1,9
"101",19433,"3F42001^^4372473E","WILSON CR HS (WILSON","WILSON CREEK HIGH SCHOOL (WILSON CREEK WA)",43,1,9
"102",19434,"3F42001^^4372743E","HARRINGTON ES/HS","HARRINGTON ELEMENTARY & HIGH SCHOOL (HARRINGTON WA)",43,1,9
"103",19435,"3F42001^^4372769E","PC JANTZ ES/ODESSA H","P C JANTZ ELEMENTARY/ODESSA HIGH (ODESSA WA)",43,1,9
"104",19436,"3F42001^^4372861E","ALMIRA ES/MS (ALMIRA","ALMIRA ELEM & MIDDLE SCHOOL (ALMIRA WA)",43,1,9
"105",19437,"3F42001^^4372862E","CRESTON ES JHS HS","CRESTON JR-SR HIGH/ELEMENTARY (CRESTON WA)",43,1,9
"106",19438,"3F42001^^4372890E","MEDICAL LAKE HS","MEDICAL LAKE HIGH SCHOOL (MEDICAL LAKE WA)",43,1,9
"107",19439,"3F42001^^4373289E","WILBUR HS (WILBUR)","WILBUR HIGH SCHOOL (WILBUR WA)",43,1,9
"108",19440,"3F42001^^4373290E","WILBUR ES (WILBUR)","WILBUR ELEMENTARY SCHOOL (WILBUR WA)",43,1,9
"109",19441,"3F42001^^4373359E","MEDICAL LAKE ES","MEDICAL LAKE ELEMENTARY (MEDICAL LAKE WA)",43,1,9
"110",19442,"3F42001^^4373797E","INTERLAKE SCHL(MEDIC","INTERLAKE SCHOOL (MEDICAL LAKE WA)",43,1,9
"111",19443,"3F42001^^4373965E","MEDICAL LAKE MS","MEDICAL LAKE MIDDLE SCHOOL (MEDICAL LAKE WA)",43,1,9
"112",19444,"3F42001^^4378494E","MARLIN HUTTERITE SCH","MARLIN HUTTERITE SCHOOL (MARLIN WA)",43,1,9
"113",19445,"3F42001^^4378696E","CHRIST HERITAGE SCHL","CHRISTIAN HERITAGE SCHOOL (EDWALL WA)",43,1,9
"114",19776,"3F42001^^5271176E","REPUBLIC SD 309","REPUBLIC SCHOOL DISTRICT 309 (REPUBLIC WA)",52,1,9
"115",19777,"3F42001^^5271226E","CURLEW SD 050","CURLEW SCHOOL DISTRICT 050 (CURLEW WA)",52,1,9
"116",19778,"3F42001^^5271269E","KELLER SD 3 (KELLER)","KELLER SCHOOL DISTRICT 3 (KELLER WA)",52,1,9
"117",19779,"3F42001^^5272006E","CURLEW HS&ES(CURLEW)","CURLEW HIGH AND ELEMENTARY (CURLEW WA)",52,1,9
"118",19780,"3F42001^^5272602E","KELLER ES (KELLER)","KELLER ELEMENTARY (KELLER WA)",52,1,9
"119",19781,"3F42001^^5272789E","REPUBLIC ES(REPUBLIC","REPUBLIC ELEMENTARY (REPUBLIC WA)",52,1,9
"120",19782,"3F42001^^5273579E","REPUBLIC JHS HS(REPU","REPUBLIC JUNIOR-SENIOR HIGH (REPUBLIC WA)",52,1,9
"121",19783,"3F42001^^5278993E","EUREKA MOUNTAIN SCHL","EUREKA MOUNTAIN SCHOOL (REPUBLIC, WA)",52,1,9
"122",19790,"3F42001^^530001^H","LK ROOSEVELT NP (COL","LAKE ROOSEVELT NET PENS",53,1,NA
"123",19791,"3F42001^^530001^R","LK ROOSEVELT  (53)","LAKE ROOSEVELT",54,1,NA
"124",19803,"3F42001^^5371155E","GRAND COULEE DAM SD","GRAND COULEE DAM SCHOOL DISTRICT 301J (COULEE DAM WA)",53,1,9
"125",19804,"3F42001^^5371179E","DAVENPORT SD 207","DAVENPORT SCHOOL DISTRICT 207 (DAVENPORT WA)",53,1,9
"126",19805,"3F42001^^5372668E","DAVENPORT ES JHS HS","DAVENPORT ELEM/JR-SR HIGH (DAVENPORT WA)",53,1,9
"127",19806,"3F42001^^5372672E","GRAND COULEE DAM MS","GRAND COULEE DAM MIDDLE SCHOOL (GRAND COULEE WA)",53,1,9
"128",19807,"3F42001^^5372801E","LK ROOSEVELT HS (COU","LAKE ROOSEVELT HIGH SCHOOL (COULEE DAM WA)",53,1,9
"129",19808,"3F42001^^5372802E","WRIGHT ES(COULEE DAM","WRIGHT ELEMENTARY SCHOOL (COULEE DAM WA)",53,1,9
"130",19819,"3F42001^^540250^H02","FORD HATCHERY","FORD HATCHERY",54,1,13
"131",19824,"3F42001^^5470101E","EDU SERVICE DIST 101","EDUCATIONAL SERVICE DIST 101 (SPOKANE WA)",54,1,9
"132",19825,"3F42001^^5471041E","WEST VALLEY SD363(SP","WEST VALLEY SCHOOL DISTRICT 363 (SPOKANE WA)",54,1,9
"133",19826,"3F42001^^5471231E","WELLPINIT SD 49","WELLPINIT SCHOOL DISTRICT 49 (WELLPINIT WA)",54,1,9
"134",19827,"3F42001^^5471260E","NINE MILE FALLS SD","NINE MILE FALLS SCHOOL DISTRICT 325 (NINE MILE FALLS WA)",54,1,9
"135",19828,"3F42001^^5471628E","CONTRACT-BASED EDUCA","CONTRACT-BASED EDUCATION (SPOKANE WA)",54,1,9
"136",19829,"3F42001^^5472341E","NINE MILE FALLS ES","NINE MILE FALLS ELEMENTARY (NINE MILE FALLS WA)",54,1,9
"137",19830,"3F42001^^5472478E","REARDAN HS (REARDAN)","REARDAN HIGH SCHOOL (REARDAN WA)",54,1,9
"138",19831,"3F42001^^5472550E","WELLPINIT HS/ES(WELL","WELLPINIT HIGH/ELEMENTARY (WELLPINIT WA)",54,1,9
"139",19832,"3F42001^^5472685E","ALT SPOKANE VALLEY H","ALTERNATIVE SPOKANE VALLEY HIGH (SPOKANE WA)",54,1,9
"140",19833,"3F42001^^5472711E","MILLWOOD EARLY CHILD","MILLWOOD EARLY CHILDHOD CENTER (SPOKANE WA)",54,1,9
"141",19834,"3F42001^^5472814E","SUNSET ES (AIRWAY HT","SUNSET ELEMENTARY SCHOOL (AIRWAY HEIGHTS WA)",54,1,9
"142",19835,"3F42001^^5472864E","REARDAN ES (REARDAN)","REARDAN ELEMENTARY (REARDAN WA)",54,1,9
"143",19836,"3F42001^^5472891E","BLAIR ES (FAIRCHILD)","BLAIR ELEMENTARY SCHOOL (FAIRCHILD AFB  WA)",54,1,9
"144",19837,"3F42001^^5472956E","SETH WOODARD ES(SPOK","SETH WOODARD ELEMENTARY (SPOKANE WA)",54,1,9
"145",19838,"3F42001^^5473129E","ORCHARD CENTER ES(SP","ORCHARD CENTER ELEMENTARY (SPOKANE WA)",54,1,9
"146",19839,"3F42001^^5473194E","PASADENA PARK ES (SP","PASADENA PARK ELEMENTARY (SPOKANE WA)",54,1,9
"147",19840,"3F42001^^5473195E","WEST VALLEY HS(SPOKA","WEST VALLEY HIGH SCHOOL (SPOKANE WA)",54,1,9
"148",19841,"3F42001^^5473196E","NESS ES (SPOKANE)","NESS ELEMENTARY (SPOKANE WA)",54,1,9
"149",19842,"3F42001^^5473538E","CENTENNIAL MS(SPOKAN","CENTENNIAL MIDDLE SCHOOL (SPOKANE WA)",54,1,9
"150",19843,"3F42001^^5474036E","LK SPOKANE ES(9MI FA","LAKE SPOKANE ELEMENTARY (NINE MILE FALLS WA)",54,1,9
"151",19844,"3F42001^^5474333E","LAKESIDE HS(9MI FALL","LAKESIDE HIGH SCHOOL (NINE MILE FALLS  WA)",54,1,9
"152",19845,"3F42001^^5478122E","DEEP CR HUTTERITE SC","DEEP CREEK HUTTERITE SCHOOL (REARDAN WA)",54,1,9
"153",19846,"3F42001^^5478205E","ST JOHN VIANNEY SCHL","ST. JOHN VIANNEY SCHOOL (SPOKANE WA)",54,1,9
"154",19847,"3F42001^^5478206E","ST PASCHALS SCHL(SPO","ST. PASCHAL'S SCHOOL (SPOKANE WA)",54,1,9
"155",19848,"3F42001^^5478458E","COUNTRYSIDE SCHL(SPO","COUNTRYSIDE SCHOOL (SPOKANE WA)",54,1,9
"156",19849,"3F42001^^5478792E","CHILDRENS ACADAMIC","CHILDREN'S ACADAMIC PROG. SCHOOL (NINE MILE FALLS, WA)",54,1,9
"157",19850,"3F42001^^55^^^^^H","SPOKANE CC","SPOKANE COMMUNITY COLLEGE - SPOKANE COUNTY",55,1,NA
"158",19851,"3F42001^^55^^^^^H01","WHITWORTH COLLEGE (SPOKAN","WHITWORTH COLLEGE - SPOKANE COUNTY",55,1,NA
"159",19852,"3F42001^^550003^H01","SPOKANE HATCHERY","SPOKANE HATCHERY",55,1,13
"160",19855,"3F42001^^550009^H","SPOKANE TRIBAL HATCHERY","SPOKANE TRIBAL HATCHERY",54,1,NA
"161",19874,"3F42001^^5571039E","MEAD SD 354 (MEAD)","MEAD SCHOOL DISTRICT 354 (MEAD WA)",55,1,9
"162",19875,"3F42001^^5571085E","DEER PARK SD 414","DEER PARK SCHOOL DISTRICT 414 (DEER PARK WA)",55,1,9
"163",19876,"3F42001^^5571121E","RIVERSIDE SD 416","RIVERSIDE SCHOOL DISTRICT 416 (CHATTAROY WA)",55,1,9
"164",19877,"3F42001^^5571296E","ORCHARD PRAIRIE SD","ORCHARD PRAIRIE SCHOOL DISTRICT 123 (SPOKANE WA)",55,1,9
"165",19878,"3F42001^^5572173E","ARCADIA ES(DEER PARK","ARCADIA ELEMENTARY (DEER PARK WA)",55,1,9
"166",19879,"3F42001^^5572402E","MEAD HS (SPOKANE)","MEAD SENIOR HIGH SCHOOL (SPOKANE WA)",55,1,9
"167",19880,"3F42001^^5572430E","DEER PARK ES(DEER PK","DEER PARK ELEMENTARY (DEER PARK WA)",55,1,9
"168",19881,"3F42001^^5572525E","CHATTAROY ES (CHATTA","CHATTAROY ELEMENTARY (CHATTAROY WA)",55,1,9
"169",19882,"3F42001^^5573191E","MEAD JHS (MEAD)","MEAD JUNIOR HIGH (MEAD WA)",55,1,9
"170",19883,"3F42001^^5573261E","DEER PARK JHS(DEER P","DEER PARK JUNIOR HIGH (DEER PARK WA)",55,1,9
"171",19884,"3F42001^^5573414E","EVERGREEN ES(SPOKANE","EVERGREEN ELEMENTARY SCHOOL (SPOKANE WA)",55,1,9
"172",19885,"3F42001^^5573466E","RIVERSIDE MS(CHATTAR","RIVERSIDE MIDDLE SCHOOL (CHATTAROY WA)",55,1,9
"173",19886,"3F42001^^5573562E","COLBERT ES (COLBERT)","COLBERT ELEMENTARY SCHOOL (COLBERT WA)",55,1,9
"174",19887,"3F42001^^5573693E","BRENTWOOD ES (SPOKAN","BRENTWOOD ELEMENTARY SCHOOL (SPOKANE WA)",55,1,9
"175",19888,"3F42001^^5573723E","ORCHARD PRAIRIE ES(S","ORCHARD PRAIRIE ELEMENTARY (SPOKANE WA)",55,1,9
"176",19889,"3F42001^^5573759E","FARWELL ES (SPOKANE)","FARWELL ELEMENTARY SCHOOL (SPOKANE WA)",55,1,9
"177",19890,"3F42001^^5573851E","NORTHWOOD JHS (SPOKA","NORTHWOOD JUNIOR HIGH (SPOKANE WA)",55,1,9
"178",19891,"3F42001^^5574033E","RIVERSIDE ES(CHATTAR","RIVERSIDE ELEMENTARY (CHATTAROY WA)",55,1,9
"179",19892,"3F42001^^5574123E","DEER PARK HS(DEER PK","DEER PARK HIGH SCHOOL (DEER PARK WA)",55,1,9
"180",19893,"3F42001^^5574133E","MIDWAY ES (COLBERT)","MIDWAY ELEMENTARY (COLBERT WA)",55,1,9
"181",19894,"3F42001^^5574134E","SHILOH HILLS ES(SPOK","SHILOH HILLS ELEMENTARY (SPOKANE WA)",55,1,9
"182",19895,"3F42001^^5574228E","RIVERSIDE HS(CHATTAR","RIVERSIDE HIGH SCHOOL (CHATTAROY WA)",55,1,9
"183",19896,"3F42001^^5574400E","MEADOW RIDGE ES(MEAD","MEADOW RIDGE ELEMENTARY (MEAD WA)",55,1,9
"184",19897,"3F42001^^5578199E","ST GEORGES SCHL(SPOK","ST. GEORGE'S SCHOOL (SPOKANE WA)",55,1,9
"185",19898,"3F42001^^5578200E","ST THOMAS MORE(SPOKA","ST. THOMAS MORE SCHOOL (SPOKANE WA)",55,1,9
"186",19899,"3F42001^^5578687E","SPOKANE CHRIST ACAD","SPOKANE CHRISTIAN ACADEMY (SPOKANE WA)",55,1,9
"187",19900,"3F42001^^5578698E","FAITH CHRIST SCHL(ME","FAITH CHRISTIAN SCHOOL (MEAD WA)",55,1,9
"188",19901,"3F42001^^5578725E","NORTH WALL ES(SPOKAN","NORTH WALL PRIMARY SCHOOL (SPOKANE WA)",55,1,9
"189",19902,"3F42001^^5578962E","PRAIRIE RIDGE SCHOOL","PRAIRIE RIDGE SCHOOL (SPOKANE WA)",55,1,9
"190",19912,"3F42001^^5671040E","CHENEY SD 360","CHENEY SCHOOL DISTRICT 360 (CHENEY WA)",56,1,9
"191",19913,"3F42001^^5671150E","FREEMAN SD (ROCKFORD","FREEMAN SCHOOL DISTRICT 358 (ROCKFORD WA)",56,1,9
"192",19914,"3F42001^^5671151E","LIBERTY SD 362(SPANG","LIBERTY SCHOOL DISTRICT 362 (SPANGLE WA)",56,1,9
"193",19915,"3F42001^^5671209E","TEKOA SD 265","TEKOA SCHOOL DISTRICT 265 (TEKOA WA)",56,1,9
"194",19916,"3F42001^^5671297E","GREAT NORTHERN SD312","GREAT NORTHERN SCHOOL DISTRICT 312/ (SPOKANE WA)",56,1,9
"195",19917,"3F42001^^5672052E","TEKOA ES (TEKOA)","TEKOA ELEMENTARY SCHOOL (BOX 928)",56,1,9
"196",19918,"3F42001^^5672403E","GARDEN SPRINGS ES(SP","GARDEN SPRINGS ELEMENTARY SCHOOL (SPOKANE WA)",56,1,9
"197",19919,"3F42001^^5672447E","CHENEY JHS (CHENEY)","CHENEY JUNIOR HIGH SCHOOL (CHENEY WA)",56,1,9
"198",19920,"3F42001^^5672954E","BETZ ES (CHENEY)","BETZ ELEMENTARY (CHENEY WA)",56,1,9
"199",19921,"3F42001^^5673192E","FREEMAN HS (ROCKFORD","FREEMAN HIGH SCHOOL (ROCKFORD WA)",56,1,9
"200",19922,"3F42001^^5673308E","ROBERT REID ES(CHENE","ROBERT REID ELEMENTARY (CHENEY WA)",56,1,9
"201",19923,"3F42001^^5673309E","WINDSOR ES (SPOKANE)","WINDSOR ELEMENTARY SCHOOL (SPOKANE WA)",56,1,9
"202",19924,"3F42001^^5673416E","LIBERTY HS (SPANGLE)","LIBERTY HIGH SCHOOL (SPANGLE WA)",56,1,9
"203",19925,"3F42001^^5673418E","TEKOA HS (TEKOA)","TEKOA HIGH SCHOOL (TEKOA WA)",56,1,9
"204",19926,"3F42001^^5673610E","CHENEY HS (CHENEY)","CHENEY HIGH SCHOOL (CHENEY WA)",56,1,9
"205",19927,"3F42001^^5673761E","SALNAVE ES (CHENEY)","SALNAVE ELEMENTARY SCHOOL (CHENEY WA)",56,1,9
"206",19928,"3F42001^^5673794E","FREEMAN ES (ROCKFORD","FREEMAN ELEMENTARY SCHOOL (ROCKFORD WA)",56,1,9
"207",19929,"3F42001^^5674226E","LIBERTY JHS/ES(SPANG","LIBERTY JUNIOR HIGH - ELEMENTARY (SPANGLE WA)",56,1,9
"208",19930,"3F42001^^5678203E","SPANGLE ADVENTIST ES","SPANGLE ADVENTIST ELEMENTARY SCHOOL (SPANGLE WA)",56,1,9
"209",19931,"3F42001^^5678204E","UPPER COLUMBIA ACAD","UPPER COLUMBIA ACADEMY (SPANGLE WA)",56,1,9
"210",19932,"3F42001^^5678525E","FOUR WINDS CHRIST AC","FOUR WINDS CHRISTIAN ACADEMY OF SDA (FOUR LAKES WA)",56,1,9
"211",19933,"3F42001^^5678990E","FAIRFIELD SDA SCHOOL","FAIRFIELD S.D.A. SCHOOL (FAIRFIELD, WA)",56,1,9
"212",19935,"3F42001^^57^^^^^H","GONZAGA UNIVERSITY","GONZAGA UNIVERSITY (SPOKANE WA)",NA,1,9
"213",19939,"3F42001^^5771000E","SPOKANE SD 81","SPOKANE SCHOOL DISTRICT 81 (SPOKANE WA)",57,1,9
"214",19940,"3F42001^^5771015E","CENTRAL VALLEY SD356","CENTRAL VALLEY SCHOOL DISTRICT 356 (GREENACRES, WA)",57,1,9
"215",19941,"3F42001^^5771070E","EAST VALLEY SD(SPOKA","EAST VALLEY SCHOOL DISTRICT 361 (SPOKANE WA)",57,1,9
"216",19942,"3F42001^^5771533E","CROSSWALK ALT SCHOOL","CROSSWALK ALTERNATIVE SCHOOL (SPOKANE WA)",57,1,9
"217",19943,"3F42001^^5771602E","ALT CROSSWALK(SPOKAN","ALTERNATIVE CROSSWALK (SPOKANE WA)",57,1,9
"218",19944,"3F42001^^5771603E","DAYBREAK ALT SCHL(SP","DAYBREAK ALTERNATIVE SCHOOL (SPOKANE WA)",57,1,9
"219",19945,"3F42001^^5772045E","SHRINE HOSPITAL(SPOK","SHRINE HOSPITAL (SPOKANE WA)",57,1,9
"220",19946,"3F42001^^5772056E","HOLMES ES (SPOKANE)","HOLMES ELEMENTARY (SPOKANE WA)",57,1,9
"221",19947,"3F42001^^5772086E","ROOSEVELT ES(SPOKANE","ROOSEVELT ELEMENTARY (SPOKANE WA)",57,1,9
"222",19948,"3F42001^^5772096E","REGAL ES (SPOKANE)","REGAL ELEMENTARY SCHOOL (SPOKANE WA)",57,1,9
"223",19949,"3F42001^^5772106E","NORTH CENTRAL HS(SPO","NORTH CENTRAL HIGH SCHOOL (SPOKANE WA)",57,1,9
"224",19950,"3F42001^^5772108E","STEVENS ES (SPOKANE)","STEVENS ELEMENTARY SCHOOL (SPOKANE WA)",57,1,9
"225",19951,"3F42001^^5772109E","WILLARD ES (SPOKANE)","WILLARD ELEMENTARY SCHOOL (SPOKANE WA)",57,1,9
"226",19952,"3F42001^^5772110E","SHERIDAN ES (SPOKANE","SHERIDAN ELEMENTARY SCHOOL (SPOKANE WA)",57,1,9
"227",19953,"3F42001^^5772111E","JEFFERSON ES(SPOKANE","JEFFERSON ELEMENTARY SCHOOL (SPOKANE WA)",57,1,9
"228",19954,"3F42001^^5772113E","OPPORTUNITY ES (SPOK","OPPORTUNITY ELEMENTARY (SPOKANE WA)",57,1,9
"229",19955,"3F42001^^5772127E","FRANKLIN ES(SPOKANE)","FRANKLIN ELEMENTARY SCHOOL (SPOKANE WA)",57,1,9
"230",19956,"3F42001^^5772128E","AUDUBON ES (SPOKANE)","AUDUBON ELEMENTARY SCHOOL (SPOKANE)",57,1,9
"231",19957,"3F42001^^5772129E","COOPER ES (SPOKANE)","COOPER ELEMENTARY SCHOOL (SPOKANE WA)",57,1,9
"232",19958,"3F42001^^5772155E","BEMISS ES (SPOKANE)","BEMISS ELEMENTARY SCHOOL (SPOKANE WA)",57,1,9
"233",19959,"3F42001^^5772156E","ADAMS ES (SPOKANE)","ADAMS ELEMENTARY SCHOOL (SPOKANE WA)",57,1,9
"234",19960,"3F42001^^5772157E","GREENACRES ES","GREENACRES ELEMENTARY (GREENACRES WA)",57,1,9
"235",19961,"3F42001^^5772172E","LEWIS & CLARK HS(SPO","LEWIS & CLARK HIGH SCHOOL (SPOKANE WA)",57,1,9
"236",19962,"3F42001^^5772191E","WHITMAN ES (SPOKANE)","WHITMAN ELEMENTARY SCHOOL (SPOKANE WA)",57,1,9
"237",19963,"3F42001^^5772218E","BROWNE ES (SPOKANE)","BROWNE ELEMENTARY SCHOOL (SPOKANE WA)",57,1,9
"238",19964,"3F42001^^5772258E","HUTTON ES (SPOKANE)","HUTTON ELEMENTARY SCHOOL (SPOKANE WA)",57,1,9
"239",19965,"3F42001^^5772296E","WILSON ES (SPOKANE)","WILSON ELEMENTARY SCHOOL (SPOKANE WA)",57,1,9
"240",19966,"3F42001^^5772312E","FINCH ES (SPOKANE)","FINCH ELEMENTARY SCHOOL (SPOKANE WA)",57,1,9
"241",19967,"3F42001^^5772381E","ARLINGTON ES(SPOKANE","ARLINGTON ELEMENTARY SCHOOL (SPOKANE WA)",57,1,9
"242",19968,"3F42001^^5772479E","JOHN R ROGERS HS(SPO","JOHN R ROGERS HIGH SCHOOL (SPOKANE WA)",57,1,9
"243",19969,"3F42001^^5772653E","TRENT ES (SPOKANE)","TRENT ELEMENTARY (SPOKANE WA)",57,1,9
"244",19970,"3F42001^^5772708E","MADISON ES (SPOKANE)","MADISON ELEMENTARY SCHOOL (SPOKANE WA)",57,1,9
"245",19971,"3F42001^^5772709E","PRATT ES (SPOKANE)","PRATT ELEMENTARY SCHOOL (SPOKANE WA)",57,1,9
"246",19972,"3F42001^^5772776E","NORTH PINES JHS (SPO","NORTH PINES JUNIOR HIGH (SPOKANE WA)",57,1,9
"247",19973,"3F42001^^5772892E","BROADWAY ES (SPOKANE","BROADWAY ELEMENTARY (SPOKANE WA)",57,1,9
"248",19974,"3F42001^^5772950E","RIDGEVIEW ES(SPOKANE","RIDGEVIEW ELEMENTARY (SPOKANE WA)",57,1,9
"249",19975,"3F42001^^5772951E","LINCOLN HEIGHTS ES","LINCOLN HEIGHTS ELEMENTARY SCHOOL (SPOKANE WA)",57,1,9
"250",19976,"3F42001^^5772952E","LIDGERWOOD ES(SPOKAN","LIDGERWOOD ELEMENTARY SCHOOL (SPOKANE WA)",57,1,9
"251",19977,"3F42001^^5772953E","PROGRESS ES(VERADALE","PROGRESS ELEMENTARY SCHOOL (VERADALE WA)",57,1,9
"252",19978,"3F42001^^5772955E","OTIS ORCHARDS ES","OTIS ORCHARDS ELEMENTARY (OTIS ORCHARDS WA)",57,1,9
"253",19979,"3F42001^^5773007E","HAMBLEN ES (SPOKANE)","HAMBLEN ELEMENTARY SCHOOL (SPOKANE WA)",57,1,9
"254",19980,"3F42001^^5773008E","BRYANT SPECIAL SCHL","BRYANT SPECIAL SCHOOL (SPOKANE WA)",57,1,9
"255",19981,"3F42001^^5773063E","WESTVIEW ES(SPOKANE)","WESTVIEW ELEMENTARY SCHOOL (SPOKANE WA)",57,1,9
"256",19982,"3F42001^^5773064E","UNIVERSITY ES(SPOKAN","UNIVERSITY ELEMENTARY SCHOOL (SPOKANE)",57,1,9
"257",19983,"3F42001^^5773065E","CENTRAL VALLEY HS(VE","CENTRAL VALLEY HIGH SCHOOL (VERADALE WA)",57,1,9
"258",19984,"3F42001^^5773127E","MC DONALD ES (SPOKAN","MC DONALD ELEMENTARY SCHOOL (SPOKANE WA)",57,1,9
"259",19985,"3F42001^^5773128E","TRENTWOOD ES (SPOKAN","TRENTWOOD ELEMENTARY SCHOOL (SPOKANE WA)",57,1,9
"260",19986,"3F42001^^5773189E","SHADLE PARK HS (SPOK","SHADLE PARK HIGH SCHOOL (SPOKANE WA)",57,1,9
"261",19987,"3F42001^^5773190E","LINWOOD ES (SPOKANE)","LINWOOD ELEMENTARY SCHOOL (SPOKANE WA)",57,1,9
"262",19988,"3F42001^^5773257E","SHAW MS (SPOKANE)","SHAW MIDDLE SCHOOL (SPOKANE WA)",57,1,9
"263",19989,"3F42001^^5773258E","GLOVER MS (SPOKANE)","GLOVER MIDDLE SCHOOL (SPOKANE WA)",57,1,9
"264",19990,"3F42001^^5773259E","ADAMS ES (VERADALE)","ADAMS ELEMENTARY (VERADALE WA)",57,1,9
"265",19991,"3F42001^^5773260E","BOWDISH JHS (SPOKANE","BOWDISH JUNIOR HIGH (SPOKANE WA)",57,1,9
"266",19992,"3F42001^^5773307E","SOUTH PINES ES (SPOK","SOUTH PINES ELEMENTARY (SPOKANE WA)",57,1,9
"267",19993,"3F42001^^5773356E","SACAJAWEA JHS(SPOKAN","SACAJAWEA JUNIOR HIGH (SPOKANE WA)",57,1,9
"268",19994,"3F42001^^5773357E","BALBOA ES (SPOKANE)","BALBOA ELEMENTARY SCHOOL (SPOKANE WA)",57,1,9
"269",19995,"3F42001^^5773360E","EAST VALLEY HS(SPOKA","EAST VALLEY HIGH SCHOOL (SPOKANE WA)",57,1,9
"270",19996,"3F42001^^5773411E","JOSEPH JANTSCH HS(SP","JOSEPH JANTSCH HIGH SCHOOL (SPOKANE WA)",57,1,9
"271",19997,"3F42001^^5773412E","JOEL E FERRIS HS(SPO","JOEL E FERRIS HIGH SCHOOL (SPOKANE WA)",57,1,9
"272",19998,"3F42001^^5773413E","SALK MS (SPOKANE)","SALK MIDDLE SCHOOL (SPOKANE WA)",57,1,9
"273",19999,"3F42001^^5773415E","UNIVERSITY HS(SPOKAN","UNIVERSITY HIGH SCHOOL (SPOKANE WA)",57,1,9
"274",20000,"3F42001^^5773465E","BLAKE ES (SPOKANE)","BLAKE ELEMENTARY (SPOKANE WA)",57,1,9
"275",20001,"3F42001^^5773506E","INDIAN TRAIL ES (SPO","INDIAN TRAIL ELEMENTARY SCHOOL (SPOKANE WA)",57,1,9
"276",20002,"3F42001^^5773573E","GREENACRES JHS","GREENACRES JUNIOR HIGH SCHOOL (GREENACRES WA)",57,1,9
"277",20003,"3F42001^^5773695E","EAST VALLEY MS(SPOKA","EAST VALLEY MIDDLE SCHOOL (SPOKANE WA)",57,1,9
"278",20004,"3F42001^^5773718E","LONGFELLOW ES (SPOKA","LONGFELLOW ELEMENTARY SCHOOL (SPOKANE WA)",57,1,9
"279",20005,"3F42001^^5773719E","LOGAN ES (SPOKANE)","LOGAN ELEMENTARY (SPOKANE WA)",57,1,9
"280",20006,"3F42001^^5773727E","GARFIELD ES (SPOKANE","GARFIELD ELEMENTARY SCHOOL (SPOKANE WA)",57,1,9
"281",20007,"3F42001^^5773729E","GRANT ES (SPOKANE)","GRANT ELEMENTARY SCHOOL (SPOKANE WA)",57,1,9
"282",20008,"3F42001^^5773758E","GARRY MS (SPOKANE)","GARRY MIDDLE SCHOOL (SPOKANE WA)",57,1,9
"283",20009,"3F42001^^5773760E","KEYSTONE ES (SPOKANE","KEYSTONE ELEMENTARY SCHOOL (SPOKANE WA)",57,1,9
"284",20010,"3F42001^^5773819E","MARIAN HEIGHTS SPECI","MARIAN HEIGHTS SPECIAL SCHOOL (SPOKANE WA)",57,1,9
"285",20011,"3F42001^^5773890E","EVERGREEN JHS(VERADA","EVERGREEN JUNIOR HIGH SCHOOL (VERADALE WA)",57,1,9
"286",20012,"3F42001^^5773929E","CHESTER ES (SPOKANE)","CHESTER ELEMENTARY SCHOOL (SPOKANE WA)",57,1,9
"287",20013,"3F42001^^5773957E","ALT REAL SCHL(SPOKAN","ALTERNATIVE REAL SCHOOL (SPOKANE WA)",57,1,9
"288",20014,"3F42001^^5773967E","THE BRIDGE SPECIAL S","THE BRIDGE SPECIAL SCHOOL (SPOKANE WA)",57,1,9
"289",20015,"3F42001^^5774035E","MULLAN ROAD ES (SPOK","MULLAN ROAD ELEMENTARY (SPOKANE WA)",57,1,9
"290",20016,"3F42001^^5774097E","EAST FARMS ES(NEWMAN","EAST FARMS ELEMENTARY SCHOOL (NEWMAN LAKE WA)",57,1,9
"291",20017,"3F42001^^5774098E","PONDEROSA ES(SPOKANE","PONDEROSA ELEMENTARY (SPOKANE WA)",57,1,9
"292",20018,"3F42001^^5774112E","MT VIEW MS(NEWMAN LK","MOUNTAIN VIEW MIDDLE SCHOOL (NEWMAN LAKE WA)",57,1,9
"293",20019,"3F42001^^5774160E","SUNRISE ES (VERADALE","SUNRISE ELEMENTARY (VERADALE WA)",57,1,9
"294",20020,"3F42001^^5774185E","HORIZON JHS (SPOKANE","HORIZON JUNIOR HIGH (SPOKANE WA)",57,1,9
"295",20021,"3F42001^^5774192E","WOODRIDGE ES(SPOKANE","WOODRIDGE ELEMENTARY SCHOOL (SPOKANE WA)",57,1,9
"296",20022,"3F42001^^5774211E","SKYVIEW ES (SPOKANE)","SKYVIEW ELEMENTARY (SPOKANE WA)",57,1,9
"297",20023,"3F42001^^5774216E","ST ANNES INFANT HOME","ST ANNES INFANT HOME SPECIAL SCHOOL (SPOKANE WA)",57,1,9
"298",20024,"3F42001^^5774286E","SACRED HEART HOSP AL","SACRED HEART HOSP ALT SCHOOL (SPOKANE WA)",57,1,9
"299",20025,"3F42001^^5774389E","MORAN PRAIRIE ES (SP","MORAN PRAIRIE ELEMENTARY (SPOKANE WA)",57,1,9
"300",20026,"3F42001^^5774457E","JAMES E CHASE MS(SPO","JAMES E CHASE MIDDLE SCHOOL (SPOKANE WA)",57,1,9
"301",20027,"3F42001^^5778175E","ASSUMPTION SCHL (SPO","ASSUMPTION SCHOOL (SPOKANE WA)",57,1,9
"302",20028,"3F42001^^5778176E","GONZAGA PREPARATORY","GONZAGA PREPARATORY SCHOOL (SPOKANE WA)",57,1,9
"303",20029,"3F42001^^5778182E","NW CHRISTIAN SCHOOLS","NORTHWEST CHRISTIAN SCHOOLS (SPOKANE WA)",57,1,9
"304",20030,"3F42001^^5778183E","ALL SAINTS MS(SPOKAN","ALL SAINTS MIDDLE SCHOOL (SPOKANE WA)",57,1,9
"305",20031,"3F42001^^5778186E","SPOKANE JUNIOR ACAD","SPOKANE JUNIOR ACADEMY (SPOKANE WA)",57,1,9
"306",20032,"3F42001^^5778187E","SPOKANE LUTH SCHOOL","SPOKANE LUTHERAN SCHOOL (SPOKANE WA)",57,1,9
"307",20033,"3F42001^^5778188E","ST ALOYSIUS SCHL(SPO","ST. ALOYSIUS SCHOOL (SPOKANE WA)",57,1,9
"308",20034,"3F42001^^5778190E","TRINITY SCHL(SPOKANE","TRINITY SCHOOL (SPOKANE WA)",57,1,9
"309",20035,"3F42001^^5778191E","CATALDO SCHL(SPOKANE","CATALDO SCHOOL (SPOKANE WA)",57,1,9
"310",20036,"3F42001^^5778192E","ST CHARLES (SPOKANE)","ST. CHARLES SCHOOL (SPOKANE WA)",57,1,9
"311",20037,"3F42001^^5778194E","ST FRANCIS SCHL(SPOK","ST FRANCIS SCHOOL (SPOKANE WA)",57,1,9
"312",20038,"3F42001^^5778195E","ST PATRICKS SCHL (SP","ST. PATRICKS SCHOOL (SPOKANE WA)",57,1,9
"313",20039,"3F42001^^5778196E","ALL SAINTS ES(SPOKAN","ALL SAINTS PRIMARY SCHOOL (SPOKANE WA)",57,1,9
"314",20040,"3F42001^^5778201E","ST MARY SCHL(SPOKANE","ST. MARY SCHOOL (SPOKANE WA)",57,1,9
"315",20041,"3F42001^^5778202E","SPOKANE VALLEY ADVEN","SPOKANE VALLEY ADVENTIST SCHOOL (SPOKANE WA)",57,1,9
"316",20042,"3F42001^^5778293E","ST MATTHEWS LUTHERAN","ST. MATTHEW'S LUTHERAN SCHOOL (SPOKANE WA)",57,1,9
"317",20043,"3F42001^^5778360E","VALLEY CHRISTIAN(SPO","VALLEY CHRISTIAN SCHOOL (SPOKANE WA)",57,1,9
"318",20044,"3F42001^^5778363E","GETHSEMANE LUTH SCHL","GETHSEMANE LUTHERAN SCHOOL (SPOKANE WA)",57,1,9
"319",20045,"3F42001^^5778724E","PIONEER SCHL(VERADAL","PIONEER SCHOOL (VERADALE WA)",57,1,9
"320",20046,"3F42001^^5778740E","DISCOVERY SCHL(SPOKA","DISCOVERY SCHOOL (SPOKANE WA)",57,1,9
"321",20047,"3F42001^^5778868E","DYNAMIC CHRIST ACAD","DYNAMIC CHRISTIAN ACADEMY (SPOKANE WA)",57,1,9
"322",20048,"3F42001^^5778893E","MONTESSORI SCHLS(SP","MONTESSORI SCHOOLS OF SPOKANE (SPOKANE WA)",57,1,9
"323",20049,"3F42001^^5778947E","INLAND TRIBAL CONSOR","INLAND TRIBAL CONSORTIUM SCHOOL (SPOKANE WA)",57,1,9
"324",20050,"3F42001^^5778996E","WESTGATE CHRIST SCHL","WESTGATE CHRISTIAN SCHOOL (SPOKANE, WA)",57,1,9
"325",20052,"3F42001^^580428^H01","SHERMAN CR HATCHERY","SHERMAN CREEK TROUT HATCHERY",58,1,13
"326",20055,"3F42001^^5871206E","COLUMBIA SD 206(HUNT","COLUMBIA SCHOOL DISTRICT 206 (HUNTERS WA)",58,1,9
"327",20056,"3F42001^^5871227E","INCHELIUM SD 70","INCHELIUM SCHOOL DISTRICT 70 (INCHELIUM WA)",58,1,9
"328",20057,"3F42001^^5871302E","EVERGREEN SD 205(HUN","EVERGREEN SCHOOL DISTRICT 205 (HUNTERS WA)",58,1,9
"329",20058,"3F42001^^5872603E","INCHELIUM K-12","INCHELIUM K-12 (INCHELIUM WA)",58,1,NA
"330",20059,"3F42001^^5873197E","EVERGREEN SD(HUNTERS","EVERGREEN SCHOOL DISTRICT (HUNTERS WA)",58,1,9
"331",20060,"3F42001^^5873508E","COLUMBIA HS/ES(BURBA","COLUMBIA HIGH AND ELEMENTARY (HUNTERS WA)",58,1,9
"332",20061,"3F42001^^5873726E","HAZELMERE ES (INCHEL","HAZELMERE ELEMENTARY (INCHELIUM WA)",58,1,9
"333",20063,"3F42001^^590003^H01","COLVILLE TRIBE HATCHERY","COLVILLE TRIBE HATCHERY",59,1,NA
"334",20065,"3F42001^^590188^H","COLVILLE HATCHERY","COLVILLE HATCHERY ON UNNAMED STREAM/CANAL RUNNING THRU COLVILLE",59,1,13
"335",20067,"3F42001^^5971086E","COLVILLE SD 115","COLVILLE SCHOOL DISTRICT 115 (COLVILLE WA)",59,1,9
"336",20068,"3F42001^^5971122E","CHEWELAH SD 36","CHEWELAH SCHOOL DISTRICT 36 (CHEWELAH WA)",59,1,9
"337",20069,"3F42001^^5971152E","KETTLE FALLS SD 212","KETTLE FALLS SCHOOL DISTRICT 212 (KETTLE FALLS WA)",59,1,9
"338",20070,"3F42001^^5971183E","MARY WALKER SD 207","MARY WALKER SCHOOL DISTRICT 207 (SPRINGDALE WA)",59,1,9
"339",20071,"3F42001^^5971299E","VALLEY SD 070","VALLEY SCHOOL DISTRICT 070 (VALLEY WA)",59,1,9
"340",20072,"3F42001^^5971300E","LOON LK SD 183(LOON","LOON LAKE SCHOOL DISTRICT 183 (LOON LAKE WA)",59,1,9
"341",20073,"3F42001^^5971301E","SUMMIT VALLEY SD(ADD","SUMMIT VALLEY SCHOOL DISTRICT (ADDY WA)",59,1,9
"342",20074,"3F42001^^5971594E","PANORAMA ALT SECONDA","PANORAMA ALTERNATIVE SECONDARY (COLVILLE WA)",59,1,9
"343",20075,"3F42001^^5972049E","ONION CR SD 30(COLVI","ONION CREEK SCHOOL DISTRICT #30/ (COLVILLE WA)",61,1,9
"344",20076,"3F42001^^5972385E","KETTLE FALLS ES","KETTLE FALLS ELEMENTARY (KETTLE FALLS WA)",59,1,9
"345",20077,"3F42001^^5972404E","JENKINS HS (CHEWELAH","JENKINS SENIOR HIGH (CHEWELAH WA)",59,1,9
"346",20078,"3F42001^^5972405E","VALLEY ES (VALLEY)","VALLEY ELEMENTARY (VALLEY WA)",59,1,9
"347",20079,"3F42001^^5972480E","LOON LK ES (LOON LK)","LOON LAKE ELEMENTARY (LOON LAKE WA)",59,1,9
"348",20080,"3F42001^^5972582E","ASTER ES (COLVILLE)","ASTER ELEMENTARY SCHOOL (COLVILLE WA)",59,1,9
"349",20081,"3F42001^^5972664E","GESS ES (CHEWELAH)","GESS ELEMENTARY (CHEWELAH WA)",59,1,9
"350",20082,"3F42001^^5972957E","HOFSTETTER ES(COLVIL","HOFSTETTER ELEMENTARY (COLVILLE WA)",59,1,9
"351",20083,"3F42001^^5973009E","JENKINS MS (CHEWELAH","JENKINS MIDDLE SCHOOL (CHEWELAH WA)",59,1,9
"352",20084,"3F42001^^5973198E","KETTLE FALLS MS","KETTLE FALLS MIDDLE SCHOOL (KETTLE FALLS WA)",59,1,9
"353",20085,"3F42001^^5973310E","COLVILLE HS(COLVILLE","COLVILLE HIGH SCHOOL (COLVILLE WA)",59,1,9
"354",20086,"3F42001^^5973311E","MARY WALKER HS(SPRIN","MARY WALKER HIGH SCHOOL (SPRINGDALE WA)",59,1,9
"355",20087,"3F42001^^5973831E","COLVILLE JHS","COLVILLE JUNIOR HIGH SCHOOL (COLVILLE WA)",59,1,9
"356",20088,"3F42001^^5973894E","SPRINGDALE MS ES(SPR","SPRINGDALE MIDDLE & ELEMENTARY (SPRINGDALE WA)",59,1,9
"357",20089,"3F42001^^5974180E","FORT COLVILLE MS","FORT COLVILLE (COLVILLE WA)",59,1,9
"358",20090,"3F42001^^5974206E","KETTLE FALLS HS","KETTLE FALLS HIGH SCHOOL (KETTLE FALLS WA)",59,1,9
"359",20091,"3F42001^^5978656E","JOHNSON CHRIST SCHL","JOHNSON CHRISTIAN SCHOOL (COLVILLE WA)",59,1,9
"360",20101,"3F42001^^600288^H02","CURLEW LK NET PEN","CURLEW LK NET PEN  (8DHXKB) FERRY CO. T37N-R33E  WRIA=60 REG=1",60,1,NA
"361",20110,"3F42001^^6071271E","ORIENT SD 065(ORIENT","ORIENT SCHOOL DISTRICT 065 (ORIENT WA)",60,1,9
"362",20114,"3F42001^^6171207E","NORTHPORT SD 211","NORTHPORT SCHOOL DISTRICT 211 (NORTHPORT WA)",61,1,9
"363",20115,"3F42001^^6172958E","NORTHPORT ES JHS HS","NORTHPORT JR-SR HIGH/ELEMENTARY (NORTHPORT)",61,1,9
"364",20117,"3F42001^^62^^^^^H","NEW COOPER PROJECT","NEW COOPERATIVE PROJECT (PEND OREILLE CO)",62,1,NA
"365",20120,"3F42001^^620002^H04","BLUE SLIDE NET PEN","BLUE SLIDE NET PEN ON PEND OREILLE RIVER",62,1,9
"366",20121,"3F42001^^620002^H05","IONE NET PENS","IONE NET PEN ON PEND OREILLE RIVER (AKA: BLUE SLIDE)",62,1,9
"367",20183,"3F42001^^6271120E","NEWPORT SD 56-415","NEWPORT SCHOOL DISTRICT 56-415 (NEWPORT WA)",62,1,9
"368",20184,"3F42001^^6271181E","CUSICK SD 59 (CUSICK","CUSICK SCHOOL DISTRICT 59 (CUSICK WA)",62,1,9
"369",20185,"3F42001^^6271182E","SELKIRK SD 70(METALI","SELKIRK SCHOOL DISTRICT 70 (METALINE FALLS WA)",62,1,9
"370",20186,"3F42001^^6272423E","CUSICK JHS/HS(CUSICK","CUSICK JUNIOR-SENIOR HIGH (CUSICK WA)",62,1,9
"371",20187,"3F42001^^6272518E","NEWPORT HS (NEWPORT)","NEWPORT HIGH SCHOOL (NEWPORT WA)",62,1,9
"372",20188,"3F42001^^6272770E","SUPERINTENDENT(CUSIC","SUPERINTENDENT (CUSICK WA)",62,1,NA
"373",20189,"3F42001^^6272869E","SADIE HALSTEAD ES(NE","SADIE HALSTEAD ELEMENTARY SCHOOL (NEWPORT WA)",62,1,9
"374",20190,"3F42001^^6272936E","IONE ES (IONE)","IONE PRIMARY (IONE WA)",62,1,9
"375",20191,"3F42001^^6273177E","LILLIAN BAILEY ES","LILLIAN BAILEY ELEMENTARY (METALINE FALLS WA)",62,1,9
"376",20192,"3F42001^^6273497E","SELKIRK JHS HS(IONE)","SELKIRK JUNIOR-SENIOR HIGH (IONE WA)",62,1,9
"377",20193,"3F42001^^6273968E","NEWPORT JHS (NEWPORT","NEWPORT JUNIOR HIGH (NEWPORT WA)",62,1,9
"378",20199,"3F42001^^DISP^^^F01","SNAKE R LAB - WDFW","SNAKE RIVER LAB - WDFW  (DAYTON)",33,1,NA
"379",20213,"3F42001^^UNK^^^^H","PEND OREILLE CO PUD","PEND OREILLE COUNTY PUBLIC UTILITIES DISTRICT",NA,1,NA
"380",20224,"3F510^52^8YYVG8^R","FERRY LK (FERR)","FERRY LK  (8YYVG8) FERRY CO.  T32N-R35E  WRIA=52 REG=1",52,1,NA
"381",20245,"3F511^59^470QLT^H","DEER LK NET PENS","DEER LAKE NETPEN (470QLT) STEVENS CO. T30N-R41E  WRIA=59 REG=1 ELEV=2482",59,1,NA
"382",20246,"3F511^59^470QLT^H01","DEER LK NET PEN #1","DEER LAKE NETPEN #1 (470QLT) STEVENS CO. T30N-R41E  WRIA=59 REG=1 ELEV=2482",59,1,NA
"383",20247,"3F511^59^470QLT^H02","DEER LK NET PEN #2","DEER LAKE NETPEN #2 (470QLT) STEVENS CO. T30N-R41E  WRIA=59 REG=1 ELEV=2482",59,1,NA
"384",20249,"3F511^59^4BDPZW^H01","LOON LK NET PEN","LOON LAKE NET PEN  (4BDPZW) STEVENS CO. S33-T30N-R41E  WRIA=59 REG=1 ELEV=2381",59,1,NA
"385",20258,"3F511^59^4ZWRA4^H","WAITTS LK NET PENS","WAITTS LAKE NET PENS",59,1,NA
"386",20290,"3F512^55^2PJQRY^H","DIAMOND LK NP","DIAMOND LK NP  (2PJQRY) PEND OREILLE CO. WRIA=55 REG=1",55,1,NA
"387",20302,"3F512^62^^^^^^^^H","SULLIVAN LK CO-OP","SULLIVAN LK CO-OP (PEND OREILLE CO)",62,1,NA
"388",20316,"3F512^62^32PRN3^H","DAVIS LK NP","DAVIS LK NP  (32PRN3) PEND OREILLE CO. WRIA=55 REG=1",62,1,NA
"389",20323,"3F512^62^386YSR^H","LIME LK NET PEN","LIME LK NET PEN  (386YSR) PEND OREILLE CO 39N-43E WRIA=62 REG=1 AREA=9 ELEV=2550",62,1,NA
"390",20349,"3F514^34^44HHKM^H","CHAPMAN LK HATCHERY","CHAPMAN LK  (44HHKM) SPOKANE CO. T22N-R41E  WRIA=34 REG=1 AREA=146 ELEV=2145",34,1,NA
"391",20352,"3F514^34^4FNKKR^H","SILVER LK NP","SILVER LK NP (4FNKKR) SPOKANE CO T24N-R41E  WRIA=34 REG=1",34,1,NA
"392",23176,"4F-1706030800100.10","N.FK. CLEARWATER R.","NORTH FORK CLEARWATER RIVER AT DWORSHAK NATIONAL FISH HATCHERY",NA,1,NA
"393",23237,"5F33438^^H38^^^^21","OREGON- IRRIGON HATCHERY","OREGON- IRRIGON HATCHERY -ODFW",NA,1,NA
"394",23249,"5F33530^^H30^^^^21","WALLOWA HATCHERY","WALLOWA HATCHERY",35,1,NA
"395",23657,"3F42001^^5671041E","EASTERN WA UNIV","EASTERN WASHINGTON UNIVERSITY",56,1,NA
"396",24102,"3F42001^^32^^^^^H","TRI STATE STEELHEADER","TRI STATE STEELHEADERS CLUB WALLA WALLA COUNTY",32,1,NA
"397",24327,"3F42001^^590003^H03","COLVILLE TRIBE","COLVILLE TRIBE",59,1,NA
"398",24368,"3F42001^^57^^^^^H05","STACEY SELCHO COOP","STACEY SELCHO COOP (SPOKANE WA)",57,1,NA
"399",24369,"3F42001^^59^^^^^E","FORT COLVILLE ES","FORT COLVILLE ELEMENTARY SCHOOL(COLVILLE WA)",59,1,NA
"400",24370,"3F42001^^55^^^^^E","MOUNTAINSIDE MS","MOUNTAINSIDE MIDDLE SCHOOL (COLBERT WA)",55,1,NA
"401",24371,"3F42001^^35^^^^^E","ASOTIN CONSERVATION DIST","ASOTIN CONSERVATION DISTRICT (CLARKSTON WA)",35,1,NA
"402",24372,"3F42001^^32^^^^^E","LINCOLN ALT. SCHOOL","LINCOLN ALTERNATIVE SCHOOL (WALLA WALLA)",32,1,NA
"403",24473,"3F^^^^^^^^^^^^^^H05","WDFW REGION 1 LAB","WDFW REGION 1 LAB",NA,1,NA
"404",24576,"3F42001^^590003^H02","COLVILLE CONFEDERATED TRIBE","COLVILLE CONFEDERATED TRIBE",59,1,NA
"405",24627,"3F42001^^5778997E","EVERGREEN MS (SPOK)","EVERGREEN MS (SPOK)",NA,1,NA
"406",24709,"3F42001^^6171208E","NORTHPORT SCHOOL","NORTHPORT SCHOOL, 404 10TH ST NORTHPORT",NA,1,NA
"407",24775,"3F42001^^350916^R","PENAWAWA CR   35.0916","PENAWAWA CR   35.0916 SNAKE R TRIB",35,1,NA
"408",25806,"3F10513^^1471084E","SALMON FOR SOLDIERS","SALMON FOR SOLDIERS, 41 E RHODODENDRON LN. UNION, WA 98592",NA,1,NA
"409",25807,"3F10308^^0771008E","SNOQUALMIE (VALLEY) FOOD BANK","SNOQUALMIE VALLEY FOOD BANK, 122 E 3RD ST, NORTH BEND, WA 98045",NA,1,NA
"410",25808,"3F42001^^260464^H01","JACKSON PRAIRIE CHURCH","JACKSON PRAIRIE CHURCH, 4224 JACKSON HIGHWAY CHEHALIS, WASHINGTON 98532",NA,1,NA
"411",25809,"3F10707^^0271198E","ORCAS ISLAND PUBLIC SCHOOL","ORCAS ISLAND SCHOOL DISTRICT, 557 SCHOOL ROAD EASTSOUND, WASHINGTON 98245",NA,1,NA
"412",25810,"3F42001^^2671033E","FIRST CHURCH OF GOD","FIRST CHURCH OF GOD, 1251 MAIN AVE, MORTON, WA 98356",NA,1,NA
"413",25913,"3F42001^^5470102E","EXCELSIOR HOLISTIC SCHOOL","EXCELSIOR HOLISTIC SCHOOL",54,1,NA
"414",27965,"3F42001^^57^^^^^H06","UPPER COLUMBIA UNITED TRIBES (SPOK)","UPPER COLUMBIA UNITED TRIBES (SPOK)",57,1,NA
"415",28024,"3F42001^^5771001E","LIBERTY LAUNCH ACADEMY (SPOK)","LIBERTY LAUNCH ACADEMY (SPOK)",57,1,NA
"416",28030,"3F42001^^3400000E","ROCK LAKE CONSERVATION DISTRICT","ROCK LAKE CONSERVATION DISTRICT",34,1,NA
"417",28055,"3F42001^^620786^H","USK FISH HATCHERY","USK HATCHERY- NATIVE SALMONID CONSERVATION FACILITY",62,1,NA
"418",28097,"3F42001^^5571040E","SPOKANE INTERNATIONAL ACADEMY","SPOKANE INTERNATIONAL ACADEMY",55,1,NA
"419",178,"3F^2^^^^^^^^^^^^E","REG 2 ED COOPS","WASHINGTON REGION 2 EDUACATIONAL COOPS -UNSPECIFIED",NA,2,NA
"420",17743,"3F42001^^^^^^^^^H01","TURTLE ROCK+CHELAN PUD","TURTLE ROCK HATCHERY AND CHELAN PUD HATCHERY",NA,2,NA
"421",17744,"3F42001^^^^^^^^^H02","TURTLE ROCK+CHELAN HAT","TURTLE ROCK HATCHERY AND CHELAN HATCHERY",NA,2,NA
"422",17745,"3F42001^^^^^^^^^H04","TURTLE ROCK+BLACKBIRD PD","TURTLE ROCK HATCHERY AND BLACKBIRD ISLAND PONDS",45,2,NA
"423",19351,"3F42001^^411199^H","COLUMBIA BASIN HATCHERY","COLUMBIA BASIN HATCHERY",41,2,10
"424",19352,"3F42001^^411199^H01","COLUMBIA BASIN WW","COLUMBIA BASIN WARM WATER",41,2,NA
"425",19355,"3F42001^^4171020E","MOSES LK SD 161 (MOS","MOSES LAKE SCHOOL DISTRICT 161 (MOSES LAKE WA)",41,2,9
"426",19356,"3F42001^^4171044E","OTHELLO SD 147","OTHELLO SCHOOL DISTRICT 147 (OTHELLO WA)",41,2,9
"427",19357,"3F42001^^4171089E","QUINCY SD 144","QUINCY SCHOOL DISTRICT 144 (QUINCY WA)",41,2,9
"428",19358,"3F42001^^4171090E","EPHRATA SD 165","EPHRATA SCHOOL DISTRICT 165 (EPHRATA WA)",41,2,9
"429",19359,"3F42001^^4171127E","ROYAL SD 160(ROYAL C","ROYAL SCHOOL DISTRICT 160 (ROYAL CITY WA)",41,2,9
"430",19360,"3F42001^^4171154E","RITZVILLE SD 160","RITZVILLE SCHOOL DISTRICT 160 (RITZVILLE WA)",41,2,9
"431",19361,"3F42001^^4171156E","WARDEN SD 146","WARDEN SCHOOL DISTRICT 146 (WARDEN WA)",41,2,9
"432",19362,"3F42001^^4171188E","LIND SD 158 (LIND)","LIND SCHOOL DISTRICT 158/ (LIND WA)",41,2,9
"433",19363,"3F42001^^4171571E","DISCOVER ES(MOSES LK","DISCOVER ELEMENTARY (MOSES LAKE WA)",41,2,9
"434",19364,"3F42001^^4172132E","RITZVILLE HS(RITZVIL","RITZVILLE HIGH SCHOOL (RITZVILLE WA)",41,2,9
"435",19365,"3F42001^^4172510E","QUINCY JHS (QUINCY)","QUINCY JUNIOR HIGH (QUINCY WA)",41,2,9
"436",19366,"3F42001^^4172673E","FRONTIER JHS(MOSES L","FRONTIER JUNIOR HIGH (MOSES LAKE WA)",41,2,9
"437",19367,"3F42001^^4172719E","RITZVILLE GRADE SCHL","RITZVILLE GRADE SCHOOL (RITZVILLE WA)",41,2,9
"438",19368,"3F42001^^4172792E","WARDEN ES (WARDEN)","WARDEN ELEMENTARY (WARDEN WA)",41,2,9
"439",19369,"3F42001^^4172793E","COLUMBIA RIDGE ES(EP","COLUMBIA RIDGE ELEMENTARY (EPHRATA WA)",41,2,9
"440",19370,"3F42001^^4172832E","PENINSULA ES(MOSES L","PENINSULA ELEMENTARY SCHOOL (MOSES LAKE WA)",41,2,9
"441",19371,"3F42001^^4172833E","KNOLLS VISTA ES(MOSE","KNOLLS VISTA ELEMENTARY (MOSES LAKE WA)",41,2,9
"442",19372,"3F42001^^4172902E","LUTACAGA ES (OTHELLO","LUTACAGA ELEMENTARY SCHOOL (OTHELLO WA)",41,2,9
"443",19373,"3F42001^^4172903E","LIND JHS HS (LIND)","LIND JUNIOR-SENIOR HIGH SCHOOL (LIND WA)",41,2,9
"444",19374,"3F42001^^4172919E","PIONEER ES (QUINCY)","PIONEER ELEMENTARY (QUINCY WA)",41,2,9
"445",19375,"3F42001^^4172920E","EPHRATA HS (EPHRATA)","EPHRATA HIGH SCHOOL (EPHRATA WA)",41,2,9
"446",19376,"3F42001^^4172961E","HIAWATHA ES (OTHELLO","HIAWATHA ELEMENTARY (OTHELLO WA)",41,2,9
"447",19377,"3F42001^^4172969E","LAKEVIEW ES(MOSES LK","LAKEVIEW ELEMENTARY (MOSES LAKE WA)",41,2,9
"448",19378,"3F42001^^4172970E","MIDWAY ES (MOSES LK)","MIDWAY ELEMENTARY (MOSES LAKE WA)",41,2,9
"449",19379,"3F42001^^4173015E","OTHELLO HS (OTHELLO)","OTHELLO HIGH SCHOOL (OTHELLO WA)",41,2,9
"450",19380,"3F42001^^4173020E","MT VIEW ES (QUINCY)","MOUNTAIN VIEW ELEMENTARY (QUINCY WA)",41,2,9
"451",19381,"3F42001^^4173021E","LARSON HEIGHTS ES(MO","LARSON HEIGHTS ELEMENTARY (MOSES LAKE WA)",41,2,9
"452",19382,"3F42001^^4173022E","CHIEF MOSES JHS(MOSE","CHIEF MOSES JUNIOR HIGH (MOSES LAKE WA)",41,2,9
"453",19383,"3F42001^^4173088E","QUINCY HS (QUINCY)","QUINCY HIGH SCHOOL (QUINCY)",41,2,9
"454",19384,"3F42001^^4173090E","CENTRAL EMERSON ES","CENTRAL EMERSON PRIMARY CENTER (ROYAL CITY WA)",41,2,9
"455",19385,"3F42001^^4173091E","GARDEN HEIGHTS ES(MO","GARDEN HEIGHTS ELEMENTARY (MOSES LAKE WA)",41,2,9
"456",19386,"3F42001^^4173092E","GRANT ES (EPHRATA)","GRANT ELEMENTARY SCHOOL (EPHRATA WA)",41,2,9
"457",19387,"3F42001^^4173153E","LONGVIEW ES (MOSES L","LONGVIEW ELEMENTARY (MOSES LAKE WA)",41,2,9
"458",19388,"3F42001^^4173215E","MOSES LK HS (MOSES L","MOSES LAKE HIGH SCHOOL (MOSES LAKE WA)",41,2,9
"459",19389,"3F42001^^4173273E","WARDEN HS (WARDEN)","WARDEN HIGH SCHOOL (WARDEN WA)",41,2,9
"460",19390,"3F42001^^4173373E","EPHRATA MS (EPHRATA)","EPHRATA MIDDLE SCHOOL (EPHRATA WA)",41,2,9
"461",19391,"3F42001^^4173426E","GEORGE ES (GEORGE)","GEORGE ELEMENTARY (GEORGE WA)",41,2,9
"462",19392,"3F42001^^4173471E","ROBERT MCFARLAND JHS","ROBERT B MCFARLAND JUNIOR HIGH (OTHELLO WA)",41,2,9
"463",19393,"3F42001^^4173516E","ROYAL HS (ROYAL CITY","ROYAL HIGH SCHOOL (ROYAL CITY WA)",41,2,9
"464",19394,"3F42001^^4173620E","ROYAL MS (ROYAL CITY","ROYAL MIDDLE SCHOOL (ROYAL CITY WA)",41,2,9
"465",19395,"3F42001^^4173730E","SCOOTNEY SPRINGS ES","SCOOTNEY SPRINGS ELEMENTARY (OTHELLO WA)",41,2,9
"466",19396,"3F42001^^4173779E","NORTH ES (MOSES LK)","NORTH ELEMENTARY (MOSES LAKE WA)",41,2,9
"467",19397,"3F42001^^4173909E","WARDEN MS (WARDEN)","WARDEN MIDDLE SCHOOL (WARDEN WA)",41,2,9
"468",19398,"3F42001^^4174229E","BEASLEY SPRINGS ES","BEASLEY SPRINGS ELEMENTARY (EPHRATA WA)",41,2,9
"469",19399,"3F42001^^4174243E","COLUMBIA BASIN ALT HS","COLUMBIA BASIN ALTERNATIVE HIGH (MOSES LAKE WA)",41,2,9
"470",19400,"3F42001^^4178020E","MOSES LK SDA SCHOOL","MOSES LAKE SDA SCHOOL (MOSES LAKE WA)",41,2,9
"471",19401,"3F42001^^4178021E","ST ROSE OF LIMA(EPHR","ST. ROSE OF LIMA SCHOOL (EPHRATA WA)",41,2,9
"472",19402,"3F42001^^4178351E","DAY STAR CHRIST ACAD","DAY STAR CHRISTIAN ACADEMY (MOSES LAKE WA)",41,2,9
"473",19403,"3F42001^^4178356E","MOSES LK CHRIST SCHL","MOSES LAKE CHRISTIAN SCHOOL (MOSES LAKE WA)",41,2,9
"474",19404,"3F42001^^4178595E","STAHLVILLE SCHL(RITZ","STAHLVILLE SCHOOL (RITZVILLE WA)",41,2,9
"475",19405,"3F42001^^4178605E","NEW LIFE CHRIST SCHL","NEW LIFE CHRISTIAN SCHOOL (EPHRATA WA)",41,2,9
"476",19406,"3F42001^^4178768E","WHISPERING WINDS SDA","WHISPERING WINDS S.D.A. SCHOOL (QUNICY  WA)",41,2,9
"477",19407,"3F42001^^4178954E","AGAPE BOARDING SCHL","AGAPE BOARDING SCHOOL (OTHELLO, WA)",41,2,9
"478",19408,"3F42001^^4178979E","OTHELLO CHRIST SCHL","OTHELLO CHRISTIAN SCHOOL (OTHELLO, WA)",41,2,9
"479",19409,"3F42001^^4178987E","LIBERTY BELL ACADEMY","LIBERTY BELL ACADEMY (OTHELLO, WA)",41,2,9
"480",19410,"3F42001^^4178994E","MID-COLUMBIA CHRIST","MID-COLUMBIA CHRISTIAN SCHOOL (OTHELLO, WA)",41,2,9
"481",19411,"3F42001^^420097^H02","COULEE CITY NP-BANKS","COULEE CITY NET PENS ON BANKS LAKE",42,2,NA
"482",19412,"3F42001^^420097^H04","POWER INC NP-BANKS L","POWER INC. NET PENS ON BANKS LAKE",42,2,NA
"483",19414,"3F42001^^4271189E","SOAP LK SD 156 (SOAP","SOAP LAKE SCHOOL DISTRICT 156 (SOAP LAKE WA)",42,2,9
"484",19415,"3F42001^^4271218E","COULEE-HARTLINE DIST","COULEE-HARTLINE SCHOOL DISTRICT 151 (COULEE CITY WA)",42,2,9
"485",19416,"3F42001^^4272304E","COULEE CITY MS(COULE","COULEE CITY MIDDLE SCHOOL (COULEE CITY WA)",42,2,9
"486",19417,"3F42001^^4272693E","COULEE CITY ES(COULE","COULEE CITY ELEMENTARY (COULEE CITY WA)",42,2,9
"487",19418,"3F42001^^4272694E","DELANCEY-HOUGHTON ES","DELANCEY-HOUGHTON ELEMENTARY (SOAP LAKE WA)",42,2,9
"488",19419,"3F42001^^4272968E","ALMIRA/COULEE-HARTLI","ALMIRA/COULEE-HARTLINE HIGH (HARTLINE WA)",42,2,9
"489",19420,"3F42001^^4273089E","SOAP LK JHS HS (SOAP","SOAP LAKE JUNIOR-SENIOR HIGH (SOAP LAKE WA)",42,2,9
"490",19446,"3F42001^^440001^H04","TURTLE ROCK HATCHERY","TURTLE ROCK HATCHERY (FORMERLY: ROCKY REACH HATCHERY - 'ANNEX')",44,2,3
"491",19447,"3F42001^^440001^H05","EASTBANK HATCHERY","EASTBANK HATCHERY  (IMMEDIATELY UPSTREAM OF ROCKY REACH DAM)",44,2,3
"492",19448,"3F42001^^440001^H06","EASTBANK STEELHEAD","EASTBANK (STLHD)",44,2,NA
"493",19449,"3F42001^^440001^H43","ROCKY REACH ANNEX","ROCKY REACH ANNEX",44,2,3
"494",19458,"3F42001^^4471050E","EASTMONT SD(E WENATC","EASTMONT SCHOOL DISTRICT 206 (EAST WENATCHEE WA)",44,2,9
"495",19459,"3F42001^^4471194E","WATERVILLE SD 209","WATERVILLE SCHOOL DISTRICT 209 (WATERVILLE WA)",44,2,9
"496",19460,"3F42001^^4471267E","ORONDO SD 013(ORONDO","ORONDO SCHOOL DISTRICT 013 (ORONDO WA)",44,2,9
"497",19461,"3F42001^^4471268E","PALISADES SD 102","PALISADES SCHOOL DISTRICT 102 (PALISADES WA)",44,2,9
"498",19462,"3F42001^^4472161E","WATERVILLE ES","WATERVILLE ELEMENTARY (WATERVILLE)",44,2,9
"499",19463,"3F42001^^4472162E","WATERVILLE JHS HS","WATERVILLE JUNIOR-SENIOR HIGH (WATERVILLE)",44,2,9
"500",19464,"3F42001^^4472563E","ROCK IS ES(WENATCHEE","ROCK ISLAND ELEMENTARY (WENATCHEE WA)",44,2,9
"501",19465,"3F42001^^4472666E","ORONDO ES (ORONDO)","ORONDO ELEMENTARY SCHOOL (ORONDO WA)",44,2,9
"502",19466,"3F42001^^4472727E","EASTMONT HS(WENATCHE","EASTMONT SENIOR HIGH (WENATCHEE WA)",44,2,9
"503",19467,"3F42001^^4472966E","GRANT ES (E WENATCHE","GRANT ELEMENTARY SCHOOL (EAST WENATCHEE WA)",44,2,9
"504",19468,"3F42001^^4473083E","ROBERT E LEE ES(E WE","ROBERT E LEE ELEMENTARY (EAST WENATCHEE WA)",44,2,9
"505",19469,"3F42001^^4473212E","KENROY ES (E WENATCH","KENROY ELEMENTARY (EAST WENATCHEE WA)",44,2,9
"506",19470,"3F42001^^4473372E","EASTMONT JHS(WENATCH","EASTMONT JUNIOR HIGH (WENATCHEE WA)",44,2,9
"507",19471,"3F42001^^4473659E","CASCADE ES (EAST WEN","CASCADE ELEMENTARY (EAST WENATCHEE WA)",44,2,9
"508",19472,"3F42001^^4474095E","STERLING MS(EAST WEN","STERLING MIDDLE SCHOOL (EAST WENATCHEE WA)",44,2,9
"509",19479,"3F42001^^450030^H","DRYDEN POND","DRYDEN POND ON WENATCHEE RIVER",45,2,3
"510",19480,"3F42001^^450030^H02","LK WENATCHEE NET PENS","WENATCHEE NET PENS -WDFW (IN LK WENATCHEE)",45,2,3
"511",19481,"3F42001^^450030^H71","CHIWAWA+TUMWATER FCF","CHIWAWA HATCHERY AND TUMWATER DAM FISH COLLECTION FACILITY  (WENATCHEE R)",45,2,NA
"512",19484,"3F42001^^450030^R51","DRYDEN DAM FCF","DRYDEN DAM FISH COLLECTION FACILITY ON WENATCHEE RIVER",45,2,NA
"513",19486,"3F42001^^450030^R53","TUMWATER DAM FCF","TUMWATER DAM FISH COLLECTION FACILITY ON WENATCHEE RIVER AT RM 52.6",45,2,NA
"514",19501,"3F42001^^450474^H","LEAVENWORTH HATCHERY","LEAVENWORTH HATCHERY - ICICLE CREEK   USFWS",45,2,NA
"515",19509,"3F42001^^450751^R01","BEAVER CR ACCL. POND 45.0751@RM0.8","BEAVER CR ACCLIMATION POND ON 45.0751@RM0.8",45,2,NA
"516",19510,"3F42001^^450759^H","CHIWAWA HATCHERY","CHIWAWA HATCHERY (FORMERLY:CHIWAWA RIVER REARING PONDS) (WENATCHEE)",45,2,3
"517",19553,"3F42001^^456006^H","EASTMONT FFA","EASTMONT FUTURE FARMERS OF AMERICA",45,2,9
"518",19554,"3F42001^^4570171E","NORTHCENTRAL ESD(WEN","NORTHCENTRAL ESD (WENATCHEE WA)",45,2,9
"519",19555,"3F42001^^4571021E","WENATCHEE SD 246","WENATCHEE SCHOOL DISTRICT 246 (WENATCHEE WA)",45,2,9
"520",19556,"3F42001^^4571094E","CASHMERE SD 222","CASHMERE SCHOOL DISTRICT 222 (CASHMERE WA)",45,2,9
"521",19557,"3F42001^^4571132E","CASCADE SD 228(LEAVE","CASCADE SCHOOL DISTRICT 228 (LEAVENWORTH WA)",45,2,9
"522",19558,"3F42001^^4571613E","WENATCHEE VALLEY ALT","WENATCHEE VALLEY ALTERNATIVE HIGH (WENATCHEE WA)",45,2,9
"523",19559,"3F42001^^4572134E","WENATCHEE HS","WENATCHEE HIGH SCHOOL (WENATCHEE WA)",45,2,9
"524",19560,"3F42001^^4572279E","LEWIS & CLARK ES(WEN","LEWIS & CLARK ELEMENTARY (WENATCHEE WA)",45,2,9
"525",19561,"3F42001^^4572301E","COLUMBIA ES(WENATCHE","COLUMBIA ELEMENTARY SCHOOL (WENATCHEE WA)",45,2,9
"526",19562,"3F42001^^4572315E","CASHMERE MS(CASHMERE","CASHMERE MIDDLE SCHOOL (CASHMERE WA)",45,2,9
"527",19563,"3F42001^^4572347E","MISSION VIEW ES(WENA","MISSION VIEW ELEMENTARY (WENATCHEE)",45,2,9
"528",19564,"3F42001^^4572760E","PESHASTIN-DRYDEN ES","PESHASTIN-DRYDEN ELEMENTARY (PESHASTIN WA)",45,2,9
"529",19565,"3F42001^^4572787E","VALE ES (CASHMERE)","VALE ELEMENTARY SCHOOL (CASHMERE WA)",45,2,9
"530",19566,"3F42001^^4572827E","OSBORN & WINTON ES","OSBORN & WINTON ELEMENTARY SCHOOLS (LEAVENWORTH WA)",45,2,9
"531",19567,"3F42001^^4572907E","WASHINGTON ES(WENATC","WASHINGTON ELEMENTARY (WENATCHEE WA)",45,2,9
"532",19568,"3F42001^^4573208E","SUNNYSLOPE ES(WENATC","SUNNYSLOPE ELEMENTARY (WENATCHEE WA)",45,2,9
"533",19569,"3F42001^^4573209E","LINCOLN ES(WENATCHEE","LINCOLN ELEMENTARY SCHOOL (WENATCHEE WA)",45,2,9
"534",19570,"3F42001^^4573210E","PIONEER MS(WENATCHEE","PIONEER MIDDLE SCHOOL (WENATCHEE WA)",45,2,9
"535",19571,"3F42001^^4573268E","CASHMERE HS(CASHMERE","CASHMERE HIGH SCHOOL (CASHMERE WA)",45,2,9
"536",19572,"3F42001^^4573370E","ORCHARD MS(WENATCHEE","ORCHARD MIDDLE SCHOOL (WENATCHEE WA)",45,2,9
"537",19573,"3F42001^^4573564E","CASCADE HS (LEAVENWO","CASCADE HIGH SCHOOL (LEAVENWORTH WA)",45,2,9
"538",19574,"3F42001^^4574403E","ICICLE R MS(LEAVENWO","ICICLE RIVER MIDDLE SCHOOL (LEAVENWORTH WA)",45,2,9
"539",19575,"3F42001^^4574423E","NEWBERY ES(WENATCHEE","NEWBERY ELEMENTARY (WENATCHEE WA)",45,2,9
"540",19576,"3F42001^^4574432E","FOOTHILLS MS(WENATCH","FOOTHILLS MIDDLE SCHOOL (WENATCHEE WA)",45,2,9
"541",19577,"3F42001^^4578004E","ST JOSEPHS SCHL(WENA","ST. JOSEPHS SCHOOL (WENATCHEE WA)",45,2,9
"542",19578,"3F42001^^4578005E","CASCADE CHRIST ACAD","CASCADE CHRISTIAN ACADEMY (WENATCHEE WA)",45,2,9
"543",19579,"3F42001^^4578541E","UPPER VALLEY CHRIST","UPPER VALLEY CHRISTIAN SCH. (LEAVENWORTH WA)",45,2,NA
"544",19580,"3F42001^^4578625E","MT VIEW SDA(CASHMERE","MOUNTAIN VIEW S.D.A. SCHOOL (CASHMERE WA)",45,2,9
"545",19581,"3F42001^^4578915E","ST PAULS LUTH(WENATC","ST. PAUL'S LUTHERAN SCHOOL (WENATCHEE WA)",45,2,9
"546",19582,"3F42001^^4578981E","WENATCHEE CHRIST ACA","WENATCHEE CHRISTIAN ACADEMY (WENATCHEE WA)",45,2,9
"547",19584,"3F42001^^45XXXX^H","BLACKBIRD ISLAND PONDS","BLACKBIRD ISLAND PONDS",45,2,3
"548",19585,"3F42001^^45XXXX^H01","ROHLFINGS POND","ROHLFINGS POND-INTERAGENCY COOPERATIVE",45,2,NA
"549",19591,"3F42001^^460042^H","ENTIAT NFH","ENTIAT HATCHERY - USFWS                    (OLD CODED AREA 390)",46,2,NA
"550",19597,"3F42001^^4671192E","ENTIAT SD 127","ENTIAT SCHOOL DISTRICT 127 (ENTIAT WA)",46,2,9
"551",19598,"3F42001^^4672688E","PAUL RUMBURG ES(ENTI","PAUL RUMBURG ELEMENTARY (ENTIAT WA)",46,2,9
"552",19599,"3F42001^^4673317E","ENTIAT JHS HS","ENTIAT JUNIOR-SENIOR HIGH SCHOOL (ENTIAT)",46,2,9
"553",19600,"3F42001^^4679991E","ENTIAT ES","ENTIAT ELEMENTARY SCHOOL (ENTIAT WA)",46,2,9
"554",19606,"3F42001^^470001^H","WELLS DAM SP CHANNEL","WELLS DAM SPAWNING CHANNEL  (RM 515)",47,2,15
"555",19607,"3F42001^^470001^H02","WELLS HATCHERY","WELLS HATCHERY (FORMERLY: WELLS TROUT HATCHERY)",47,2,16
"556",19609,"3F42001^^470001^R05","WELLS E LADDER TRAP","WELLS DAM EAST LADDER TRAP",47,2,15
"557",19610,"3F42001^^470001^R06","WELLS W LADDER TRAP","WELLS DAM WEST LADDER TRAP",47,2,15
"558",19614,"3F42001^^470052^H","CHELAN HATCHERY","CHELAN HATCHERY (FORMERLY: CHELAN TROUT HATCHERY) (WDFW)",47,2,3
"559",19615,"3F42001^^470052^H02","CHELAN PUD HATCHERY","CHELAN PUD HATCHERY",47,2,3
"560",19616,"3F42001^^470052^H03","CHELAN RIVER NP","CHELAN RIVER NET PEN",47,2,3
"561",19635,"3F42001^^470964^R","HATCHERY CR  47.0964","UNNAMED (HATCHERY) CR - OUTFALL OF CHELAN PUD HAT. FEEDS COL. T27N R23E SEC20K",47,2,NA
"562",19636,"3F42001^^476002^H","LK CHELAN NET PENS","LAKE CHELAN NET PENS",47,2,NA
"563",19637,"3F42001^^476005^H","LK CHELAN INDEPEND","LAKE CHELAN INDEPEND",47,2,NA
"564",19638,"3F42001^^476005^H01","LK CHELAN SPORTSMAN","LAKE CHELAN SPORTSMAN",47,2,NA
"565",19639,"3F42001^^4771133E","LK CHELAN SD 129","LAKE CHELAN SCHOOL DISTRICT 129 (CHELAN WA)",47,2,9
"566",19640,"3F42001^^4771191E","MANSON SD 19 (MANSON","MANSON SCHOOL DISTRICT 19 (MANSON WA)",47,2,9
"567",19641,"3F42001^^4772196E","MANSON ES (MANSON)","MANSON ELEMENTARY (MANSON WA)",47,2,9
"568",19642,"3F42001^^4772265E","STEHEKIN SD","STEHEKIN SCHOOL DISTRICT 069 (STEHEKIN)",47,2,9
"569",19643,"3F42001^^4772317E","CHELAN MS (CHELAN)","CHELAN MIDDLE SCHOOL (CHELAN WA)",47,2,9
"570",19644,"3F42001^^4772623E","MANSON JHS HS(MANSON","MANSON JUNIOR-SENIOR HIGH (MANSON WA)",47,2,9
"571",19645,"3F42001^^4772689E","MORGAN OWINGS ES (LK","MORGAN OWINGS ELEMENTARY SCHOOL (LAKE CHELAN WA)",47,2,9
"572",19646,"3F42001^^4773861E","HOLDEN VILLAGE CS(CH","HOLDEN VILLAGE COMMUNITY SCHOOL (CHELAN)",47,2,9
"573",19647,"3F42001^^4774260E","CHELAN HS (CHELAN)","CHELAN SENIOR HIGH SCHOOL (CHELAN WA)",47,2,9
"574",19648,"3F42001^^4778942E","LK CHELAN VALLEY SCH","LAKE CHELAN VALLEY SCHOOL (CHELAN, WA)",47,2,9
"575",19649,"3F42001^^4778991E","APPLE VALLEY CHRIST","APPLE VALLEY CHRISTIAN SCHOOL (CHELAN, WA)",47,2,9
"576",19657,"3F42001^^480002^H","WINTHROP NFH","WINTHROP NATIONAL FISH HATCHERY ON THE METHOW RIVER -USFWS",48,2,NA
"577",19658,"3F42001^^480002^H02","CARLTON ACCLIMATION POND","CARLTON ACCLIMATION POND  (CHELAN CO PUD - OPERATED BY WDFW) (BELOW TWISP)",48,2,17
"578",19659,"3F42001^^480002^H03","METHOW HATCHERY","METHOW HATCHERY (DOUGLAS CO PUD - OPERATED BY WDFW)  (ABOVE WINTHROP)",48,2,16
"579",19679,"3F42001^^480374^H01","TWISP ACCLIMATION PD","TWISP ACCLIMATION POND",48,2,15
"580",19682,"3F42001^^480374^R02","TWISP RIVER WEIR","TWISP RIVER WEIR",48,2,NA
"581",19698,"3F42001^^480728^R02","CHEWUCH ACCLIMATION","CHEWUCH RIVER ACCLIMATION POND",48,2,15
"582",19713,"3F42001^^486012^H","METHOW VALLEY PROJ","METHOW VALLEY PROJECT",48,2,9
"583",19714,"3F42001^^4871195E","PATEROS SD 122","PATEROS SCHOOL DISTRICT 122 (PATEROS WA)",48,2,9
"584",19715,"3F42001^^4871196E","METHOW VALLEY SD 350","METHOW VALLEY SCHOOL DISTRICT 350 (TWISP WA)",48,2,9
"585",19716,"3F42001^^4872146E","LIBERTY BELL HS/JHS","LIBERTY BELL HS/METHOW VALLEY JR H (TWISP WA)",48,2,9
"586",19717,"3F42001^^4872396E","PATEROS ES (PATEROS)","PATEROS ELEMENTARY (PATEROS WA)",48,2,9
"587",19718,"3F42001^^4872397E","PATEROS JHS HS(PATER","PATEROS JUNIOR-SENIOR HIGH (PATEROS WA)",48,2,9
"588",19719,"3F42001^^4872867E","ALLEN ES (TWISP)","ALLEN ELEMENTARY SCHOOL (TWISP WA)",48,2,9
"589",19720,"3F42001^^4873443E","METHOW VALLEY MS(TWI","METHOW VALLEY MIDDLE SCHOOL (TWISP)",48,2,9
"590",19721,"3F42001^^4878945E","RISING STAR/LITTLE S","RISING STAR/LITTLE STAR SCHOOL (WINTHROP, WA)",48,2,9
"591",19723,"3F42001^^490019^H01","OMAK HATCHERY","OMAK HATCHERY",49,2,13
"592",19724,"3F42001^^490019^H02","CASSIMER BAR HATCHERY","CASSIMER BAR HATCHERY - COLVILLE TRIBE INSTALLATION@ OKANOGAN - COLUMBIA CONFLUENCE",49,2,NA
"593",19734,"3F42001^^490246^H","BONAPARTE POND","BONAPARTE POND  - COOP PROJECT W/TRIB",49,2,NA
"594",19736,"3F42001^^490325^H01","SIMILKAMEEN HATCHERY","SIMILKAMEEN HATCHERY (FORMERLY: SIMILKAMEEN POND)",49,2,3
"595",19740,"3F42001^^4971095E","OMAK SD 19 (OMAK)","OMAK SCHOOL DISTRICT 19 (OMAK WA)",49,2,9
"596",19741,"3F42001^^4971096E","OROVILLE SD 410","OROVILLE SCHOOL DISTRICT 410 (OROVILLE WA)",49,2,9
"597",19742,"3F42001^^4971134E","OKANOGAN SD 105","OKANOGAN SCHOOL DISTRICT 105 (OKANOGAN WA)",49,2,9
"598",19743,"3F42001^^4971136E","TONASKET SD 404","TONASKET SCHOOL DISTRICT 404 (TONASKET WA)",49,2,9
"599",19744,"3F42001^^4971160E","BREWSTER SD 111","BREWSTER SCHOOL DISTRICT 111 (BREWSTER WA)",49,2,9
"600",19745,"3F42001^^4972031E","OMAK HS (OMAK)","OMAK SENIOR HIGH SCHOOL (OMAK WA)",49,2,9
"601",19746,"3F42001^^4972246E","OKANOGAN JHS HS","OKANOGAN JR-SR HIGH SCHOOL (OKANOGAN WA)",49,2,9
"602",19747,"3F42001^^4972422E","OROVILLE ES(OROVILLE","OROVILLE ELEMENTARY (OROVILLE)",49,2,9
"603",19748,"3F42001^^4972539E","GRAINGER/MALOTT ES","GRAINGER/MALOTT ELEMENTARY (OKANOGAN WA)",49,2,9
"604",19749,"3F42001^^4972679E","TONASKET HS(TONASKET","TONASKET HIGH SCHOOL (TONASKET WA)",49,2,9
"605",19750,"3F42001^^4972706E","OROVILLE HS(OROVILLE","OROVILLE HIGH SCHOOL (OROVILLE WA)",49,2,9
"606",19751,"3F42001^^4972800E","BREWSTER JHS HS","BREWSTER JR/HIGH SCHOOL (BREWSTER WA)",49,2,9
"607",19752,"3F42001^^4972999E","NORTH OMAK ES (OMAK)","NORTH OMAK ELEMENTARY (OMAK WA)",49,2,9
"608",19753,"3F42001^^4973051E","EAST OMAK ES (OMAK)","EAST OMAK ELEMENTARY (OMAK WA)",49,2,9
"609",19754,"3F42001^^4973176E","CENTRAL ES(TONASKET)","CENTRAL ELEM (TONASKET)",49,2,9
"610",19755,"3F42001^^4974237E","OMAK MS (OMAK)","OMAK MIDDLE SCHOOL (OMAK WA)",49,2,9
"611",19756,"3F42001^^4974278E","PASCHAL SHERMAN(OMAK","PASCHAL SHERMAN INDIAN SCHOOL (OMAK WA)",49,2,9
"612",19757,"3F42001^^4974279E","OMAK ALT HS (OMAK)","OMAK ALTERNATIVE HIGH (OMAK WA)",49,2,9
"613",19758,"3F42001^^4978127E","ELLISFORDE SDA SCHL","ELLISFORDE S.D.A. SCHOOL (TONASKET WA)",49,2,9
"614",19759,"3F42001^^4978918E","NORTH COUNTRY CHRIST","NORTH COUNTRY CHRISTIAN SCHOOL (OROVILLE)",49,2,9
"615",19760,"3F42001^^4978985E","OMAK ADVENTIST CHRIS","OMAK ADVENTIST CHRISTIAN SCHOOL (OMAK, WA)",49,2,9
"616",19761,"3F42001^^4978989E","BREWSTER ADVENTIST","BREWSTER ADVENTIST SCHOOL (BREWSTER, WA)",49,2,9
"617",19762,"3F42001^^4979991E","OROVILLE 7TH DA SCHL","OROVILLE SEVENTH DAY ADVENTIST SCHOOL (OROVILLE WA)",49,2,9
"618",19766,"3F42001^^5071193E","BRIDGEPORT SD 075","BRIDGEPORT SCHOOL DISTRICT 075/ (BRIDGEPORT WA)",50,2,9
"619",19767,"3F42001^^5071240E","MANSFIELD SD 207","MANSFIELD SCHOOL DISTRICT 207/ (MANSFIELD WA)",50,2,9
"620",19768,"3F42001^^5072562E","BRIDGEPORT ES","BRIDGEPORT ELEMENTARY (BRIDGEPORT WA)",50,2,9
"621",19769,"3F42001^^5072788E","BRIDGEPORT JHS HS","BRIDGEPORT JUNIOR-SENIOR HIGH (BRIDGEPORT WA)",50,2,9
"622",19771,"3F42001^^51^^^^^H","COLUMBIA R FISH FARM","COLUMBIA RIVER FISH FARMS (NEAR NESPELEM -- PRIVATE)",50,2,NA
"623",19774,"3F42001^^5171288E","NESPELEM SD 014","NESPELEM SCHOOL DISTRICT 014/ (NESPELEM WA)",51,2,9
"624",20469,"3F521^49^CBPSZ4^R","LEADER LK (OKAN)","LEADER LAKE OKANOGAN COUNTY (CBPSZ4)",49,2,NA
"625",20655,"3F524^41^AY1E1R^H01","POTHOLES RES NET PEN","POTHOLES RESERVOIR NET PEN (AY1E1R) GRANT CO. T17N-R28E  WRIA=41 REG=2 ELEV=1046",41,2,NA
"626",20657,"3F524^41^B09F9B^H01","MOSES LK NET PEN","MOSES LAKE NET PEN  (B09F9B) GRANT CO. T19N-R28E  WRIA=41 REG=2 ELEV=1046",41,2,NA
"627",20697,"3F524^42^AMWM4T^H01","ELECTRIC CITY NP","ELECTRIC CITY NET PEN IN BANKS LK  (AMWM4T) GRANT CO. T25N-R28E  WRIA=42 REG=2",42,2,NA
"628",20708,"3F524^42^BPZJNX^H","LK LENORE (GRAN)","LAKE LENORE  (BPZJNX) GRANT CO. T23N-R26E  WRIA=42 REG=2 AREA=1400 ELEV=1075",42,2,NA
"629",24137,"3F42001^^450030^R60","DRYDEN RIGHT BANK","DRYDEN RIGHT BANK",45,2,NA
"630",24139,"3F42001^^450030^R61","DRYDEN LEFT BANK","DRYDEN LEFT BANK",45,2,NA
"631",24222,"3F42001^^450894AH","COULTER POND","COULTER POND  (YAKIMA TRIBE - UPPER WENATCHEE)",45,2,NA
"632",24223,"3F42001^^450888^H","NASON WETLANDS (YFPC)","NASON WETLANDS (YAKAMA TRIBE - UPPER WENATCHEE",45,2,NA
"633",24224,"3F42001^^450893^H","BUTCHER POND","BUTCHER POND  (YAKAMA TRIBE - UPPER WENATCHEE)",45,2,NA
"634",24225,"3F42001^^450232^H","PESHASTIN INCUBATION","PESHASTIN INCUBATION FACILITY (YAKAMA TRIBE)",45,2,NA
"635",24292,"3F42001^^48^^^^^H04","METHOW HAT + CHEWUCH ACCL","METHOW HATCHERY AND CHEWUCH ACCLIMATION",NA,2,NA
"636",24294,"3F42001^^48^^^^^H","BIDDLES POND","BIDDLES POND, YAKAMA NATION, REGION 2",48,2,NA
"637",24298,"3F42001^^470052^H01","CHELAN FALLS HATCHERY","CHELAN FALLS HATCHERY",47,2,NA
"638",24383,"3F42001^^490138^H01","ST. MARY'S POND","ST. MARY'S POND OKANOGAN COUNTY",49,2,NA
"639",24388,"3F42001^^490138^H02","CHIEF JOSEPH HATCHERY","CHIEF JOSEPH HATCHERY OKANOGAN COUNTY",49,2,NA
"640",24401,"3F42001^^48^^^^^H02","HEATHS ACCLIMATION PD","HEATHS ACCLIMATION POND YAKIMA INDIAN NATION",48,2,NA
"641",24402,"3F42001^^48-001^R","MID-VALLEY ACCLIMATION PD","MID-VALLEY ACCLIMATION POND OKANOGAN COUNTY",48,2,NA
"642",24414,"3F42001^^45^^^^^H01","CHIWAWA + BLACKBIRD ISLAND","CHIWAWA HATCHERY AND BLACKBIRD ISLAND PONDS",45,2,NA
"643",24614,"3F^^^TEMP0024614","WOLF CR ACC PONDS","WOLF CREEK ACCLIMATION PONDS - METHOW R (OKAN CO)",NA,2,NA
"644",24615,"3F42001^^480105^H","GOLD CR ACC PONDS","GOLD CREEK ACCLIMATION PONDS - CARLTON (OKAN CO)",NA,2,NA
"645",24629,"3F42001^^420097^H05","STEAMBOAT ROCK NP","STEAMBOAT ROCK NET PENS - BANKS LK (GRANT CO)",NA,2,NA
"646",24630,"3F42001^^450888^H01","NASON CREEK ACC FACILITY","NASON CREEK ACC FACILITY",NA,2,NA
"647",24689,"3F42001^^4178995E","GRANT COUNTY CONS. DIST.","GRANT COUNTY CONSERVATION DISTRICT",NA,2,NA
"648",24701,"3F10513^^13^^^^^H05","RFEG 14 CASCADE COLUMBIA","WASHINGTON REGIONAL ENHANCEMENT GROUP 14 CASCADE COLUMBIA",NA,2,NA
"649",24761,"3F42001^^470052^R08","CHELAN FALLS TRAP","CHELAN FALLS TRAP",47,2,NA
"650",24785,"3F42001^^48^^^^^H01","GOAT WALL ACCL SITE","METHOW HATCHERY GOAT WALL ACCLIMATION SITE",48,2,NA
"651",24799,"3F42001^^4471051E","FOSTER CREEK CONSERVATION DISTRICT","FOSTER CREEK CONSERVATION DISTRICT",44,2,NA
"652",25852,"3F42001^^481408^R01","EARLY WINTERS AC PD - MEW","METHOW EARLY WINTERS ACCLIMATION POND - MEW",48,2,NA
"653",25853,"3F42001^^480728^R03","EIGHT MILE ACC PD -MEM","METHOW EIGHT MILE ACCLIMATION POND - MEM",48,2,NA
"654",26933,"3F42001^^4971097E","VIRGINIA GRAINGER ELEMENTARY SCHOOL","VIRGINIA GRAINGER ELEMENTARY SCHOOL",49,2,NA
"655",26942,"3F42001^^41L25760","BURKETT LAKE (GRANT)","BURKETT LAKE (GRANT)",41,2,NA
"656",27942,"3F42001^^450888^R03","POWERLINE ACC POND - NASON CR","POWERLINE ACCLIMATION POND - NASON CR",45,2,NA
"657",28072,"3F42001^^5071194E","MANSFIELD ES","MANSFIELD ES (MANSFIELD,WA)",50,2,NA
"658",179,"3F^3^^^^^^^^^^^^E","REG 3 ED COOPS","WASHINGTON REGION 3 EDUACATIONAL COOPS -UNSPECIFIED",NA,3,NA
"659",18704,"3F42001^^31^^^^^H01","P.N.N.L.","P.N.N.L PACIFIC NORTHWEST NATIONAL LABS",31,3,NA
"660",18718,"3F42001^^3171017E","KENNEWICK SD 17","KENNEWICK SCHOOL DISTRICT 17 (KENNEWICK WA)",31,3,9
"661",18719,"3F42001^^3171153E","FINLEY SD 53(KENNEWI","FINLEY SCHOOL DISTRICT 53 (KENNEWICK WA)",31,3,9
"662",18720,"3F42001^^3171239E","BICKLETON SD 203","BICKLETON SCHOOL DISTRICT 203 (BICKLETON WA)",31,3,9
"663",18721,"3F42001^^3171262E","PATERSON SD 50","PATERSON SCHOOL DISTRICT 50/ (PATERSON WA)",31,3,9
"664",18722,"3F42001^^3171282E","ROOSEVELT SD 403","ROOSEVELT SCHOOL DISTRICT 403/ (ROOSEVELT WA)",31,3,9
"665",18723,"3F42001^^3172367E","RIVER VIEW JHS HS(KE","RIVER VIEW JUNIOR-SENIOR HIGH (KENNEWICK WA)",31,3,9
"666",18724,"3F42001^^3172824E","EASTGATE ES (KENNEWI","EASTGATE ELEMENTARY SCHOOL (KENNEWICK WA)",31,3,9
"667",18725,"3F42001^^3172825E","WESTGATE ES (KENNEWI","WESTGATE ELEMENTARY SCHOOL (KENNEWICK WA)",31,3,9
"668",18726,"3F42001^^3172826E","KENNEWICK HS","KENNEWICK HIGH SCHOOL (KENNEWICK WA)",31,3,9
"669",18727,"3F42001^^3173077E","HAWTHORNE ES (KENNEW","HAWTHORNE ELEMENTARY SCHOOL (KENNEWICK WA)",31,3,9
"670",18728,"3F42001^^3173078E","FINLEY ES (KENNEWICK","FINLEY ELEMENTARY (KENNEWICK WA)",31,3,9
"671",18729,"3F42001^^3173144E","WASHINGTON ES(KENNEW","WASHINGTON ELEM SCHOOL (KENNEWICK WA)",31,3,9
"672",18730,"3F42001^^3173267E","HIGHLANDS MS (KENNEW","HIGHLANDS MIDDLE SCHOOL (KENNEWICK WA)",31,3,9
"673",18731,"3F42001^^3173315E","EDISON ES (KENNEWICK","EDISON ELEMENTARY (KENNEWICK WA)",31,3,9
"674",18732,"3F42001^^3173369E","VISTA ES (KENNEWICK)","VISTA ELEMENTARY SCHOOL (KENNEWICK WA)",31,3,9
"675",18733,"3F42001^^3173472E","PARK MS (KENNEWICK)","PARK MIDDLE SCHOOL (KENNEWICK WA)",31,3,9
"676",18734,"3F42001^^3173731E","KAMIAKIN HS(KENNEWIC","KAMIAKIN HIGH SCHOOL (KENNEWICK WA)",31,3,9
"677",18735,"3F42001^^3174028E","DESERT HILLS MS(KENN","DESERT HILLS MIDDLE SCHOOL (KENNEWICK WA)",31,3,9
"678",18736,"3F42001^^3174061E","PLYMOUTH ES(KENNEWIC","PLYMOUTH ELEMENTARY SCHOOL (KENNEWICK WA)",31,3,9
"679",18737,"3F42001^^3174072E","CANYON VIEW ES(KENNE","CANYON VIEW ELEMENTARY SCHOOL (KENNEWICK WA)",31,3,9
"680",18738,"3F42001^^3174073E","SOUTHGATE ES(KENNEWI","SOUTHGATE ELEMENTARY SCHOOL (KENNEWICK WA)",31,3,9
"681",18739,"3F42001^^3174118E","TRI-CITY VOC SKILLS","TRI CITY AREA VOC SKILLS CENTER (KENNEWICK WA)",31,3,9
"682",18740,"3F42001^^3174136E","SUNSET VIEW ES(KENNE","SUNSET VIEW ELEMENTARY SCHOOL (KENNEWICK WA)",31,3,9
"683",18741,"3F42001^^3174181E","LINCOLN ES(KENNEWICK","LINCOLN ELEMENTARY SCHOOL (KENNEWICK WA)",31,3,9
"684",18742,"3F42001^^3174202E","CASCADE ES (KENNEWIC","CASCADE ELEMENTARY SCHOOL (KENNEWICK WA)",31,3,9
"685",18743,"3F42001^^3174418E","AMISTAD ES(KENNEWICK","AMISTAD ELEMENTARY SCHOOL (KENNEWICK WA)",31,3,9
"686",18744,"3F42001^^3174429E","HORSE HEAVEN HILL MS","HORSE HEAVEN HILL MIDDLE SCHOOL (KENNEWICK WA)",31,3,9
"687",18745,"3F42001^^3174446E","RIDGE VIEW ES(KENNEW","RIDGE VIEW ELEMENTARY (KENNEWICK WA)",31,3,9
"688",18746,"3F42001^^3178001E","BETHLEHEM LUTH SCHL","BETHLEHEM LUTHERAN SCHOOL (KENNEWICK WA)",31,3,9
"689",18747,"3F42001^^3178002E","ST JOSEPHS SCHL(KENN","ST. JOSEPHS SCHOOL (KENNEWICK WA)",31,3,9
"690",18748,"3F42001^^3178621E","ERIKSON HOME SCHOOL","ERIKSON HOME SCHOOL (KENNEWICK WA)",31,3,9
"691",18821,"3F42001^^33^^^^^H01","FRANKLIN CONSERV DIST","FRANKLIN CONSERVATION DISTRICT",33,3,NA
"692",18824,"3F42001^^330002^H02","PASCO REARING PONDS","PASCO FIELD STATION REARING PONDS ON SNAKE RIVER (NMFS)",33,3,9
"693",18996,"3F42001^^360000^R","NOAA PASCO","NATIONAL OCEANIC ATMOSPHERIC ADMINISTRATION PASCO OFFICE - FRANK COUNTY",36,3,NA
"694",18997,"3F42001^^360001^H04","RINGOLD SPRINGS HATCHERY","RINGOLD SPRINGS HATCHERY  - SPRINGS CREEK  (FORMERLY RINGOLD)",36,3,10
"695",18998,"3F42001^^360001^H06","MESEBERG HATCHERY","MESEBERG HATCHERY AT RINGOLD SPRINGS -- WARMWATER REARING",36,3,10
"696",19011,"3F42001^^360126^H","PRIEST RAPIDS HATCHERY","PRIEST RAPIDS -BELOW DAM (FORMERLY:PRIEST RAPIDS SPAWNING CHANNNEL)",36,3,10
"697",19012,"3F42001^^360126^H01","GRANT COUNTY PUD","GRANT COUNTY PUD @ PRIEST RAPIDS HATCHERY",36,3,NA
"698",19018,"3F42001^^363602^H","BATTELLE PACIFIC LAB","BATTELLE PACIFIC RESEARCH LAB (NEAR TRI CITIES)",36,3,9
"699",19020,"3F42001^^3671019E","PASCO SD 1 (PASCO)","PASCO SCHOOL DISTRICT 1 (PASCO WA)",36,3,9
"700",19021,"3F42001^^3671088E","NORTH FRANKLIN SD 51","NORTH FRANKLIN SCHOOL DISTRICT 51 (CONNELL WA)",36,3,9
"701",19022,"3F42001^^3671217E","WASHTUCNA SD 109","WASHTUCNA SCHOOL DISTRICT 109 (WASHTUCNA WA)",36,3,9
"702",19023,"3F42001^^3671234E","KAHLOTUS SD 056","KAHLOTUS SCHOOL DISTRICT 056/ (KAHLOTUS WA)",36,3,9
"703",19024,"3F42001^^3671272E","STAR SD 54 (CONNELL)","STAR SCHOOL DISTRICT 54 (CONNELL WA)",36,3,9
"704",19025,"3F42001^^3671273E","WAHLUKE SD 73(MATTAW","WAHLUKE SCHOOL DISTRICT 73 (MATTAWA WA)",36,3,9
"705",19026,"3F42001^^3672198E","ROBERT J OLDS JHS(CO","ROBERT J. OLDS JUNIOR HIGH (CONNELL WA)",36,3,9
"706",19027,"3F42001^^3672267E","MCLOUGHLIN JHS(PASCO","MCLOUGHLIN JUNIOR HIGH (PASCO WA)",36,3,9
"707",19028,"3F42001^^3672692E","CAPTAIN GRAY ES(PASC","CAPTAIN GRAY ELEMENTARY (PASCO WA)",36,3,9
"708",19029,"3F42001^^3672790E","LONGFELLOW ES (PASCO","LONGFELLOW ELEMENTARY (PASCO WA)",36,3,9
"709",19030,"3F42001^^3672917E","PASCO HS (PASCO)","PASCO SENIOR HIGH SCHOOL (PASCO WA)",36,3,9
"710",19031,"3F42001^^3672918E","CONNELL ES (CONNELL)","CONNELL ELEMENTARY SCHOOL (CONNELL WA)",36,3,9
"711",19032,"3F42001^^3672967E","EMERSON ES (PASCO)","EMERSON ELEMENTARY SCHOOL (PASCO WA)",36,3,9
"712",19033,"3F42001^^3673085E","MARK TWAIN ES (PASCO","MARK TWAIN ELEMENTARY (PASCO WA)",36,3,9
"713",19034,"3F42001^^3673086E","MESA ES (CONNELL)","MESA ELEMENTARY (CONNELL WA)",36,3,9
"714",19035,"3F42001^^3673152E","MATTAWA ES (MATTAWA)","MATTAWA ELEMENTARY (MATTAWA WA)",36,3,9
"715",19036,"3F42001^^3673272E","CONNELL HS (CONNELL)","CONNELL HIGH SCHOOL (CONNELL WA)",36,3,9
"716",19037,"3F42001^^3673324E","STEVENS JHS (PASCO)","STEVENS JUNIOR HIGH (PASCO WA)",36,3,9
"717",19038,"3F42001^^3673325E","BASIN CITY ES (MESA)","BASIN CITY ELEMENTARY (MESA WA)",36,3,9
"718",19039,"3F42001^^3673425E","EDWIN MARKHAM ES(PAS","EDWIN MARKHAM ELEMENTARY (PASCO WA)",36,3,9
"719",19040,"3F42001^^3673515E","ROBERT FROST ES(PASC","ROBERT FROST ELEMENTARY (PASCO WA)",36,3,9
"720",19041,"3F42001^^3673912E","NEW HORIZONS HS(PASC","NEW HORIZONS HIGH SCHOOL (PASCO WA)",36,3,9
"721",19042,"3F42001^^3674041E","RUTH LIVINGSTON ES","RUTH LIVINGSTON ELEMENTARY (PASCO WA)",36,3,9
"722",19043,"3F42001^^3674155E","JAMES W MCGEE ES(PAS","JAMES W. MCGEE ELEMENTARY (PASCO WA)",36,3,9
"723",19044,"3F42001^^3674222E","MORRIS SCOTT MS(MATT","MORRIS SCOTT MIDDLE SCHOOL (MATTAWA WA)",36,3,9
"724",19045,"3F42001^^3674254E","WAHLUKE HS (MATTAWA)","WAHLUKE HIGH SCHOOL (MATTAWA WA)",36,3,9
"725",19046,"3F42001^^3678018E","ST PATRICK SCHL(PASC","ST. PATRICK SCHOOL (PASCO WA)",36,3,9
"726",19047,"3F42001^^3678019E","TRI-CITY JUNIOR ACAD","TRI-CITY JUNIOR ACADEMY (PASCO WA)",36,3,9
"727",19048,"3F42001^^3678437E","FAITH CHRIST ACAD(3C","FAITH CHRISTIAN ACADEMY (TRI-CITIES)",36,3,9
"728",19049,"3F42001^^3678475E","COUNTRY HAVEN ACADEM","COUNTRY HAVEN ACADEMY (PASCO WA)",36,3,9
"729",19050,"3F42001^^3678903E","KOINONIA ES/HS(PASCO","KOINONIA ELEMENTARY & HIGH SCHOOL (PASCO WA)",36,3,9
"730",19053,"3F42001^^370000^H","MARION YAKAMA TRIB HAT","MARION YAKAMA TRIB HATCHERY - YAKIMA COUNTY S20-T10N R19E",37,3,NA
"731",19054,"3F42001^^370002^H","YAKIMA HATCHERY","YAKIMA HATCHERY (FORMERLY: YAKIMA TROUT HATCHERY)",37,3,NA
"732",19055,"3F42001^^370002^H05","PROSSER HATCHERY","PROSSER HATCHERY ON YAKIMA RIVER",37,3,NA
"733",19089,"3F42001^^371381^H","YAKIMA NET PENS @DAM","YAKIMA NET PENS  (AT WAPATO DAM)",37,3,NA
"734",19096,"3F42001^^371400^H","WIDE HOLLOW CR COOP","WIDE HOLLOW CR COOP",37,3,9
"735",19098,"3F42001^^3770105E","EDU SERVICE DIST 105","EDUCATIONAL SERVICE DIST 105 (YAKIMA WA)",37,3,9
"736",19099,"3F42001^^3771006E","YAKIMA SD 7","YAKIMA SCHOOL DISTRICT 7 (YAKIMA WA)",37,3,9
"737",19100,"3F42001^^3771018E","RICHLAND SD 400","RICHLAND SCHOOL DISTRICT 400 (RICHLAND WA)",37,3,9
"738",19101,"3F42001^^3771046E","SUNNYSIDE SD 201","SUNNYSIDE SCHOOL DISTRICT 201 (SUNNYSIDE WA)",37,3,9
"739",19102,"3F42001^^3771047E","TOPPENISH SD 202","TOPPENISH SCHOOL DISTRICT 202 (TOPPENISH WA)",37,3,9
"740",19103,"3F42001^^3771048E","WAPATO SD 207","WAPATO SCHOOL DISTRICT 207 (WAPATO WA)",37,3,9
"741",19104,"3F42001^^3771049E","WEST VALLEY SD208(YA","WEST VALLEY SCHOOL DISTRICT 208 (YAKIMA WA)",37,3,9
"742",19105,"3F42001^^3771072E","GRANDVIEW SD 200","GRANDVIEW SCHOOL DISTRICT 200 (GRANDVIEW WA)",37,3,9
"743",19106,"3F42001^^3771087E","PROSSER SD 116","PROSSER SCHOOL DISTRICT 116 (PROSSER WA)",37,3,9
"744",19107,"3F42001^^3771092E","EAST VALLEY SD90(YAK","EAST VALLEY SCHOOL DISTRICT 90 (YAKIMA WA)",37,3,9
"745",19108,"3F42001^^3771093E","GRANGER SD 204","GRANGER SCHOOL DISTRICT 204 (GRANGER WA)",37,3,9
"746",19109,"3F42001^^3771126E","KIONA-BENTON SD 52","KIONA-BENTON SCHOOL DISTRICT 52 (BENTON CITY WA)",37,3,9
"747",19110,"3F42001^^3771131E","MT ADAMS SD 209","MOUNT ADAMS SCHOOL DISTRICT 209 (WHITE SWAN WA)",37,3,9
"748",19111,"3F42001^^3771157E","MABTON SD 120(MABTON","MABTON SCHOOL DISTRICT 120 (MABTON WA)",37,3,9
"749",19112,"3F42001^^3771158E","ZILLAH SD 205","ZILLAH SCHOOL DISTRICT 205 (ZILLAH WA)",37,3,9
"750",19113,"3F42001^^3771253E","UNION GAP SD 002","UNION GAP SCHOOL DISTRICT 002 (UNION GAP WA)",37,3,9
"751",19114,"3F42001^^3772116E","DAVIS HS (YAKIMA)","DAVIS HIGH SCHOOL (YAKIMA WA)",37,3,9
"752",19115,"3F42001^^3772131E","WAPATO JHS (WAPATO)","WAPATO JUNIOR HIGH SCHOOL (WAPATO WA)",37,3,9
"753",19116,"3F42001^^3772176E","GARFIELD ES (YAKIMA)","GARFIELD ELEMENTARY SCHOOL (YAKIMA WA)",37,3,9
"754",19117,"3F42001^^3772177E","MC KINLEY ES (YAKIMA","MC KINLEY ELEMENTARY SCHOOL (YAKIMA WA)",37,3,9
"755",19118,"3F42001^^3772195E","KEENE-RIVERVIEW ES","KEENE-RIVERVIEW ELEMENTARY (PROSSER WA)",37,3,9
"756",19119,"3F42001^^3772240E","ZILLAH HS (ZILLAH)","ZILLAH HIGH SCHOOL (ZILLAH WA)",37,3,9
"757",19120,"3F42001^^3772264E","TOPPENISH MS","TOPPENISH MIDDLE TOKULSCHOOL (TOPPENISH WA)",37,3,9
"758",19121,"3F42001^^3772314E","WASHINGTON MS(YAKIMA","WASHINGTON MIDDLE SCHOOL (YAKIMA WA)",37,3,9
"759",19122,"3F42001^^3772344E","EAST VALLEY HS(YAKIM","EAST VALLEY HIGH SCHOOL (YAKIMA WA)",37,3,9
"760",19123,"3F42001^^3772345E","MCCLURE ES(GRANDVIEW","MCCLURE ELEMENTARY SCHOOL (GRANDVIEW WA)",37,3,9
"761",19124,"3F42001^^3772389E","WHITE SWAN MS (WHITE","WHITE SWAN MIDDLE SCHOOL (WHITE SWAN WA)",37,3,9
"762",19125,"3F42001^^3772410E","FRANKLIN MS (YAKIMA)","FRANKLIN MIDDLE SCHOOL (YAKIMA WA)",37,3,9
"763",19126,"3F42001^^3772433E","RIDGEVIEW ES(YAKIMA)","RIDGEVIEW ELEMENTARY (YAKIMA WA)",37,3,9
"764",19127,"3F42001^^3772469E","OUTLOOK ES(SUNNYSIDE","OUTLOOK ELEMENTARY SCHOOL (SUNNYSIDE WA)",37,3,9
"765",19128,"3F42001^^3772505E","WIDE HOLLOW ES(YAKIM","WIDE HOLLOW ELEMENTARY (YAKIMA WA)",37,3,9
"766",19129,"3F42001^^3772506E","HARRAH ES (HARRAH)","HARRAH ELEMENTARY SCHOOL (HARRAH WA)",37,3,9
"767",19130,"3F42001^^3772508E","PROSSER HS (PROSSER)","PROSSER HIGH SCHOOL (PROSSER WA)",37,3,9
"768",19131,"3F42001^^3772529E","ROOSEVELT ES(YAKIMA)","ROOSEVELT ELEMENTARY SCHOOL (YAKIMA)",37,3,9
"769",19132,"3F42001^^3772530E","MOXEE ES (MOXEE CITY","MOXEE ELEMENTARY SCHOOL (MOXEE CITY WA)",37,3,9
"770",19133,"3F42001^^3772531E","ROOSEVELT ES(GRANGER","ROOSEVELT ELEM  GRANGER",37,3,9
"771",19134,"3F42001^^3772532E","WHITE SWAN HS (WHITE","WHITE SWAN HIGH SCHOOL (WHITE SWAN WA)",37,3,9
"772",19135,"3F42001^^3772555E","GRANDVIEW HS (GRANDV","GRANDVIEW HIGH SCHOOL (GRANDVIEW WA)",37,3,9
"773",19136,"3F42001^^3772590E","UNION GAP ES MS(YAKI","UNION GAP ELEM & MIDDLE SCHOOL (UNION GAP WA)",37,3,9
"774",19137,"3F42001^^3772592E","ADAMS ES (YAKIMA)","ADAMS ELEMENTARY SCHOOL (YAKIMA WA)",37,3,9
"775",19138,"3F42001^^3772593E","MABTON HS (MABTON)","MABTON HIGH SCHOOL (MABTON WA)",37,3,9
"776",19139,"3F42001^^3772608E","GARFIELD ES (TOPPENI","GARFIELD ELEMENTARY SCHOOL (TOPPENISH WA)",37,3,9
"777",19140,"3F42001^^3772635E","LINCOLN ES(TOPPENISH","LINCOLN ELEMENTARY (TOPPENISH WA)",37,3,9
"778",19141,"3F42001^^3772642E","JEFFERSON ES(RICHLAN","JEFFERSON ELEMENTARY (RICHLAND WA)",37,3,9
"779",19142,"3F42001^^3772656E","MARCUS WHITMAN ES(RI","MARCUS WHITMAN ELEMENTARY (RICHLAND WA)",37,3,9
"780",19143,"3F42001^^3772657E","LEWIS & CLARK ES(RIC","LEWIS & CLARK ELEMENTARY SCHOOL (RICHLAND WA)",37,3,9
"781",19144,"3F42001^^3772715E","HOOVER ES (YAKIMA)","HOOVER ELEMENTARY SCHOOL (YAKIMA WA)",37,3,9
"782",19145,"3F42001^^3772717E","WASHINGTON ES(SUNNYS","WASHINGTON ELEMENTARY (SUNNYSIDE WA)",37,3,9
"783",19146,"3F42001^^3772721E","CARMICHAEL MS (RICHL","CARMICHAEL MIDDLE SCHOOL (RICHLAND WA)",37,3,9
"784",19147,"3F42001^^3772756E","HARRIET THOMPSON ES","HARRIET THOMPSON ELEMENTARY (GRANDVIEW WA)",37,3,9
"785",19148,"3F42001^^3772757E","WAPATO ES (WAPATO)","WAPATO PRIMARY SCHOOL (WAPATO WA)",37,3,9
"786",19149,"3F42001^^3772758E","MT VIEW ES (YAKIMA)","MOUNTAIN VIEW ELEMENTARY SCHOOL (YAKIMA WA)",37,3,9
"787",19150,"3F42001^^3772759E","KIONA-BENTON CITY ES","KIONA-BENTON CITY ELEMENTARY (BENTON CITY WA)",37,3,9
"788",19151,"3F42001^^3772783E","HILTON ES (ZILLAH)","HILTON ELEMENTARY (ZILLAH WA)",37,3,9
"789",19152,"3F42001^^3772786E","JASON LEE ES(RICHLAN","JASON LEE ELEMENTARY SCHOOL (RICHLAND WA)",37,3,9
"790",19153,"3F42001^^3772818E","GILBERT ES (YAKIMA)","GILBERT ELEMENTARY SCHOOL (YAKIMA WA)",37,3,9
"791",19154,"3F42001^^3772819E","NOB HILL ES (YAKIMA)","NOB HILL ELEMENTARY SCHOOL (YAKIMA)",37,3,9
"792",19155,"3F42001^^3772821E","TERRACE HEIGHTS ES","TERRACE HEIGHTS ELEM. SCHOOL (YAKIMA WA)",37,3,9
"793",19156,"3F42001^^3772822E","AHTANUM VALLEY ES","AHTANUM VALLEY ELEMENTARY (YAKIMA WA)",37,3,9
"794",19157,"3F42001^^3772899E","MC CLURE ES (YAKIMA)","MC CLURE ELEMENTARY SCHOOL (YAKIMA WA)",37,3,9
"795",19158,"3F42001^^3772900E","TOPPENISH HS","TOPPENISH HIGH SCHOOL (TOPPENISH WA)",37,3,9
"796",19159,"3F42001^^3772904E","KIONA-BENTON CITY HS","KIONA-BENTON CITY HIGH (KIONA-BENTON WA)",37,3,9
"797",19160,"3F42001^^3772905E","WHITSTRAN ES(PROSSER","WHITSTRAN ELEMENTARY (PROSSER WA)",37,3,9
"798",19161,"3F42001^^3772906E","HOUSEL MS (PROSSER)","HOUSEL MIDDLE SCHOOL (PROSSER WA)",37,3,9
"799",19162,"3F42001^^3772959E","SUNNYSIDE HS (SUNNYS","SUNNYSIDE HIGH SCHOOL (SUNNYSIDE WA)",37,3,9
"800",19163,"3F42001^^3772960E","WAPATO INTERMEDIATE","WAPATO INTERMEDIATE SCHOOL (WAPATO WA)",37,3,9
"801",19164,"3F42001^^3773013E","A H SMITH ES (GRANDV","A H SMITH ELEMENTARY (GRANDVIEW WA)",37,3,9
"802",19165,"3F42001^^3773070E","ARTZ-FOX ES (MABTON)","ARTZ-FOX ELEMENTARY SCHOOL (MABTON WA)",37,3,9
"803",19166,"3F42001^^3773071E","GRANDVIEW MS(GRANDVI","GRANDVIEW MIDDLE SCHOOL (GRANDVIEW WA)",37,3,9
"804",19167,"3F42001^^3773074E","WEST VALLEY HS(YAKIM","WEST VALLEY HIGH (YAKIMA)",37,3,9
"805",19168,"3F42001^^3773138E","BARGE-LINCOLN ES(YAK","BARGE-LINCOLN ELEMENTARY SCHOOL (YAKIMA WA)",37,3,9
"806",19169,"3F42001^^3773141E","WAPATO HS (WAPATO)","WAPATO SENIOR HIGH (WAPATO WA)",37,3,9
"807",19170,"3F42001^^3773206E","EISENHOWER HS(YAKIMA","EISENHOWER HIGH SCHOOL (YAKIMA WA)",37,3,9
"808",19171,"3F42001^^3773207E","SUMMITVIEW ES(YAKIMA","SUMMITVIEW ELEMENTARY (YAKIMA WA)",37,3,9
"809",19172,"3F42001^^3773264E","ROBERTSON ES (YAKIMA","ROBERTSON ELEMENTARY (YAKIMA WA)",37,3,9
"810",19173,"3F42001^^3773312E","WHITNEY ES (YAKIMA)","WHITNEY ELEMENTARY (YAKIMA)",37,3,9
"811",19174,"3F42001^^3773313E","SUNNYSIDE MS (SUNNYS","SUNNYSIDE MIDDLE (SUNNYSIDE WA)",37,3,9
"812",19175,"3F42001^^3773314E","GRANGER HS (GRANGER)","GRANGER HIGH SCHOOL (GRANGER WA)",37,3,9
"813",19176,"3F42001^^3773316E","PROSSER HEIGHTS ES","PROSSER HEIGHTS ELEMENTARY (PROSSER WA)",37,3,9
"814",19177,"3F42001^^3773368E","WILSON MS (YAKIMA)","WILSON MIDDLE SCHOOL (YAKIMA WA)",37,3,9
"815",19178,"3F42001^^3773511E","RICHLAND HS(RICHLAND","RICHLAND HIGH SCHOOL (RICHLAND WA)",37,3,9
"816",19179,"3F42001^^3773615E","LEWIS & CLARK MS(YAK","LEWIS & CLARK MIDDLE SCHOOL (YAKIMA WA)",37,3,9
"817",19180,"3F42001^^3773699E","APPLE VALLEY ES (YAK","APPLE VALLEY ELEMENTARY (YAKIMA WA)",37,3,9
"818",19181,"3F42001^^3773732E","SACAJAWEA ES(RICHLAN","SACAJAWEA ELEMENTARY (RICHLAND WA)",37,3,9
"819",19182,"3F42001^^3773817E","ML KING JR ES(YAKIMA","MARTIN LUTHER KING JR ELEMENTARY (YAKIMA WA)",37,3,9
"820",19183,"3F42001^^3773833E","HANFORD MS (RICHLAND","HANFORD MIDDLE SCHOOL (RICHLAND WA)",37,3,9
"821",19184,"3F42001^^3773961E","KIONA-BENTON CITY MS","KIONA-BENTON CITY MIDDLE SCHOOL (BENTON CITY WA)",37,3,9
"822",19185,"3F42001^^3774000E","SUNNYSIDE INTERMEDIA","SUNNYSIDE INTERMEDIATE SCHOOL (SUNNYSIDE WA)",37,3,9
"823",19186,"3F42001^^3774022E","PACE ALT HS (WAPATO)","PACE ALTERNATIVE HIGH SCHOOL (WAPATO WA)",37,3,9
"824",19187,"3F42001^^3774040E","WEST VALLEY JHS(YAKI","WEST VALLEY JUNIOR HIGH (YAKIMA WA)",37,3,9
"825",19188,"3F42001^^3774055E","EAST VALLEY CNTRL MS","EAST VALLEY CENTRAL MIDDLE SCHOOL (YAKIMA WA)",37,3,9
"826",19189,"3F42001^^3774059E","TAPTEAL ES(W RICHLAN","TAPTEAL ELEMENTARY SCHOOL (WEST RICHLAND WA)",37,3,9
"827",19190,"3F42001^^3774060E","BADGER MOUNTAIN ES","BADGER MOUNTAIN ELEMENTARY (RICHLAND WA)",37,3,9
"828",19191,"3F42001^^3774093E","ALT YAKIMA SCHOOLS","ALT YAKIMA SCHOOLS (YAKIMA WA)",37,3,9
"829",19192,"3F42001^^3774106E","ALLAN KIRKWOOD ES","ALLAN KIRKWOOD ELEMENTARY (TOPPENISH WA)",37,3,9
"830",19193,"3F42001^^3774221E","ZILLAH MS (ZILLAH)","ZILLAH MIDDLE SCHOOL (ZILLAH WA)",37,3,9
"831",19194,"3F42001^^3774295E","RIVERS EDGE HS (RICH","RIVERS EDGE HIGH SCHOOL (RICHLAND WA)",37,3,9
"832",19195,"3F42001^^3774448E","COTTONWOOD ES(YAKIMA","COTTONWOOD ELEMENTARY (YAKIMA WA)",37,3,9
"833",19196,"3F42001^^3778003E","CHRIST THE KING(RICH","CHRIST THE KING SCHOOL (RICHLAND WA)",37,3,9
"834",19197,"3F42001^^3778228E","GRACE LUTH SCHL (YAK","GRACE LUTHERAN SCHOOL (YAKIMA WA)",37,3,9
"835",19198,"3F42001^^3778230E","ST JOSEPHS-MARQUETTE","ST. JOSEPH'S-MARGUETTE MIDDLE SCHS. (YAKIMA WA)",37,3,9
"836",19199,"3F42001^^3778231E","ST PAUL CATHEDRAL(YA","ST. PAUL CATHEDRAL SCHOOL (YAKIMA WA)",37,3,9
"837",19200,"3F42001^^3778232E","YAKIMA ADVENTIST CHR","YAKIMA ADVENTIST CHRISTIAN SCHOOL (YAKIMA WA)",37,3,9
"838",19201,"3F42001^^3778233E","GRANDVIEW JR ACADEMY","GRANDVIEW JUNIOR ACADEMY (GRANDVIEW WA)",37,3,9
"839",19202,"3F42001^^3778234E","ST JOSEPHS SCHL(SUNN","ST. JOSEPHS SCHOOL (SUNNYSIDE WA)",37,3,9
"840",19203,"3F42001^^3778235E","SUNNYSIDE CHRISTIAN","SUNNYSIDE CHRISTIAN SCHOOL (SUNNYSIDE WA)",37,3,9
"841",19204,"3F42001^^3778236E","CENTRAL VALLEY ACAD","CENTRAL VALLEY ACADEMY (WAPATO WA)",37,3,9
"842",19205,"3F42001^^3778316E","WEST SIDE CHRIST SCH","WEST SIDE CHRISTIAN SCHOOL (YAKIMA WA)",37,3,9
"843",19206,"3F42001^^3778555E","YAKAMA TRIBAL SCHOOL","YAKAMA TRIBAL SCHOOL (YAKIMA WA)",37,3,9
"844",19207,"3F42001^^3778564E","LIBERTY CHRIST(RICHL","LIBERTY CHRISTIAN SCHOOL (RICHLAND WA)",37,3,9
"845",19208,"3F42001^^3778694E","HARRAH COMMUNITY CHR","HARRAH COMMUNITY CHRISTIAN SCHOOL (HARRAH WA)",37,3,9
"846",19209,"3F42001^^3778880E","CHRISTA MCAULIFFE AC","CHRISTA MCAULIFFE AC (YAKIMA WA)",37,3,NA
"847",19210,"3F42001^^3778922E","OAKLEAF CENTER(RICHL","OAKLEAF CENTER (RICHLAND WA)",37,3,NA
"848",19212,"3F42001^^380003^H01","NELSON SPRINGS PDS","NELSON SPRINGS REARING PONDS NEAR SUNTIDES G.C.(NW STEELHEADERS)",38,3,10
"849",19213,"3F42001^^380003^H02","NACHES HATCHERY","NACHES HATCHERY (FORMERLY: NACHES TROUT HATCHERY)  (WDFW)",38,3,10
"850",19214,"3F42001^^380003^H03","NILE SPRINGS PONDS","NILE SPRINGS REARING PONDS ON NACHES RIVER (YAKIMA TRIBE)",38,3,NA
"851",19215,"3F42001^^380003^H04","STILES POND","STILES POND",38,3,NA
"852",19238,"3F42001^^380801^H","LOST CREEK PONDS","LOST CREEK PONDS",38,3,NA
"853",19255,"3F42001^^3871091E","NACHES VALLEY SD 3","NACHES VALLEY SCHOOL DISTRICT 3 (NACHES WA)",38,3,9
"854",19256,"3F42001^^3871130E","HIGHLAND SD 203(COWI","HIGHLAND SCHOOL DISTRICT 203 (COWICHE WA)",38,3,9
"855",19257,"3F42001^^3872591E","NACHES VALLEY HS(NAC","NACHES VALLEY HIGH SCHOOL (NACHES WA)",38,3,9
"856",19258,"3F42001^^3872718E","HIGHLAND HS(COWICHE)","HIGHLAND HIGH SCHOOL (COWICHE WA)",38,3,9
"857",19259,"3F42001^^3872897E","NACHES VALLEY ES(YAK","NACHES VALLEY PRIMARY SCHOOL (YAKIMA WA)",38,3,9
"858",19260,"3F42001^^3872898E","NACHES VALLEY MS(NAC","NACHES VALLEY MIDDLE SCHOOL (NACHES WA)",38,3,9
"859",19261,"3F42001^^3873072E","MARCUS WHITMAN-COWIC","MARCUS WHITMAN-COWICHE ELEMENTARY (COWICHE WA)",38,3,9
"860",19262,"3F42001^^3873073E","TIETON MS (TIETON)","TIETON MIDDLE SCHOOL (TIETON WA)",38,3,9
"861",19263,"3F42001^^3878596E","NILE CHRISTIAN SCHOL","NILE CHRISTIAN SCHOOL/HOPE ACADEMY (NACHES WA)",38,3,9
"862",19264,"3F42001^^3878866E","GREEN PASTURES LEARN","GREEN PASTURES LEARNING CENTER (NACHES WA)",38,3,9
"863",19265,"3F42001^^390002^H26","CLARK FLAT POND (39)","CLARK FLAT POND ON YAKIMA RIVER BELOW CLE ELUM",39,3,NA
"864",19266,"3F42001^^390002^H30","CLE ELUM HATCHERY","CLE ELUM HATCHERY ON YAKIMA RIVER AT CLE ELUM",39,3,NA
"865",19267,"3F42001^^390002^H32","CLE ELUM PONDS","CLE ELUM PONDS",39,3,NA
"866",19268,"3F42001^^390002^H40","EASTON POND     (39)","EASTON POND ON YAKIMA RIVER NEAR I90 AND EASTON",39,3,NA
"867",19275,"3F42001^^390391^H","ROSA ACCLIMATION PD","ROZA ACCLIMATION PONDS ON YAKIMA RIVER",39,3,NA
"868",19294,"3F42001^^391260^H20","TEANAWAY R NF POND","TEANAWAY R -NF POND ON YAKIMA RIVER",39,3,NA
"869",19310,"3F42001^^396001^H","ELLENSBURG KIWANIS","ELLENSBURG KIWANIS PROJECT",39,3,9
"870",19311,"3F42001^^3971045E","ELLENSBURG SD 401","ELLENSBURG SCHOOL DISTRICT 401 (ELLENSBURG WA)",39,3,9
"871",19312,"3F42001^^3971071E","SELAH SD 119 (SELAH)","SELAH SCHOOL DISTRICT 119 (SELAH WA)",39,3,9
"872",19313,"3F42001^^3971128E","CLE ELUM-ROSLYN SD","CLE ELUM-ROSLYN SCHOOL DISTRICT 404 (CLE ELUM WA)",39,3,9
"873",19314,"3F42001^^3971190E","KITTITAS SD 403","KITTITAS SCHOOL DISTRICT 403 (KITTITAS WA)",39,3,9
"874",19315,"3F42001^^3971237E","EASTON SD 028(EASTON","EASTON SCHOOL DISTRICT 028 (EASTON WA)",39,3,9
"875",19316,"3F42001^^3971238E","THORP SD 400","THORP SCHOOL DISTRICT 400 (THORP WA)",39,3,9
"876",19317,"3F42001^^3971280E","DAMMAN SD(ELLENSBURG","DAMMAN SCHOOL DISTRICT (ELLENSBURG WA)",39,3,9
"877",19318,"3F42001^^3972329E","CLE ELUM-ROSLYN HS","CLE ELUM-ROSLYN HIGH SCHOOL (CLE ELUM WA)",39,3,9
"878",19319,"3F42001^^3972354E","VALLEY VIEW ES(ELLEN","VALLEY VIEW ELEMENTARY (ELLENSBURG WA)",39,3,9
"879",19320,"3F42001^^3972388E","SELAH HS (SELAH)","SELAH HIGH SCHOOL (SELAH WA)",39,3,9
"880",19321,"3F42001^^3972453E","MORGAN MS(ELLENSBURG","MORGAN MIDDLE SCHOOL (ELLENSBURG WA)",39,3,9
"881",19322,"3F42001^^3972569E","KITTITAS ES/MS(KITTI","KITTITAS ELEM/MIDDLE SCHOOL (KITTITAS WA)",39,3,9
"882",19323,"3F42001^^3972570E","WALTER STROM MS (CLE","WALTER STROM MIDDLE SCHOOL (CLE ELEM)",39,3,9
"883",19324,"3F42001^^3972716E","JOHN CAMPBELL ES(SEL","JOHN CAMPBELL ELEMENTARY SCHOOL (SELAH WA)",39,3,9
"884",19325,"3F42001^^3972741E","LINCOLN ES(ELLENSBUR","LINCOLN ELEMENTARY (ELLENSBURG WA)",39,3,9
"885",19326,"3F42001^^3972766E","KITTITAS HS(KITTITAS","KITTITAS HIGH SCHOOL (KITTITAS WA)",39,3,9
"886",19327,"3F42001^^3972996E","ELLENSBURG HS","ELLENSBURG HIGH SCHOOL (ELLENSBURG WA)",39,3,9
"887",19328,"3F42001^^3973265E","ROBERT S LINCE INTER","ROBERT S LINCE INTERMEDIATE (SELAH WA)",39,3,9
"888",19329,"3F42001^^3973596E","MT STUART ES (ELLENS","MOUNT STUART ELEMENTARY (ELLENSBURG WA)",39,3,9
"889",19330,"3F42001^^3973767E","YAKIMA VALLEY SCHOOL","YAKIMA VALLEY SCHOOL (SELAH WA)",39,3,9
"890",19331,"3F42001^^3974111E","ELLENSBURG ALT ED PR","ELLENSBURG ALTERNATIVE ED PROGRAM (ELLENSBURG WA)",39,3,9
"891",19332,"3F42001^^3974161E","SELAH MS (SELAH)","SELAH MIDDLE SCHOOL (SELAH WA)",39,3,9
"892",19333,"3F42001^^3974272E","PULSE ALT SCHL(SELAH","PULSE ALTERNATIVE SCHOOL (SELAH WA)",39,3,9
"893",19334,"3F42001^^3974434E","CLE ELUM-ROSLYN ES","CLE ELUM-ROSLYN ELEMENTARY (CLE ELUM WA)",39,3,9
"894",19335,"3F42001^^3978415E","VALLEY CHRISTIAN(ELL","VALLEY CHRISTIAN SCHOOL (ELLENSBURG WA)",39,3,9
"895",19336,"3F42001^^3978941E","ELLENSBURG CHRIST SC","ELLENSBURG CHRISTIAN SCHOOL (ELLENSBURG WA)",39,3,9
"896",19337,"3F42001^^3978960E","ELLENSBURG COUNTRY S","ELLENSBURG COUNTRY SCHOOL (ELLENSBURG, WA)",39,3,9
"897",19346,"3F42001^^406015^H","BIO SONICS DAM STUDY","BIO SONICS",40,3,NA
"898",24152,"3F42001^^3773962E","BENTON CONSERVATION DISTRICT","BENTON CONSERVATION DISTRICT",NA,3,NA
"899",24166,"3F42001^^37^^^^^E","YAKIMA BASIN ENVIRONMENTAL EDUC PRO","YAKIMA BASIN ENVIROMENTAL EDUCATION  PROGRAM",37,3,NA
"900",24619,"3F^^^TEMP0024619","WDFW - PASCO OFFICE","WDFW - PASCO OFFICE",NA,3,NA
"901",24677,"3F42001^^3678021E","RICHLAND R+G CLUB","RICHLAND ROD AND GUN CLUB",NA,3,NA
"902",24694,"3F^^^TEMP0024694","NMFS - BONNEVILLE HATCHERY","NMFS - BONNEVILLE HATCHERY - ON THE GROUNDS OF THE BONNEVILLE DAM LOCATION IN OREGON",NA,3,NA
"903",24797,"3F42001^^4070001E","PACIFIC NORTHWEST NATIONAL LABORATORY","PACIFIC NORTHWEST NATIONAL LABORATORY",37,3,NA
"904",28075,"3F42001^^370002^H06","MELVIN R SAMPSON COHO FACILITY","MELVIN R SAMPSON COHO FACILITY",39,3,NA
"905",17,"3F^^^^^^^^^^^^^^H57","BEAR SPRINGS+TULALIP","MIXED STOCKS - BEAR SPRINGS 1 (SOLDUC SATTELITE) AND TULALIP HATCHERY",NA,4,NA
"906",180,"3F^4^^^^^^^^^^^^E","REG 4 ED COOPS","WASHINGTON REGION 4 EDUACATIONAL COOPS -UNSPECIFIED",NA,4,NA
"907",277,"3F10107^^^^^^^^^H01","RFEG 1 NOOKSK/SAMISH","WASHINGTON REGIONAL ENHANCEMENT GROUP 1 - NOOKSACK SAMISH",NA,4,NA
"908",395,"3F10107^^010101WH","SANDY POINT HATCHERY","SANDY POINT REARING FACILITY @ NEPTUNE BEACH (LUMMI TRIBE)(NO RELEASES-WELL H20)",1,4,NA
"909",414,"3F10107^^010119AH","BAKER MTN RANCH POND","BAKER MOUNTAIN RANCH POND ON SW LUMMI IS  (NOOKSACK TRIBE)",1,4,NA
"910",416,"3F10107^^010120^H","LUMMI HATCHERY -POND","LUMMI HATCHERY AT SEA POND SITE - NF NOOKSACK R WATER SUPPLY",1,4,NA
"911",417,"3F10107^^010120^H02","RUTSATZ SLOUGH POND","RUTSATZ SLOUGH POND - NF NOOKSACK R - (NOOKSACK TRIBE)",1,4,NA
"912",418,"3F10107^^010120^H04","BOYD CR REARING POND","BOYD CREEK REARING POND (NF NOOKSACK WATER) (NOOKSACK TRIBE)",1,4,NA
"913",478,"3F10107^^010156^H","MAMOYA POND HATCHERY","MAMOYA POND HATCHERY (LUMMI TRIBE - ON SLATER SLOUGH)",1,4,NA
"914",572,"3F10107^^010234^H","SMITH CR INCUB SITE","SMITH CREEK INCUBATION SITE",1,4,NA
"915",603,"3F10107^^010261^H","HUTCHINSON CHANNEL","HUTCHINSON CREEK SPAWNING AND REARING CHANNEL ON UNNAMED CREEK 01.0261",1,4,NA
"916",617,"3F10107^^010273^H","SKOOKUM CR HATCHERY","SKOOKUM CREEK HATCHERY  (LUMMI TRIBE)",1,4,NA
"917",688,"3F10107^^010339^H","MCKINNON PD (WHAT)","MCKINNON POND ON MF NOOKSACK RIVER",1,4,NA
"918",765,"3F10107^^010406^H","KENDALL CR HATCHERY","KENDALL CR HATCHERY (FORMERLY: NOOKSACK HATCHERY ON KENDALL CR)",1,4,8
"919",864,"3F10107^^010495^H","DEADHORSE CR POND","DEADHORSE CREEK ACCLIMATION POND (COOP)",1,4,NA
"920",932,"3F10107^^010560^H","TOAD CREEK PROJECT","TOAD CREEK PROJECT   (01.0560)",1,4,9
"921",939,"3F10107^^010566^H01","WHATCOM CR HATCHERY","WHATCOM CREEK HATCHERY (FORMERLY KNOWN AS BELLINGHAM HERITAGE)    CO-OP",1,4,NA
"922",996,"3F10107^^010619^H","LK WHATCOM HATCHERY","LK WHATCOM HATCHERY",1,4,8
"923",1006,"3F10107^^010626^H","BELLINGHAM HATCHERY","(FORMERLY: BELLINGHAM TROUT HAT) CHUCKANUT CR -LK WHATCOM WATER",1,4,8
"924",1038,"3F10107^^016000^H99","NOOKSACK TRIBE-OUTPL","NOOKSACK TRIBE OUTPLANTING PROGRAM",1,4,NA
"925",1039,"3F10107^^016007^H","NOOKSACK AG DEPT","NOOKSACK AG DEPT",1,4,NA
"926",1040,"3F10107^^016010^H","DRAYTON HARBOR","DRAYTON HARBOR",1,4,NA
"927",1041,"3F10107^^016020^H","BLHM SAMISH BAY ENHA","BLHM SAMISH BAY ENHAN",1,4,NA
"928",1042,"3F10107^^016025^H","KAMPS(LEROY) PROJECT","LEROY KAMPS PROJECT",1,4,9
"929",1043,"3F10107^^0171022E","BELLINGHAM SD 501","BELLINGHAM SCHOOL DISTRICT 501 (BELLINGHAM WA)",1,4,9
"930",1044,"3F10107^^0171073E","FERNDALE SD 502","FERNDALE SCHOOL DISTRICT 502 (FERNDALE WA)",1,4,9
"931",1045,"3F10107^^0171097E","BLAINE SD 503(BLAINE","BLAINE SCHOOL DISTRICT 503 (BLAINE WA)",1,4,9
"932",1046,"3F10107^^0171098E","LYNDEN SD 504(LYNDEN","LYNDEN SCHOOL DISTRICT 504 (LYNDEN WA)",1,4,9
"933",1047,"3F10107^^0171099E","MERIDIAN SD 505(BELL","MERIDIAN SCHOOL DISTRICT 505 (BELLINGHAM WA)",1,4,9
"934",1048,"3F10107^^0171100E","NOOKSACK VAL SD 5","NOOKSACK VALLEY SCHOOL DISTRICT 506 (NOOKSACK WA)",1,4,9
"935",1049,"3F10107^^0171101E","MT BAKER SD507DEMING","MOUNT BAKER SCHOOL DISTRICT 507 (DEMING WA)",1,4,9
"936",1050,"3F10107^^0172066E","FAIRHAVEN MS(BELLING","FAIRHAVEN MIDDLE SCHOOL (BELLINGHAM WA)",1,4,9
"937",1051,"3F10107^^0172067E","ROOSEVELT ES(BELLING","ROOSEVELT ELEMENTARY (BELLINGHAM WA)",1,4,9
"938",1052,"3F10107^^0172075E","WHATCOM MS (BELLINGH","WHATCOM MIDDLE SCHOOL (BELLINGHAM WA)",1,4,9
"939",1053,"3F10107^^0172175E","SILVER BEACH ES (BEL","SILVER BEACH ELEMENTARY (BELLINGHAM WA)",1,4,9
"940",1054,"3F10107^^0172219E","LYNDEN MS (LYNDEN)","LYNDEN MIDDLE SCHOOL (LYNDEN WA)",1,4,9
"941",1055,"3F10107^^0172225E","LOWELL ES(BELLINGHAM","LOWELL ELEMENTARY (BELLINGHAM)",1,4,9
"942",1056,"3F10107^^0172261E","LARABEE ES (BELLING","LARRABEE ELEMENTARY SCHOOL (BELLINGHAM WA)",1,4,9
"943",1057,"3F10107^^0172262E","GENEVA ES(BELLINGHAM","GENEVA ELEMENTARY (BELLINGHAM WA)",1,4,9
"944",1058,"3F10107^^0172263E","BEACH ES (LUMMI IS)","BEACH ELEMENTARY (LUMMI ISLAND WA)",1,4,9
"945",1059,"3F10107^^0172343E","MT BAKER JHS HS(DEMI","MOUNT BAKER JUNIOR-SENIOR HIGH (DEMING WA)",1,4,9
"946",1060,"3F10107^^0172365E","COLUMBIA ES(BELLINGH","COLUMBIA ELEMENTARY SCHOOL (BELLINGHAM WA)",1,4,9
"947",1061,"3F10107^^0172387E","SUNNYLAND ES(BELLING","SUNNYLAND ELEMENTARY SCHOOL (BELLINGHAM WA)",1,4,9
"948",1062,"3F10107^^0172431E","BIRCHWOOD ES(BELLING","BIRCHWOOD ELEMENTARY SCHOOL (BELLINGHAM WA)",1,4,9
"949",1063,"3F10107^^0172458E","CENTRAL ES (FERNDALE","CENTRAL ELEMENTARY (FERNDALE WA)",1,4,9
"950",1064,"3F10107^^0172459E","NOOKSACK VAL JHS HS","NOOKSACK VALLEY JR-SR HIGH (NOOKSACK WA)",1,4,9
"951",1065,"3F10107^^0172488E","FERNDALE HS","FERNDALE HIGH SCHOOL (FERNDALE)",1,4,9
"952",1066,"3F10107^^0172489E","NOOKSACK VAL PS(SUMA","NOOKSACK VALLEY PRIMARY (SUMAS WA)",1,4,9
"953",1067,"3F10107^^0172553E","BELLINGHAM HS (BELLI","BELLINGHAM HIGH SCHOOL (BELLINGHAM WA)",1,4,9
"954",1068,"3F10107^^0172554E","MERIDIAN HS (BELLING","MERIDIAN HIGH SCHOOL (BELLINGHAM WA)",1,4,9
"955",1069,"3F10107^^0172583E","NORTH BELLINGHAM ES","NORTH BELLINGHAM ELEMENTARY (BELLINGHAM WA)",1,4,9
"956",1070,"3F10107^^0172584E","IRENE REITHER ES(EVE","IRENE REITHER PRIMARY (EVERSON WA)",1,4,9
"957",1071,"3F10107^^0172585E","ACME ES (ACME)","ACME ELEMENTARY SCHOOL (ACME WA)",1,4,9
"958",1072,"3F10107^^0172586E","MAPLE FALLS ES","MAPLE FALLS ELEMENTARY SCHOOL (MAPLE FALLS WA)",1,4,9
"959",1073,"3F10107^^0172607E","CUSTER ES (CUSTER)","CUSTER ELEMENTARY SCHOOL (CUSTER WA)",1,4,9
"960",1074,"3F10107^^0172687E","NOOKSACK VAL ES(EVER","NOOKSACK VALLEY ELEMENTARY (EVERSON WA)",1,4,9
"961",1075,"3F10107^^0172713E","PT ROBERTS PRIMARY","BLAINE ELEM & PT ROBERTS PRIMARY (BLAINE WA)",1,4,9
"962",1076,"3F10107^^0172781E","DEMING ES (DEMING)","DEMING ELEMENTARY SCHOOL (DEMING WA)",1,4,9
"963",1077,"3F10107^^0172817E","CARL COZIER ES (BELL","CARL COZIER ELEMENTARY (BELLINGHAM WA)",1,4,9
"964",1078,"3F10107^^0173134E","HAPPY VALLEY ES(BELL","HAPPY VALLEY ELEMENTARY SCHOOL (BELLINGHAM WA)",1,4,9
"965",1079,"3F10107^^0173136E","BLAINE HS (BLAINE)","BLAINE HIGH SCHOOL (BLAINE)",1,4,9
"966",1080,"3F10107^^0173200E","ALDERWOOD ES (BELLIN","ALDERWOOD ELEMENTARY (BELLINGHAM WA)",1,4,9
"967",1081,"3F10107^^0173201E","SHUKSAN MS(BELLINGHA","SHUKSAN MIDDLE SCHOOL (BELLINGHAM)",1,4,9
"968",1082,"3F10107^^0173202E","PARKVIEW ES (BELLING","PARKVIEW ELEMENTARY (BELLINGHAM WA)",1,4,9
"969",1083,"3F10107^^0173364E","MT VIEW ES (FERNDALE","MOUNTAIN VIEW ELEMENTARY (FERNDALE WA)",1,4,9
"970",1084,"3F10107^^0173365E","HARMONY ES(BELLINGHA","HARMONY ELEMENTARY SCHOOL (BELLINGHAM WA)",1,4,9
"971",1085,"3F10107^^0173417E","FISHER ES (LYNDEN)","FISHER ELEMENTARY SCHOOL (LYNDEN WA)",1,4,9
"972",1086,"3F10107^^0173576E","SEHOME HS(BELLINGHAM","SEHOME HIGH SCHOOL (BELLINGHAM WA)",1,4,9
"973",1087,"3F10107^^0173762E","VISTA MS (FERNDALE)","VISTA MIDDLE SCHOOL (FERNDALE)",1,4,9
"974",1088,"3F10107^^0173796E","BLAINE MS (BLAINE)","BLAINE MIDDLE SCHOOL (BLAINE WA)",1,4,9
"975",1089,"3F10107^^0173930E","MERIDIAN MS (LYNDEN)","MERIDIAN MIDDLE SCHOOL (LYNDEN WA)",1,4,9
"976",1090,"3F10107^^0174130E","SKYLINE ES (FERNDALE","SKYLINE ELEMENTARY (FERNDALE WA)",1,4,9
"977",1091,"3F10107^^0174201E","LYNDEN HS (LYNDEN)","LYNDEN HIGH SCHOOL (LYNDEN WA)",1,4,9
"978",1092,"3F10107^^0174324E","ISOM INTERMEDIATE SC","ISOM INTERMEDIATE SCHOOL (LYNDEN WA)",1,4,9
"979",1093,"3F10107^^0174388E","TEN MILE CR ES(EVERS","TEN MILE CREEK ELEMENTARY (EVERSON WA)",1,4,9
"980",1094,"3F10107^^0174428E","NOOKSACK VAL S PS(EV","NOOKSACK VALLEY SOUTH PRIMARY (EVERSON WA)",1,4,9
"981",1095,"3F10107^^0174442E","KULSHAN MS(BELLINGHA","KULSHAN MIDDLE SCHOOL (BELLINGHAM WA)",1,4,9
"982",1096,"3F10107^^0174479E","BLAINE ES (BLAINE)","BLAINE PRIMARY SCHOOL (BLAINE WA)",1,4,9
"983",1097,"3F10107^^0178215E","ASSUMPTION SCHL (BEL","ASSUMPTION SCHOOL (BELLINGHAM WA)",1,4,9
"984",1098,"3F10107^^0178216E","BELLINGHAM CHRISTIAN","BELLINGHAM CHRISTIAN SCHOOL (BELLINGHHAM WA)",1,4,9
"985",1099,"3F10107^^0178221E","EBENEZER CHRIST SCHL","EBENEZER CHRISTIAN SCHOOL (LYNDEN WA)",1,4,9
"986",1100,"3F10107^^0178222E","LYNDEN CHRISTIAN","LYNDEN CHRISTIAN SCHOOLS (LYNDEN)",1,4,9
"987",1101,"3F10107^^0178474E","COVENANT CHRISTIAN(L","COVENANT CHRISTIAN SCHOOL (LYNDEN WA)",1,4,9
"988",1102,"3F10107^^0178565E","LUMMI TRIBAL SCH SYS","LUMMI TRIBAL SCHOOL SYSTEM (BELLINGHAM WA)",1,4,9
"989",1103,"3F10107^^0178576E","BELLINGHAM COOP SCHL","BELLINGHAM COOPERATIVE SCHOOL (BELLINGHAM)",1,4,9
"990",1104,"3F10107^^0178642E","RUFUS JONES(BELLINGH","RUFUS JONES SCHOOL (BELLINGHM WA)",1,4,9
"991",1105,"3F10107^^0178755E","BAKER VIEW ADVENTIST","BAKER VIEW ADVENTIST SCHOOL (BELLINGHAM WA)",1,4,9
"992",1106,"3F10107^^0178869E","WHATCOM HILLS WALDOR","WHATCOM HILLS WALDORF (BELLINGHAM WA)",1,4,9
"993",1107,"3F10107^^0178917E","WHATCOM DAY ACAD(BEL","WHATCOM DAY ACADEMY (BELLINGHAM WA)",1,4,9
"994",1108,"3F10107^^0178924E","LUMMI MIDLCOLLEGE HS","LUMMI MIDDLE COLLEGE HIGH SCHOOL (BELLINGHAM WA)",1,4,9
"995",1109,"3F10107^^0178936E","EVERGREEN CHRIST(BEL","EVERGREEN CHRISTIAN SCHOOL (BELLINGHAM WA)",1,4,9
"996",1110,"3F10107^^0178964E","WELL SPRING COMMUNIT","WELL SPRING COMMUNITY SCHOOL (BELLINGHAM, WA)",1,4,9
"997",1115,"3F10107^^030005^H14","SAMISH RSI'S","SAMISH RIVER REMOTE SITE INCUBATORS",3,4,NA
"998",1116,"3F10107^^030005^H16","SAMISH RSI @ SKARRUP","SAMISH RIVER REMOTE SITE INCUBATOR AT SKARRUP ROAD TRIBUTARY",3,4,NA
"999",1117,"3F10107^^030005^H18","SAMISH RSI @BLANK RD","SAMISH RIVER REMOTE SITE INCUBATOR AT BLANK ROAD SPRING",3,4,NA
"1000",1135,"3F10107^^030015^H","BOB SMITH CR PROJECT","BOB SMITH CR PROJECT (SAMISH RIVER TRIB AT RM 10)",3,4,9
"1001",1138,"3F10107^^030017^H","SAMISH HATCHERY","SAMISH HATCHERY - FRIDAY CREEK",3,4,8
"1002",1139,"3F10107^^030017^H02","FRIDAY CR PROJ. (03)","FRIDAY CREEK PROJECT",3,4,9
"1003",1151,"3F10107^^030023^H02","CAIN LK PROJ. (03)","CAIN LAKE PROJECT",3,4,9
"1004",1186,"3F10107^^030051^H14","PRAIRIE LANE SPR RSI","PRAIRIE LANE SPRING REMOTE SITE INCUBATOR ON UNNAMED TRIBUTARY 03.0051",3,4,NA
"1005",1258,"3F10107^^036015^H","FIDALGO FLYFISHERS","FIDALGO FLYFISHERS",3,4,9
"1006",1259,"3F10107^^036190^H","MUD CR PROJECT  (03)","MUD CREEK ENHANCEMENT PROJECT",3,4,9
"1007",1260,"3F10107^^0371054E","ANACORTES SD NO 103","ANACORTES SCHOOL DISTRICT NO. 103 (ANACORTES WA)",3,4,9
"1008",1261,"3F10107^^0372379E","EDISON ES (EDISON)","EDISON ELEMENTARY (EDISON WA)",3,4,9
"1009",1262,"3F10107^^0372467E","ANACORTES HS (ANACOR","ANACORTES SENIOR HIGH SCHOOL (ANACORTES WA)",3,4,9
"1010",1263,"3F10107^^0372707E","ANACORTES MS (ANACOR","ANACORTES MIDDLE SCHOOL (ANACORTES WA)",3,4,9
"1011",1264,"3F10107^^0373057E","MT ERIE ES (ANACO","MOUNT ERIE ELEMENTARY (ANACORTES WA)",3,4,9
"1012",1265,"3F10107^^0373182E","FIDALGO ES(ANACORTES","FIDALGO ELEMENTARY SCHOOL (ANACORTES WA)",3,4,9
"1013",1266,"3F10107^^0373252E","IS VIEW ES(ANACORTES","ISLAND VIEW ELEMENTARY (ANACORTES WA)",3,4,9
"1014",1267,"3F10107^^0373402E","SAMISH ES(SEDRO WOOL","SAMISH ELEMENTARY SCHOOL (SEDRO-WOOLLEY)",3,4,9
"1015",1268,"3F10107^^0373404E","WHITNEY ES(ANACORTES","WHITNEY ELEMENTARY (ANACORTES WA)",3,4,9
"1016",1269,"3F10107^^0373603E","ALLEN ES (BOW)","ALLEN ELEMENTARY SCHOOL (BOW WA)",3,4,9
"1017",1272,"3F10208^^^^^^^^^H02","RFEG 2 SKAGIT","WASHINGTON REGIONAL ENHANCEMENT GROUP 2 - SKAGIT",NA,4,9
"1018",1457,"3F10208^^030268^H","UPPER SKAGIT HATCHERY","UPPER SKAGIT HATCHERY (NO ONSITE RELEASES)",3,4,NA
"1019",1562,"3F10208^^030358AH","DAVIS SLOUGH RRING POND","DAVIS SLOUGH REARING POND ('DAVIS SLOUGH', ENTERS SKAGIT R ON LB @RM 41.5)",3,4,NA
"1020",1651,"3F10208^^030435^H","PS ENERGY SPAWNING","PUGET SOUND ENERGY SPAWNING FACILITY AT NORTH END OF BAKER LAKE",4,4,NA
"1021",1652,"3F10208^^030435^H02","LK SHANNON NET PENS","LAKE SHANNON NET PENS  ADJACENT TO PUGET POWERS PENS",4,4,NA
"1022",1653,"3F10208^^030435^H03","BAKER SPAWNG BEACH 3","BAKER SPAWNING BEACH 3 (1 & 2 UNUSED)  10 MILES ABOVE UPPER BAKER DAM",4,4,8
"1023",1654,"3F10208^^030435^H04","BAKER SPAWNG BEACH 4","BAKER SPAWNING BEACHES 4-A-B-C-D IMMEDIATELY BELOW BAKER LK DAM (IN LK SHANNON)",4,4,8
"1024",1655,"3F10208^^030435^H34","BAKER LK HATCHERY","BAKER LAKE HATCHERY (FORMER NAME: BAKER SPAWNING BEACHES 3+4)",4,4,8
"1025",1720,"3F10208^^030488^H","SULPHUR SPRINGS HATC","SULPHUR SPRINGS HATCHERY (PUGET SOUND ENERGY)",4,4,NA
"1026",1913,"3F10208^^030673^H84","SAUK POND (PRE1985)","SAUK POND @ T32N R9E SEC13E ON RIVER BRAID - NONEXISTENT SINCE 1984",4,4,NA
"1027",2640,"3F10208^^031340^H10","HARRISON POND 3.1340","HARRISON POND ON LUCAS SLOUGH (SKAGIT)(AKA MILL SLOUGH AND HARRISON SLOUGH)",3,4,NA
"1028",2648,"3F10208^^031343^H","BARNABY SLOUGH PD","BARNABY SLOUGH POND",4,4,8
"1029",2738,"3F10208^^031421^H","MARBLEMOUNT HATCHERY","MARBLEMOUNT HATCHERY (FORMERLY: SKAGIT HATCHERY) -CLARK CREEK",4,4,8
"1030",3184,"3F10208^^031853AH","COUNTY LINE PONDS","COUNTY LINE PONDS  (SKAGIT)",4,4,NA
"1031",4327,"3F10208^^036001^H","TWIN CEDARS ED CENT","TWIN CEDARS EDUCATION CENTER",3,4,9
"1032",4328,"3F10208^^036005^H","SKAGIT SYSTEM COOP","SKAGIT SYSTEM COOP",3,4,9
"1033",4329,"3F10208^^036016^H","WILDCAT STEELHEADERS","WILDCAT STEELHEAD CLUB  SEDRO WOOLLEY",3,4,9
"1034",4330,"3F10208^^036025^H","SKULL CR ENHANCEMENT","SKULL CR ENHANCEMENT",3,4,NA
"1035",4331,"3F10208^^036027^H","FORGOTTEN MT R COOP","FORGOTTEN MT RIV",3,4,9
"1036",4332,"3F10208^^0370189E","NORTHWEST ESD 189","NORTHWEST ESD 189 (MOUNT VERNON WA)",3,4,9
"1037",4333,"3F10208^^0371052E","BURLINGTON-EDISON SD","BURLINGTON-EDISON SCHOOL DISTRICT 100 (BURLINGTON WA)",3,4,9
"1038",4334,"3F10208^^0371053E","SEDRO-WOOLLEY SD 101","SEDRO-WOOLLEY SCHOOL DISTRICT 101 (SEDRO-WOOLLEY WA)",3,4,9
"1039",4335,"3F10208^^0371055E","MT VERNON SD 320","MOUNT VERNON SCHOOL DISTRICT 320 (MOUNT VERNON WA)",3,4,9
"1040",4336,"3F10208^^0371162E","CONCRETE SD 11","CONCRETE SCHOOL DISTRICT 11 (CONCRETE WA)",3,4,9
"1041",4337,"3F10208^^0371163E","DARRINGTON SD 330","DARRINGTON SCHOOL DISTRICT 330 (DARRINGTON WA)",3,4,9
"1042",4338,"3F10208^^0371198E","LA CONNER SD 311","LA CONNER SCHOOL DISTRICT 311 (LA CONNER WA)",3,4,9
"1043",4339,"3F10208^^0371291E","CONWAY SD (MT VERNON","CONWAY CONSOLIDATED SCHOOL DISTRICT 317 (MOUNT VERNON)",3,4,9
"1044",4340,"3F10208^^0372150E","SEDRO-WOOLLEY HS","SEDRO-WOOLLEY SENIOR HIGH (SEDRO-WOOLLEY)",3,4,9
"1045",4341,"3F10208^^0372276E","LA CONNER HS","LA CONNER HIGH SCHOOL (LA CONNER WA)",3,4,9
"1046",4342,"3F10208^^0372295E","MT VERNON HS(MOUNT V","MOUNT VERNON HIGH SCHOOL (MOUNT VERNON WA)",3,4,9
"1047",4343,"3F10208^^0372362E","BURLINGTON-EDISON HS","BURLINGTON-EDISON HIGH (BURLINGTON)",3,4,9
"1048",4344,"3F10208^^0372380E","CENTRAL ES #2 (SEDRO","CENTRAL ELEMENTARY SCHOOL (SEDRO WOOLLEY) #2",3,4,9
"1049",4345,"3F10208^^0372521E","BIG LAKE ES(MT VERNO","BIG LAKE ELEMENTARY SCHOOL (MOUNT VERNON)",3,4,9
"1050",4346,"3F10208^^0372522E","LA CONNER ES","LA CONNER ELEMENTARY (LA CONNER WA)",3,4,9
"1051",4347,"3F10208^^0372577E","CONCRETE ES (CONCRET","CONCRETE ELEMENTARY SCHOOL (CONCRETE WA)",3,4,9
"1052",4348,"3F10208^^0372579E","LINCOLN ES(MOUNT VER","LINCOLN ELEMENTARY SCHOOL (MOUNT VERNON WA)",3,4,9
"1053",4349,"3F10208^^0372620E","LYMAN ES (LYMAN)","LYMAN ELEMENTARY SCHOOL (LYMAN WA)",3,4,9
"1054",4350,"3F10208^^0372774E","MARY PURCELL ES(SEDR","MARY PURCELL ELEMENTARY SCHOOL (SEDRO-WOOLLEY)",3,4,9
"1055",4351,"3F10208^^0372810E","CONCRETE MS/HS(CONCR","CONCRETE MIDDLE & HIGH SCHOOL (CONCRETE WA)",3,4,9
"1056",4352,"3F10208^^0372880E","WASHINGTON ES(MT VER","WASHINGTON ELEMENTARY SCHOOL (MOUNT VERNON WA)",3,4,9
"1057",4353,"3F10208^^0372946E","WEST VIEW ES(BURLING","WEST VIEW ELEMENTARY (BURLINGTON WA)",3,4,9
"1058",4354,"3F10208^^0373001E","MADISON ES (MOUNT VE","MADISON ELEMENTARY (MOUNT VERNON WA)",3,4,9
"1059",4355,"3F10208^^0373181E","CASCADE MS (SEDRO-WO","CASCADE MIDDLE SCHOOL (SEDRO-WOOLLEY WA)",3,4,9
"1060",4356,"3F10208^^0373183E","JEFFERSON ES(MOUNT V","JEFFERSON ELEMENTARY (MOUNT VERNON WA)",3,4,9
"1061",4357,"3F10208^^0373188E","DARRINGTON HS/MS","DARRINGTON HIGH/MIDDLE SCHOOL (DARRINGTON WA)",3,4,9
"1062",4358,"3F10208^^0373251E","LUCILLE UMBARGER ES","LUCILLE UMBARGER ELEMENTARY (BURLINGTON WA)",3,4,9
"1063",4359,"3F10208^^0373403E","CLEAR LAKE ES","CLEAR LAKE ELEMENTARY SCHOOL (CLEARLAKE)",3,4,9
"1064",4360,"3F10208^^0373609E","DARRINGTON ES","DARRINGTON ELEMENTARY (DARRINGTON WA)",3,4,9
"1065",4361,"3F10208^^0373821E","LA VENTURE MS(MT VER","LA VENTURE MIDDLE SCHOOL (MOUNT VERNON WA)",3,4,9
"1066",4362,"3F10208^^0373900E","LA CONNER MS","LA CONNER MIDDLE SCHOOL (LA CONNER WA)",3,4,9
"1067",4363,"3F10208^^0373942E","EVERGREEN ES #1(SEDR","EVERGREEN ELEMENTARY SCHOOL #1 (SEDRO-WOOLLEY)",3,4,9
"1068",4364,"3F10208^^0374329E","CENTENNIAL ES(MT VER","CENTENNIAL ELEMENTARY SCHOOL (MOUNT VERNON WA)",3,4,9
"1069",4365,"3F10208^^0374412E","BAY VIEW ES (BURLING","BAY VIEW ELEMENTARY (BURLINGTON WA)",3,4,9
"1070",4366,"3F10208^^0378151E","NORTH PUGET ADVENTIS","NORTH PUGET ADVENTIST JR. ACAD. (BURLINGTON WA)",3,4,9
"1071",4367,"3F10208^^0378153E","IMMACULATE CONC(MT V","IMMACULATE CONCEPTION SCHOOL (MOUNT VERNON WA)",3,4,9
"1072",4368,"3F10208^^0378154E","MT VERNON CHRISTIAN","MOUNT VERNON CHRISTIAN SCHOOL (MOUNT VERNON WA)",3,4,9
"1073",4369,"3F10208^^0378498E","FLOYD PAXTON ES(MT V","FLOYD PAXTON ELEMENTARY SCHOOL (MOUNT VERNON WA)",3,4,9
"1074",4370,"3F10208^^0378570E","BURLINGTON LITTLE SC","BURLINGTON LITTLE SCHOOL (BURLINGTON WA)",3,4,9
"1075",4371,"3F10208^^0378705E","VIEWCREST CHRISTIAN","VIEWCREST CHRISTIAN SCHOOL (MOUNT VERNON WA)",3,4,9
"1076",4372,"3F10208^^0378946E","ALGER LEARNING CENTR","ALGER LEARNING CENTER (SEDRO WOOLLEY, WA)",3,4,9
"1077",4373,"3F10208^^0379994E","STATE ST ED CENTER","STATE ST ED CENTER (GRADES 9-12)(SEDRO WOOLLEY WA)",3,4,9
"1078",4398,"3F10208^^060072^H12","WEST SOUND CR RSI","WEST SOUND CREEK REMOTE SITE INCUBATOR ON UNNAMED TRIBUTARY 06.0072",6,4,NA
"1079",4404,"3F10208^^0671051E","OAK HARBOR SD 201","OAK HARBOR SCHOOL DISTRICT 201 (OAK HARBOR WA)",6,4,9
"1080",4405,"3F10208^^0671161E","COUPEVILLE SD 204","COUPEVILLE SCHOOL DISTRICT 204 (COUPEVILLE WA)",6,4,9
"1081",4406,"3F10208^^0672625E","COUPEVILLE MS HS","COUPEVILLE MIDDLE AND HIGH SCHOOL (COUPEVILLE WA)",6,4,9
"1082",4407,"3F10208^^0672696E","OAK HARBOR ES (OAK H","OAK HARBOR ELEMENTARY SCHOOL (OAK HARBOR WA)",6,4,9
"1083",4408,"3F10208^^0672794E","CLOVER VALLEY ES(OAK","CLOVER VALLEY ELEMENTARY (OAK HARBOR WA)",6,4,9
"1084",4409,"3F10208^^0672974E","OAK HARBOR HS (OAK H","OAK HARBOR HIGH SCHOOL (OAK HARBOR WA)",6,4,9
"1085",4410,"3F10208^^0673274E","OAK HARBOR MS (OAK H","OAK HARBOR MIDDLE SCHOOL (OAK HARBOR WA)",6,4,9
"1086",4411,"3F10208^^0673377E","CRESCENT HARBOR ES","CRESCENT HARBOR ELEMENTARY (OAK HARBOR WA)",6,4,9
"1087",4412,"3F10208^^0673477E","BROAD VIEW ES(OAK HR","BROAD VIEW ELEMENTARY SCHOOL (OAK HARBOR WA)",6,4,9
"1088",4413,"3F10208^^0673566E","OLYMPIC VIEW ES(OAK","OLYMPIC VIEW ELEMENTARY (OAK HARBOR WA)",6,4,9
"1089",4414,"3F10208^^0673664E","COUPEVILLE ES","COUPEVILLE ELEMENTARY SCHOOL (COUPEVILLE)(MAXWELTON)",6,4,9
"1090",4415,"3F10208^^0673939E","OAK HARBOR JHS(OAK H","OAK HARBOR JUNIOR HIGH (OAK HARBOR WA)",6,4,9
"1091",4416,"3F10208^^0674328E","HILLCREST ES(OAK HAR","HILLCREST ELEMENTARY (OAK HARBOR WA)",6,4,9
"1092",4417,"3F10208^^0678026E","OAK HARBOR CHRISTIAN","OAK HARBOR CHRISTIAN SCHOOL (OAK HARBOR WA)",6,4,9
"1093",4418,"3F10208^^0678881E","DER KINDERHUIS SCHL","DER KINDERHUIS SCHOOL (OAK HARBOR WA)",6,4,9
"1094",4419,"3F10208^^0678930E","CHRIST LIFE ACADEMY","CHRISTIAN LIFE ACADEMY (CAMANO ISLAND, WA)",6,4,9
"1095",4420,"3F10208^^0678988E","OAK HARBOR SDA ES","OAK HARBOR SDA ELEMENTARY SCHOOL (OAK HARBOR, WA)",6,4,9
"1096",4422,"3F10308^^^^^^^^^H03","RFEG 3 STILLY-SNOHOM","WASHINGTON REGIONAL ENHANCEMENT GROUP 3 - STILLAGUAMISH-SNOHOMISH",NA,4,NA
"1097",4573,"3F10308^^050126^H","STILLAGUAMISH HATCH","STILLAGUAMISH HATCHERY (STILLAGUAMISH TRIBE) (ARMSTRONG AKA HARVEY CR BY TRIBES)",5,4,NA
"1098",4581,"3F10308^^050131^H","HARVEY CR HATCHERY","HARVEY CREEK HATCHERY  (TRIB OF NF STILLAGUAMISH RIVER)",5,4,NA
"1099",4626,"3F10308^^050168^H","ARLINGTON HATCHERY","ARLINGTON HATCHERY",5,4,1
"1100",4631,"3F10308^^050170AH","NORTH FORK HATCHERY","NORTH FORK HATCHERY (STILLAGUAMISH TRIBE)",5,4,NA
"1101",4682,"3F10308^^050216AH01","HOWELL PONDS 05.0216A","HOWELL PONDS ON UNNAMED TRIBUTARY 05.0216A (STILLAGUAMISH TRIBE)",5,4,NA
"1102",4723,"3F10308^^050254^H","FORTSON POND NET PEN","FORTSON PONDS NET PENS",5,4,NA
"1103",4726,"3F10308^^050254AH","WHITEHORSE POND","WHITEHORSE SPRINGS REARING FACILITY ON TRIB TO STILLAGUAMISH R @RM 28.5",5,4,1
"1104",4800,"3F10308^^050322^H","JIM CR HATCHERY","JIM CR (STILLAGUAMISH R TRIB) HATCHERY (STILLAGUAMISH TRIBE)",5,4,NA
"1105",4851,"3F10308^^050358AH","BRENNER HATCHERY","BRENNER HATCHERY (SF STILLAGUAMISH TRIBUTARY)",5,4,NA
"1106",4859,"3F10308^^050361^H02","CANYON CR IMPRINT PD","CANYON CR IMPRINT POND ON UNNAMED TRIBUTARY TO CANYON CREEK (SF STILLAGUAMISH)",5,4,NA
"1107",4978,"3F10308^^056005^H","EVERETT SCHOOL DIST","EVERETT SCHOOL DISTRICT",5,4,9
"1108",4979,"3F10308^^056010^H","INDIAN RIDGE PROJECT","INDIAN RIDGE CORRECTIONAL CENTER  (SIBERIA CREEK)",5,4,NA
"1109",4980,"3F10308^^0571075E","ARLINGTON SD 16(ARLI","ARLINGTON SCHOOL DISTRICT 16 (ARLINGTON WA)",5,4,9
"1110",4981,"3F10308^^0571103E","STANWOOD SD 401","STANWOOD SCHOOL DISTRICT 401 (STANWOOD WA)",5,4,9
"1111",4982,"3F10308^^0572152E","TRAFTON ES (ARLINGTO","TRAFTON ELEMENTARY (ARLINGTON WA)",5,4,9
"1112",4983,"3F10308^^0572400E","STANWOOD MS(STANWOOD)","STANWOOD MIDDLE SCHOOL (STANWOOD WA)",5,4,9
"1113",4984,"3F10308^^0572523E","ARLINGTON HS(ARLINGT","ARLINGTON HIGH SCHOOL (ARLINGTON WA)",5,4,9
"1114",4985,"3F10308^^0572581E","STANWOOD HS(STANWOOD)","STANWOOD HIGH SCHOOL (STANWOOD WA)",5,4,9
"1115",4986,"3F10308^^0573124E","POST MS (ARLINGTON)","POST MIDDLE SCHOOL (ARLINGTON WA)",5,4,9
"1116",4987,"3F10308^^0573125E","STANWOOD ES(STANWOOD)","STANWOOD ELEMENTARY (STANWOOD WA)",5,4,9
"1117",4988,"3F10308^^0573256E","CHURCH CR ES (STANWO","CHURCH CREEK ELEMENTARY (STANWOOD WA)",5,4,9
"1118",4989,"3F10308^^0574154E","PRESIDENTS ES(ARLING","PRESIDENTS ELEMENTARY (ARLINGTON WA)",5,4,9
"1119",4990,"3F10308^^0574287E","ARLINGTON ALT SCHOOL","ARLINGTON ALTERNATIVE SCHOOL (ARLINGTON WA)",5,4,9
"1120",4991,"3F10308^^0574327E","EAGLE CR ES(ARLINGTO","EAGLE CREEK ELEMENTARY (ARLINGTON WA)",5,4,9
"1121",4992,"3F10308^^0574364E","TWIN CITY ES(STANWOO","TWIN CITY ELEMENTARY (STANWOOD WA)",5,4,9
"1122",4993,"3F10308^^0574436E","KENT PRAIRIE ES(ARLI","KENT PRAIRIE ELEMENTARY (ARLINGTON WA)",5,4,9
"1123",4994,"3F10308^^0578371E","ARLINGTON CHRISTIAN","ARLINGTON CHRISTIAN SCHOOL (ARLINGTON WA)",5,4,9
"1124",4995,"3F10308^^0578468E","CEDARHOME SDA SCHOOL","CEDARHOME SDA SCHOOL (STANWOOD WA)",5,4,9
"1125",4996,"3F10308^^0578801E","BEACH HOME SCHL (ARL","BEACH HOME SCHOOL (ARLINGTON WA)",5,4,9
"1126",4997,"3F10308^^0578826E","ACADEMY NW(ARLINGTON","ACADEMY NW/FAMILY ACADEMY (ARLINGTON WA)",5,4,9
"1127",4998,"3F10308^^0578885E","NW CHILDRENS SCHOOL","NORTHWEST CHILDREN'S SCHOOL (ARLINGTON WA)",5,4,9
"1128",5003,"3F10308^^060022AH02","BROOKHAVEN POND","BROOKHAVEN POND",6,4,NA
"1129",5018,"3F10308^^066005^H","SOUTH WHIDBEY SALMON","SOUTH WHIDBEY SALMON",6,4,NA
"1130",5019,"3F10308^^0671137E","SOUTH WHIDBEY SD 206","SOUTH WHIDBEY SCHOOL DISTRICT 206 (LANGLEY WA)",6,4,9
"1131",5020,"3F10308^^0672511E","LANGLEY MS (LANGLEY)","LANGLEY MIDDLE SCHOOL (LANGLEY WA)",6,4,9
"1132",5021,"3F10308^^0672626E","SOUTH WHIDBEY ES(LAN","SOUTH WHIDBEY PRIMARY (LANGLEY WA)",6,4,9
"1133",5022,"3F10308^^0674149E","SOUTH WHIDBEY HS(LAN","SOUTH WHIDBEY HIGH (LANGLEY WA)",6,4,9
"1134",5023,"3F10308^^0674321E","SOUTH WHIDBEY INTERM","SOUTH WHIDBEY INTERMEDIATE (LANGLEY WA)",6,4,9
"1135",5024,"3F10308^^0678928E","LANGLEY CHRISTIAN","LANGLEY CHRISTIAN SCHOOL (LANGLEY)",6,4,9
"1136",5025,"3F10308^^0678974E","WHIDBEY IS WALDORF S","WHIDBEY ISLAND WALDORF SCHOOL (CLINTON WA)",6,4,9
"1137",5027,"3F10308^^07^^^^^H71","SKYKOMISH +TULALIP H","SKYKOMISH HATCHERY AND TULALIP HATCHERY",7,4,NA
"1138",5030,"3F10308^^070001^H","BERNIE GOBIN HATCH","BERNIE KAI-KAI GOBIN HATCHERY (TULALIP TRIBES)  PREV: TULALIP SALMON HATCHERY",7,4,NA
"1139",5036,"3F10308^^070005^H","BATTLE CR HATCHERY","BATTLE CREEK TRIBAL HATCHERY (TULALIP TRIBE)",7,4,NA
"1140",5044,"3F10308^^070012^H22","DWIGHT'S HOLE POND","DWIGHT'S HOLE POND  (SKYKOMISH DRAINAGE - UNKNOWN LOC) (MAY BE AKA TWO BIT POND)",7,4,NA
"1141",5045,"3F10308^^070012^H75","SUNSET FALLS TRAP","SUNSET FALLS TRAP ON SKYKOMISH R AT SUNSET FALLS (RM 51.5)",7,4,NA
"1142",5046,"3F10308^^070012^H76","SUNSET FALLS FCF","SUNSET FALLS FCF",7,4,NA
"1143",5099,"3F10308^^070049^H01","QUILCEDA TREATMENT PLANT","QUILCEDA TREATMENT PLANT",7,4,NA
"1144",5286,"3F10308^^070219^H84","HABITAT MGMT-SNOQUAL","HABITAT MANAGEMENT - SNOQUALMIE RIVER",7,4,NA
"1145",5376,"3F10308^^070291^H02","TOLT R COND POND(07)","TOLT RIVER CONDITIONING POND @ T25N-R7E-SEC11G ON RIVER'S BRAID",7,4,NA
"1146",5486,"3F10308^^070384^H02","RAGING R POND   (07)","RAGING RIVER POND @ T32N-R9E-SEC13E",7,4,NA
"1147",5545,"3F10308^^070440^H","TOKUL CR HATCHERY","TOKUL CREEK TROUT HATCHERY",7,4,1
"1148",5971,"3F10308^^070858^H02","BARR CR POND    (07)","BARR CREEK POND (LB) (AKA HANNAN CR ON MAP & LOCALLY AKA HOWARD CR)",7,4,NA
"1149",6067,"3F10308^^070943^H","WALLACE R HATCHERY","WALLACE RIVER HATCHERY (FORMERLY: SKYKOMISH)(MAY C & WALLACE R)",7,4,1
"1150",6068,"3F10308^^070943^H02","SKYKOMISH SPORTSMEN","SKYKOMISH HATCHERY (MAY & WALLACE CREEKS) SPORTSMEN COOP",7,4,NA
"1151",6108,"3F10308^^070973^H","REITER PONDS","REITER PONDS (FORMERLY: SKYKOMISH POND)",7,4,1
"1152",6122,"3F10308^^070982^H02","SKYKOMISH R -NF POND","SKYKOMISH R -NF POND",7,4,NA
"1153",6187,"3F10308^^071042^H02","HOWARD CR PD(SKY-NF)","HOWARD CREEK POND (MUCKLESHOOT TRIBAL POND) SKYKOMISH R -NF DRAINAGE",7,4,NA
"1154",6557,"3F10308^^071407^H02","MALONEY CR POND","MALONEY CREEK POND @ T26N-R11E-SEC35F",7,4,NA
"1155",6883,"3F10308^^076010^H","SNOHOMISH SPORTSMEN","SNOHOMISH SPORTSMAN'S CLUB  (ANDERSON CREEK)",7,4,9
"1156",6884,"3F10308^^076030^H","SULTAN SPTS CLUB","SULTAN SPTS CLUB",7,4,9
"1157",6885,"3F10308^^076050^H","FLOWING LAKES ES","FLOWING LAKES ELEMENTARY SCHOOL (?)",7,4,9
"1158",6886,"3F10308^^076099^H","SULTAN PONDS","SULTAN PONDS",7,4,NA
"1159",6887,"3F10308^^0771007E","EVERETT SD (EVERETT)","EVERETT SCHOOL DISTRICT 2 (EVERETT WA)",7,4,9
"1160",6888,"3F10308^^0771023E","MARYSVILLE SD 25","MARYSVILLE SCHOOL DISTRICT 25 (MARYSVILLE WA)",7,4,9
"1161",6889,"3F10308^^0771056E","MUKILTEO SD 6(EVERET","MUKILTEO SCHOOL DISTRICT 6 (EVERETT WA)",7,4,9
"1162",6890,"3F10308^^0771057E","SNOHOMISH SD 201","SNOHOMISH SCHOOL DISTRICT 201 (SNOHOMISH WA)",7,4,9
"1163",6891,"3F10308^^0771074E","LAKE STEVENS SD 4","LAKE STEVENS SCHOOL DISTRICT 4 (LAKE STEVENS WA)",7,4,9
"1164",6892,"3F10308^^0771076E","MONROE SD 103(MONROE","MONROE SCHOOL DISTRICT 103 (MONROE WA)",7,4,9
"1165",6893,"3F10308^^0771079E","SNOQUALMIE VALLEY SD","SNOQUALMIE VALLEY SCHOOL DISTRICT 410 (SNOQUALMIE WA)",7,4,9
"1166",6894,"3F10308^^0771102E","SULTAN SD 311","SULTAN SCHOOL DISTRICT 311 (SULTAN WA)",7,4,9
"1167",6895,"3F10308^^0771138E","RIVERVIEW SD 407","RIVERVIEW SCHOOL DISTRICT 407 (CARNATION WA)",7,4,9
"1168",6896,"3F10308^^0771164E","GRANITE FALLS SD 332","GRANITE FALLS SCHOOL DISTRICT 332 (GRANITE FALLS WA)",7,4,9
"1169",6897,"3F10308^^0771243E","SKYKOMISH SD 404","SKYKOMISH SCHOOL DISTRICT 404/ (SKYKOMISH WA)",7,4,9
"1170",6898,"3F10308^^0771258E","LAKEWOOD SD 306","LAKEWOOD SCHOOL DISTRICT 306 (LAKEWOOD WA)",7,4,9
"1171",6899,"3F10308^^0771295E","INDEX SD 063 (INDEX)","INDEX SCHOOL DISTRICT 063 (INDEX WA)",7,4,9
"1172",6900,"3F10308^^0771502E","TWO RIVERS ALT HS(NB","TWO RIVERS ALTERNATIVE HIGH (NORTH BEND WA)",7,4,9
"1173",6901,"3F10308^^0771570E","CHOICE ALT HS(MONROE","CHOICE ALTERNATIVE HIGH SCHOOL (MONROE WA)",7,4,9
"1174",6902,"3F10308^^0772065E","GARFIELD ES (EVERETT","GARFIELD ELEMENTARY SCHOOL (EVERETT WA)",7,4,9
"1175",6903,"3F10308^^0772073E","MACHIAS ES (SNOHOMIS","MACHIAS ELEMENTARY (SNOHOMISH WA)",7,4,9
"1176",6904,"3F10308^^0772105E","SULTAN MS (SULTAN)","SULTAN MIDDLE SCHOOL (SULTAN WA)",7,4,9
"1177",6905,"3F10308^^0772124E","SNOQUALMIE MS (SNOQU","SNOQUALMIE MIDDLE SCHOOL (SNOQUALMIE WA)",7,4,9
"1178",6906,"3F10308^^0772126E","EVERETT HS (EVERETT)","EVERETT HIGH SCHOOL (EVERETT WA)",7,4,9
"1179",6907,"3F10308^^0772222E","FALL CITY ES(FALL CI","FALL CITY ELEMENTARY SCHOOL (FALL CITY WA)",7,4,9
"1180",6908,"3F10308^^0772228E","FRANK WAGNER MS(MONR","FRANK WAGNER MIDDLE SCHOOL (MONROE)",7,4,9
"1181",6909,"3F10308^^0772229E","SULTAN ES (SULTAN)","SULTAN ELEMENTARY SCHOOL (SULTAN)",7,4,9
"1182",6910,"3F10308^^0772287E","NORTH BEND ES (NORTH","NORTH BEND ELEMENTARY (NORTH BEND WA)",7,4,9
"1183",6911,"3F10308^^0772288E","SNOQUALMIE ES (SNOQU","SNOQUALMIE ELEMENTARY SCHOOL (SNOQUALMIE)",7,4,9
"1184",6912,"3F10308^^0772364E","NORTH MS (EVERETT)","NORTH MIDDLE SCHOOL (EVERETT WA)",7,4,9
"1185",6913,"3F10308^^0772426E","LK STEVENS HS (LK ST","LAKE STEVENS SENIOR HIGH (LAKE STEVENS WA)",7,4,9
"1186",6914,"3F10308^^0772428E","SNOHOMISH HS (SNOHOM","SNOHOMISH SENIOR HIGH SCHOOL (SNOHOMISH WA)",7,4,9
"1187",6915,"3F10308^^0772446E","CENTRAL ES (SNOHOMIS","CENTRAL ELEMENTARY SCHOOL (SNOHOMISH WA)",7,4,9
"1188",6916,"3F10308^^0772485E","CARNATION ES","CARNATION ELEMENTARY SCHOOL (CARNATION)",7,4,9
"1189",6917,"3F10308^^0772485E01","CARNATION SD","CARNATION SCHOOL DISTRICT (CARNATION)",7,4,9
"1190",6918,"3F10308^^0772545E","SILVER LK ES(EVERETT","SILVER LAKE ELEMENTARY (EVERETT WA)",7,4,9
"1191",6919,"3F10308^^0772546E","MALTBY ES (SNOHOMISH","MALTBY ELEMENTARY (SNOHOMISH WA)",7,4,9
"1192",6920,"3F10308^^0772547E","MONROE HS(MONROE)","MONROE HIGH SCHOOL (MONROE)",7,4,9
"1193",6921,"3F10308^^0772580E","GRANITE FALLS HS","GRANITE FALLS HIGH SCHOOL (GRANITE FALLS WA)",7,4,9
"1194",6922,"3F10308^^0772669E","MADISON ES (EVERETT)","MADISON ELEMENTARY (EVERETT WA)",7,4,9
"1195",6923,"3F10308^^0772751E","JACKSON ES (EVERETT)","JACKSON ELEMENTARY SCHOOL (EVERETT WA)",7,4,9
"1196",6924,"3F10308^^0772752E","WHITTIER ES(EVERETT)","WHITTIER ELEMENTARY SCHOOL (EVERETT WA)",7,4,9
"1197",6925,"3F10308^^0772811E","LOWELL ES  (EVERETT)","LOWELL ELEMENTARY (EVERETT WA)",7,4,9
"1198",6926,"3F10308^^0772813E","MARYSVILLE JHS(MARYS","MARYSVILLE JUNIOR HIGH SCHOOL (MARYSVILLE WA)",7,4,9
"1199",6927,"3F10308^^0772850E","MT SI HS (SNOQUALMIE","MOUNT SI HIGH SCHOOL (SNOQUALMIE WA)",7,4,9
"1200",6928,"3F10308^^0772883E","HAWTHORNE ES (EVERET","HAWTHORNE ELEMENTARY SCHOOL (EVERETT WA)",7,4,9
"1201",6929,"3F10308^^0772884E","MT PILCHUCK ES(LK ST","MOUNT PILCHUCK ELEMENTARY (LAKE STEVENS WA)",7,4,9
"1202",6930,"3F10308^^0772885E","HILLCREST ES(EVERETT","HILLCREST ELEMENTARY SCHOOL (EVERETT WA)",7,4,9
"1203",6931,"3F10308^^0772886E","FAIRMOUNT ES(EVERETT","FAIRMOUNT ELEMENTARY (EVERETT WA)",7,4,9
"1204",6932,"3F10308^^0772948E","INDEX ES (INDEX)","INDEX ELEMENTARY SCHOOL (INDEX WA)",7,4,9
"1205",6933,"3F10308^^0773002E","VIEW RIDGE ES(EVERET","VIEW RIDGE ELEMENTARY (EVERETT WA)",7,4,9
"1206",6934,"3F10308^^0773005E","EMERSON ES(SNOHOMISH","EMERSON ELEMENTARY SCHOOL (SNOHOMISH WA)",7,4,9
"1207",6935,"3F10308^^0773059E","CASCADE ES (MARYSVIL","CASCADE ELEMENTARY SCHOOL (MARYSVILLE WA)",7,4,9
"1208",6936,"3F10308^^0773060E","FRANK WAGNER ES(MONR","FRANK WAGNER PRIMARY (MONROE)",7,4,9
"1209",6937,"3F10308^^0773061E","MONROE MS (MONROE)","MONROE MIDDLE SCHOOL (MONROE WA)",7,4,9
"1210",6938,"3F10308^^0773101E","CHERRY VALLEY ES(DUV","CHERRY VALLEY ELEMENTARY (DUVALL WA)",7,4,9
"1211",6939,"3F10308^^0773120E","OLYMPIC VIEW MS(MUKI","OLYMPIC VIEW MIDDLE SCHOOL (MUKILTEO WA)",7,4,9
"1212",6940,"3F10308^^0773121E","OLIVIA PARK ES(EVERE","OLIVIA PARK ELEMENARY (EVERETT WA)",7,4,9
"1213",6941,"3F10308^^0773184E","EMERSON ES (EVERETT)","EMERSON ELEMENTARY SCHOOL (EVERETT WA)",7,4,9
"1214",6942,"3F10308^^0773187E","SHOULTES ES(MARYSVIL","SHOULTES ELEMENTARY (MARYSVILLE WA)",7,4,9
"1215",6943,"3F10308^^0773253E","EVERGREEN MS(EVERETT","EVERGREEN MIDDLE SCHOOL (EVERETT WA)",7,4,9
"1216",6944,"3F10308^^0773255E","LAKEWOOD ES(LAKEWOOD","LAKEWOOD PRIMARY (LAKEWOOD WA)",7,4,9
"1217",6945,"3F10308^^0773305E","CATHCART ES(SNOHOMIS","CATHCART ELEMENTARY (SNOHOMISH WA)",7,4,9
"1218",6946,"3F10308^^0773306E","SNOHOMISH FRESHMAN C","SNOHOMISH FRESHMAN CAMPUS (SNOHOMISH WA)",7,4,9
"1219",6947,"3F10308^^0773354E","TULALIP ES(MARYSVILL","TULALIP ELEMENTARY (MARYSVILLE)",7,4,9
"1220",6948,"3F10308^^0773355E","MARYSVILLE MS","MARYSVILLE MIDDLE SCHOOL (MARYSVILLE WA)",7,4,9
"1221",6949,"3F10308^^0773407E","CASCADE HS (EVERETT)","CASCADE HIGH SCHOOL (EVERETT WA)",7,4,9
"1222",6950,"3F10308^^0773408E","LK STEVENS MS (EVERE","LAKE STEVENS MIDDLE SCHOOL (EVERETT WA)",7,4,9
"1223",6951,"3F10308^^0773533E","JEFFERSON ES(EVERETT","JEFFERSON ELEMENTARY (EVERETT WA)",7,4,9
"1224",6952,"3F10308^^0773537E","SUNNYSIDE ES (MARYSV","SUNNYSIDE ELEMENTARY (MARYSVILLE)",7,4,9
"1225",6953,"3F10308^^0773561E","RIVERVIEW ES (SNOHOM","RIVERVIEW ELEMENTARY SCHOOL (SNOHOMISH WA)",7,4,9
"1226",6954,"3F10308^^0773569E","ECHO GLEN(SNOQUALMIE","ECHO GLEN (SNOQUALMIE WA)",7,4,NA
"1227",6955,"3F10308^^0773651E","PINEWOOD ES(MARYSVIL","PINEWOOD ELEMENTARY (MARYSVILLE WA)",7,4,9
"1228",6956,"3F10308^^0773686E","MONROE ES(EVERETT)","MONROE ELEMENTARY SCHOOL (EVERETT WA)",8,4,9
"1229",6957,"3F10308^^0773688E","MARINER HS (EVERETT)","MARINER HIGH SCHOOL (EVERETT WA)",7,4,9
"1230",6958,"3F10308^^0773752E","EISENHOWER MS(EVERET","EISENHOWER MIDDLE SCHOOL (EVERETT WA)",7,4,9
"1231",6959,"3F10308^^0773753E","SUNNYCREST ES(LK STE","SUNNYCREST ELEMENTARY SCHOOL (LAKE STEVENS WA)",7,4,9
"1232",6960,"3F10308^^0773756E","MARYSVILLE-PILCHUCK","MARYSVILLE-PILCHUCK HIGH SCHOOL (MARYSVILLE WA)",7,4,9
"1233",6961,"3F10308^^0773885E","NW REGION CENTER(EVE","NW REGION CENTER (EVERETT WA)",7,4,NA
"1234",6962,"3F10308^^0773893E","LAKEWOOD INTERMEDIAT","LAKEWOOD INTERMEDIATE (LAKEWOOD WA)",7,4,9
"1235",6963,"3F10308^^0773964E","LIBERTY ES(MARYSVILL","LIBERTY ELEMENTARY SCHOOL (MARYSVILLE WA)",7,4,9
"1236",6964,"3F10308^^0774113E","GRANITE FALLS MS","GRANITE FALLS MIDDLE SCHOOL (GRANITE FALLS WA)",7,4,9
"1237",6965,"3F10308^^0774137E","EVERETT ALTS(EVERETT","EVERETT ALTERNATIVES (EVERETT WA)",7,4,9
"1238",6966,"3F10308^^0774139E","NORTH LK SCHL(LK STE","NORTH LAKE SCHOOL (LAKE STEVENS WA)",7,4,9
"1239",6967,"3F10308^^0774140E","ALT PROVE HS (LK STE","ALT PROVE HIGH (LAKE STEVENS WA)",7,4,9
"1240",6968,"3F10308^^0774145E","VALLEY VIEW MS (SNOH","VALLEY VIEW MIDDLE SCHOOL (SNOHOMISH WA)",7,4,9
"1241",6969,"3F10308^^0774150E","MARSHALL ES (MARYSVI","MARSHALL ELEMENTARY (MARYSVILLE WA)",7,4,9
"1242",6970,"3F10308^^0774159E","SALEM WOODS ES(MONRO","SALEM WOODS ELEMENTARY (MONROE WA)",7,4,9
"1243",6971,"3F10308^^0774164E","MUKILTEO ES(MUKILTEO","MUKILTEO ELEMENTARY (MUKILTEO WA)",7,4,9
"1244",6972,"3F10308^^0774184E","SEATTLE HILL ES(EVER","SEATTLE HILL ELEMENTARY (EVERETT)",7,4,9
"1245",6973,"3F10308^^0774204E","LAKEWOOD JHS HS","LAKEWOOD JR-SR HIGH (LAKEWOOD)",7,4,9
"1246",6974,"3F10308^^0774231E","EXPLORER MS (EVERETT","EXPLORER MIDDLE SCHOOL (EVERETT WA)",7,4,9
"1247",6975,"3F10308^^0774233E","MARYSVILLE ALT HS","MARYSVILLE-PILCHUCK ALTERNATIVE HS (MARYSVILLE)",7,4,9
"1248",6976,"3F10308^^0774241E","DUTCH HILL ES (SNOHO","DUTCH HILL ELEMENTARY (SNOHOMISH WA)",7,4,9
"1249",6977,"3F10308^^0774247E","ACES HS (EVERETT)","ACES HIGH SCHOOL (EVERETT WA)",7,4,9
"1250",6978,"3F10308^^0774265E","ALT AIM HS(SNOHOMISH","ALT AIM HIGH SCHOOL (SNOHOMISH WA)",7,4,9
"1251",6979,"3F10308^^0774274E","SULTAN HS (SULTAN)","SULTAN HIGH SCHOOL (SULTAN)",7,4,9
"1252",6980,"3F10308^^0774298E","SILVER FIRS ES (EVER","SILVER FIRS ELEMENTARY (EVERETT WA)",7,4,9
"1253",6981,"3F10308^^0774303E","CHALLENGER ES(EVERET","CHALLENGER ELEMENTARY (EVERETT WA)",7,4,9
"1254",6982,"3F10308^^0774304E","DISCOVERY ES (EVERET","DISCOVERY ELEMENTARY (EVERETT WA)",7,4,9
"1255",6983,"3F10308^^0774308E","OPSTAD ES(NORTH BEND","OPSTAD ELEMENTARY (NORTH BEND WA)",7,4,9
"1256",6984,"3F10308^^0774318E","TOLT MS (CARNATION)","TOLT MIDDLE SCHOOL (CARNATION WA)",7,4,9
"1257",6985,"3F10308^^0774323E","KELLOGG MARSH ES(MAR","KELLOGG MARSH ELEMENTARY (MARYSVILLE)",7,4,9
"1258",6986,"3F10308^^0774330E","MT WAY ES (GRANITE F","MOUNTAIN WAY ELEMENTARY (GRANITE FALLS WA)",7,4,9
"1259",6987,"3F10308^^0774332E","STILLWATER ES(CARNAT","STILLWATER ELEMENTARY (CARNATION)",7,4,9
"1260",6988,"3F10308^^0774342E","COLUMBIA ES(MUKILTEO","COLUMBIA ELEMENTARY (MUKILTEO)",7,4,9
"1261",6989,"3F10308^^0774344E","HORIZON ES (EVERETT)","HORIZON ELEMENTARY (EVERETT WA)",7,4,9
"1262",6990,"3F10308^^0774357E","CEDARCREST SCHL(MARY","CEDARCREST SCHOOL (MARYSVILLE WA)",7,4,9
"1263",6991,"3F10308^^0774362E","CHAIN LAKE ES(SNOHOM","CHAIN LAKE ELEMENTARY (SNOHOMISH WA)",7,4,9
"1264",6992,"3F10308^^0774366E","CASCADE VIEW ES(SNOH","CASCADE VIEW ELEMENTARY (SNOHOMISH WA)",7,4,9
"1265",6993,"3F10308^^0774383E","TOTEM FALLS ES (SNOH","TOTEM FALLS ELEMENTARY (SNOHOMISH WA)",7,4,9
"1266",6994,"3F10308^^0774391E","GLENWOOD ES (EVERETT","GLENWOOD ELEMENTARY SCHOOL (EVERETT WA)",7,4,9
"1267",6995,"3F10308^^0774392E","STEVENS CREEK ES","STEVENS CREEK ELEMENTARY SCHOOL (FORMERLY SKYLINE IN EVERETT)",7,4,9
"1268",6996,"3F10308^^0774395E","CENTENNIAL MS(SNOHOM","CENTENNIAL MIDDLE SCHOOL (SNOHOMISH WA)",7,4,9
"1269",6997,"3F10308^^0774397E","CHIEF KANIM MS (FALL","CHIEF KANIM MIDDLE SCHOOL (FALL CITY)",7,4,9
"1270",6998,"3F10308^^0774399E","GOLD BAR ES(GOLD BAR","GOLD BAR ELEMENTARY (GOLD BAR WA)",7,4,9
"1271",6999,"3F10308^^0774425E","VOYAGER MS (EVERETT)","VOYAGER MIDDLE SCHOOL (EVERETT WA)",7,4,9
"1272",7000,"3F10308^^0774430E","HARBOUR POINTE MS(MU","HARBOUR POINTE MIDDLE SCHOOL (MUKILTEO WA)",7,4,9
"1273",7001,"3F10308^^0774433E","KAMIAK HS (MUKILTEO)","KAMIAK HIGH SCHOOL (MUKILTEO WA)",7,4,9
"1274",7002,"3F10308^^0774437E","GATEWAY MS (EVERETT)","GATEWAY MIDDLE SCHOOL (EVERETT WA)",7,4,9
"1275",7003,"3F10308^^0774449E","CEDARCREST HS(DUVALL","CEDARCREST HIGH SCHOOL (DUVALL WA)",7,4,9
"1276",7004,"3F10308^^0774454E","ALLEN CR ES(MARYSVIL","ALLEN CREEK ELEMENTARY (MARYSVILLE WA)",7,4,9
"1277",7005,"3F10308^^0774469E","ENDEAVOUR ES (MUKILT","ENDEAVOUR ELEMENTARY (MUKILTEO WA)",7,4,9
"1278",7006,"3F10308^^0778100E","SNOQUALMIE VALLEY CH","SNOQUALMIE VALLEY CHRISTIAN SCHOOL (FALL CITY, WA)",7,4,9
"1279",7007,"3F10308^^0778156E","EVERETT CHRISTIAN SC","EVERETT CHRISTIAN SCHOOL (EVERETT WA)",7,4,9
"1280",7008,"3F10308^^0778157E","IMMACULATE CONC(EVER","IMMACULATE CONCEPTION/OUR LADY OF (EVERETT WA)",7,4,9
"1281",7009,"3F10308^^0778159E","ST MARY MAGDALEN SCH","ST. MARY MAGDALEN SCHOOL (EVERETT WA)",7,4,9
"1282",7010,"3F10308^^0778171E","MONROE CHRISTIAN SCH","MONROE CHRISTIAN SCHOOL (MONROE WA)",7,4,9
"1283",7011,"3F10308^^0778172E","SKY VALLEY EDUCATION CENTER","SKY VALLEY EDUCATION CENTER (prev SKY VALLEY SDA SCHL)",7,4,9
"1284",7012,"3F10308^^0778173E","ZION LUTH SCHL(EVERE","ZION LUTHERAN SCHOOL (EVERETT WA)",7,4,9
"1285",7013,"3F10308^^0778429E","GRACE ACAD(MARYSVILL","GRACE ACADEMY (MARYSVILLE WA)",7,4,9
"1286",7014,"3F10308^^0778537E","SILVER LK CHRIST SCH","SILVER LAKE CHRISTIAN SCHOOL (EVERETT WA)",7,4,9
"1287",7015,"3F10308^^0778793E","FOREST PRK ADVENTIST","FOREST PARK ADVENTIST SCHOOL (EVERETT, WA)",7,4,9
"1288",7016,"3F10308^^0778796E","MT VIEW SCHL(SNOQUAL","MOUNTAIN VIEW SCHOOL (SNOQUALMIE WA)",7,4,9
"1289",7017,"3F10308^^0778852E","LAKEVIEW ACAD(SNOHOM","LAKEVIEW ACADEMY (SNOHOMISH WA)",7,4,9
"1290",7018,"3F10308^^0778883E","HOLY CROSS HS(EVERET","HOLY CROSS HIGH SCHOOL (EVERETT WA)",7,4,9
"1291",7019,"3F10308^^0778892E","MONTESSORI SCHLS(EVE","MONTESSORI SCHOOLS OF SNOHOMISH CO (EVERETT WA)",7,4,9
"1292",7020,"3F10308^^0778899E","EARLY LEARNING CENTR","EARLY LEARNING CENTER (SNOHOMISH WA)",7,4,9
"1293",7021,"3F10308^^0778931E","MASTERS TOUCH CHRIST","MASTER'S TOUCH CHRISTIAN SCHOOL (MARYSVILLE WA)",7,4,9
"1294",7022,"3F10308^^0778938E","ZION LUTH SCHL2(SNOH","ZION LUTHERAN SCHOOL-2ND CAMPUS (SNOHOMISH WA)",7,4,9
"1295",7023,"3F10308^^0778961E","HILLCREST ACAD(EVERE","HILLCREST ACADEMY (EVERETT, WA)",7,4,9
"1296",7024,"3F10308^^0778977E","VICTORY ACAD (MARYSV","VICTORY ACADEMY (MARYSVILLE, WA)",7,4,9
"1297",7025,"3F10308^^0778980E","LIFE ACAD (EVERETT)","LIFE ACADEMY (EVERETT, WA)",7,4,9
"1298",7026,"3F10308^^0778995E","MONROE MONTESSORI SC","MONROE MONTESSORI SCHOOL (MONROE, WA)",7,4,9
"1299",7028,"3F10308^^DISP^^^F02","WASHINGTON TROUT","WASHINGTON TROUT (DUVALL WA)",7,4,9
"1300",8100,"3F105^^^^^^^^^^^H04","RFEG 4 MID PUGET SND","WASHINGTON REGIONAL ENHANCEMENT GROUP 4 - MID PUGET SOUND",NA,4,9
"1301",8118,"3F10510^^08^^^^^H","ROGER URBANIAK PROJECT","ROGER URBANIAK PROJECT",8,4,NA
"1302",8119,"3F10510^^08^^^^^H01","MEDINA CR RSI","MEDINA CR RSI (SPECIFIC LOCATION UNKNOWN)",8,4,NA
"1303",8120,"3F10510^^08^^^^^H02","UW RESEARCH","UNIVERSITY OF WASHINGTON RESEARCH",8,4,NA
"1304",8121,"3F10510^^08^^^^^H03","NOAA SEATTLE","NOAA SEATTLE - KING COUNTY ON LAKE WASHINGTON",8,4,NA
"1305",8140,"3F10510^^080012^H","DEER CR HATCHERY","DEER CREEK HATCHERY (COOP)",8,4,9
"1306",8149,"3F10510^^080020^H","CARKEEK WATERSHED","CARKEEK WATERSHED",8,4,NA
"1307",8158,"3F10510^^080028^E","CLASSROOM COMMUNITY","CLASSROOM COMMUNITY PROGRAM BY PORTAGE BAY HATCHERY",8,4,9
"1308",8159,"3F10510^^080028^H","PORTAGE BAY HATCHERY","PORTAGE BAY  - UW COLLEGE OF FISHERIES HATCHERY  T25N-R4E-SEC16Q",8,4,9
"1309",8160,"3F10510^^080028^H02","MONTLAKE HATCHERY","MONTLAKE HATCHERY  (NMFS -NORTHWEST & ALASKA FISHERIES CENTER",8,4,NA
"1310",8161,"3F10510^^080028^H04","BALLARD LOCKS","BALLARD LOCKS AT WEST END OF LAKE WASHINGTON SHIP CANAL",8,4,NA
"1311",8168,"3F10510^^080028AH01","SEWARD PARK HATCHERY","SEWARD PARK HATCHERY ON SOUTH LAKE WASHINGTON  (U OF W)",8,4,NA
"1312",8193,"3F10510^^080049^E01","LAKE BALLINGER CLASS","LAKE BALLINGER CLASS - UNKNOWN SCHOOL?",8,4,9
"1313",8194,"3F10510^^080049^H","MCALEER CR PROJECT","MCALEER CR PROJECT  08.0049",8,4,9
"1314",8215,"3F10510^^080060^H","JORDAN PROJECT -RSI","JORDAN PROJECT -COOP REMOTE SITE INCUBATOR ON SWAMP CR",8,4,9
"1315",8229,"3F10510^^080070^H","LIVELY ENV. CTR","LIVELY ENVIRONMENTAL CENTER (NEXT TO WOODSIDE ES- MILL CREEK, WA",8,4,9
"1316",8230,"3F10510^^080070^H01","CULPEPPER PROJECT","CULPEPPER PROJECT ON NORTH CREEK",8,4,9
"1317",8231,"3F10510^^080070^H02","WILLOW CR AQUATIC CENTER","WILLOW CREEK AQUATIC CENTER (COOP)",8,4,9
"1318",8249,"3F10510^^080080^H02","LTL BEAR CR COND. PD","UPPER BEAR CREEK CONDITIONING POND - UNK IF DIRECTLY ON LITTLE BEAR CR OR TRIB",8,4,NA
"1319",8359,"3F10510^^080178^H","ISSAQUAH HATCHERY","ISSAQUAH HATCHERY",8,4,1
"1320",8419,"3F10510^^080228^H","DENNY CR PROJECT","DENNY CR RSI PROJECT",8,4,9
"1321",8497,"3F10510^^080299^H","NWSSC - CEDAR R","CEDAR RIVER - NW STEELHEADERS (TRIBUTARY SPRING TO CEDAR RIVER NEAR ROCK CR @RM",8,4,9
"1322",8498,"3F10510^^080299^H02","CEDAR RIVER HATCHERY","FORMERLY: LANDSBURG HATCHERY AT RM 21.5",8,4,11
"1323",8677,"3F10510^^086001^H","RAYS BH NET PENS","RAYS BH NET PENS",8,4,NA
"1324",8678,"3F10510^^086004^H","NMFS - MONTLAKE","NMFS - MONTLAKE",8,4,NA
"1325",8679,"3F10510^^086005^H","ARROWHEAD CR PROJ","ARROWHEAD CREEK",8,4,NA
"1326",8680,"3F10510^^086010^H","CITY OF BELLEVUE","CITY OF BELLEVUE",8,4,NA
"1327",8681,"3F10510^^086015^H","CITY OF SEATTLE","CITY OF SEATTLE",8,4,NA
"1328",8682,"3F10510^^086018^H","HALLS LAKE PROJECT","HALLS LAKE",8,4,9
"1329",8684,"3F10510^^086020^H","KING COUNTY","KING COUNTY",8,4,NA
"1330",8685,"3F10510^^086021^H","BRIDGEHAVEN ASSOC","BRIDGEHAVEN ASSOCIATION  (THORNTON CREEK 08.0030)",8,4,9
"1331",8686,"3F10510^^086030^H","NWSSC - NO SEATTLE","NW STHD NO SEATTLE",8,4,9
"1332",8687,"3F10510^^086038^H","KAPKA COOP SCHOOL","KAPKA COOP SCHOOL",8,4,9
"1333",8688,"3F10510^^086040^H","NWSSC - SO LK WASH.","NW STHD SO LK WA",8,4,9
"1334",8689,"3F10510^^086055^H","STANFORD SCHOOL","STANFORD SCHOOL",8,4,9
"1335",8690,"3F10510^^086085^H","BOEING CR PROJECT","BOEING CREEK",8,4,NA
"1336",8691,"3F10510^^086099^H","NWSSC - MONTLAKE","NW STEELHEADERS - MONTLAKE",8,4,9
"1337",8692,"3F10510^^086190^H","10 MILLION SALMON","TEN MILLION SALMON ENHANCEMENT PROJECT ON LAKE WASHINGTON TRIBS",8,4,9
"1338",8693,"3F10510^^086191^H","BROOK BAY PROJECT","BROOK BAY PROJECT (FORMERLY: CROSS PROJECT -MERCER ISLAND-LAKE WASHINGTON)",8,4,9
"1339",8694,"3F10510^^086193^H","NELSON PROJECT","NELSON PROJECT  (LEWIS CREEK - LAKE WASHINGTON)",8,4,9
"1340",8695,"3F10510^^086203^H","SWAMP CR COOP","SWAMP CR COOP",8,4,9
"1341",8696,"3F10510^^086210^H","STEPS","STEPS",8,4,9
"1342",8697,"3F10510^^086212^H","SCRIBER CR","SCRIBER CREEK",8,4,NA
"1343",8699,"3F10510^^086215^H","GLENDALE COUNTRY CLB","GLENDALE COUNTRY CLB",8,4,9
"1344",8700,"3F10510^^086315^H","NEW PLATEAU MS","NEW PLATEAU MS",8,4,9
"1345",8701,"3F10510^^0870121E","PUGET SOUND ESD(SEAT","PUGET SOUND ESD (SEATTLE WA)",8,4,9
"1346",8702,"3F10510^^0871001E","EDMONDS SD 15(LYNNWO","EDMONDS SCHOOL DISTRICT 15 (LYNNWOOD WA)",8,4,9
"1347",8703,"3F10510^^0871002E","SEATTLE SD 1","SEATTLE SCHOOL DISTRICT 1 (SEATTLE WA)",8,4,9
"1348",8704,"3F10510^^0871004E","BELLEVUE SD 405","BELLEVUE SCHOOL DISTRICT 405 (BELLEVUE WA)",8,4,9
"1349",8705,"3F10510^^0871009E","RENTON SD","RENTON SCHOOL DISTRICT 403 (RENTON)",8,4,9
"1350",8706,"3F10510^^0871010E","SHORELINE SD (SEATTL","SHORELINE SCHOOL DISTRICT 412 (SEATTLE)",8,4,9
"1351",8707,"3F10510^^0871011E","LK WASHINGTON SD 414","LAKE WASHINGTON SCHOOL DISTRICT 414 (KIRKLAND WA)",8,4,9
"1352",8708,"3F10510^^0871024E","MERCER IS SD 400","MERCER ISLAND SCHOOL DISTRICT 400 (MERCER ISLAND WA)",8,4,9
"1353",8709,"3F10510^^0871026E","ISSAQUAH SD 411","ISSAQUAH SCHOOL DISTRICT 411 (ISSAQUAH WA)",8,4,9
"1354",8710,"3F10510^^0871027E","NORTHSHORE SD 417","NORTHSHORE SCHOOL DISTRICT 417 (BOTHELL WA)",8,4,9
"1355",8711,"3F10510^^0871078E","TAHOMA SD 409","TAHOMA SCHOOL DISTRICT 409 (MAPLE VALLEY WA)",8,4,9
"1356",8712,"3F10510^^0871534E","GRIFFIN HOME (RENTON","GRIFFIN HOME (RENTON WA)",8,4,9
"1357",8713,"3F10510^^0871540E","TIGER MOUNTAIN HS(IS","TIGER MOUNTAIN COMMUNITY HIGH (ISSAQUAH WA)",8,4,9
"1358",8714,"3F10510^^0871551E","OTTESON HS (KIRKLAND","OTTESON HIGH SCHOOL (KIRKLAND WA)",8,4,9
"1359",8715,"3F10510^^0871578E","AFRICAN AMERICAN ACA","AFRICAN AMERICAN ACADEMY (SEATTLE WA)",8,4,9
"1360",8716,"3F10510^^0871579E","TOPS ES/ALTERN (SEAT","TOPS ELEMENTARY/ALTERN (SEATTLE WA)",8,4,9
"1361",8717,"3F10510^^0871581E","ALT #4 AT BROADVIEW","ALTERNATIVE #4 AT BROADVIEW (SEATTLE WA)",8,4,9
"1362",8718,"3F10510^^0871598E","SHORELINE ALT SCHOOL","SHORELINE ALTERNATIVE SCHOOL (SEATTLE WA)",8,4,9
"1363",8719,"3F10510^^0872059E","MEANY MS (SEATTLE)","MEANY MIDDLE SCHOOL (SEATTLE WA)",8,4,9
"1364",8720,"3F10510^^0872061E","GREEN LAKE ES(SEATTL","GREEN LAKE ELEMENTARY (SEATTLE WA)",8,4,9
"1365",8721,"3F10510^^0872063E","HAY ES (SEATTLE)","HAY ELEMENTARY (SEATTLE)",8,4,9
"1366",8722,"3F10510^^0872069E","MADRONA ES #1(SEATTL","MADRONA ELEM #1",8,4,9
"1367",8723,"3F10510^^0872070E","BEACON HILL ES (SEAT","BEACON HILL ELEMENTARY (SEATTLE WA)",8,4,9
"1368",8724,"3F10510^^0872080E","STEVENS ES/TOPS (SEA","STEVENS ELEMENTARY / TOPS (SEATTLE WA)",8,4,9
"1369",8725,"3F10510^^0872081E","LATONA ES (SEATTLE)","LATONA ELEMENTARY (SEATTLE WA)",8,4,9
"1370",8726,"3F10510^^0872089E","BRIGHTON ES (SEATTLE","BRIGHTON ELEMENTARY SCHOOL (SEATTLE WA)",8,4,9
"1371",8727,"3F10510^^0872090E","COE ES (SEATTLE)","COE ELEMENTARY SCHOOL (SEATTLE WA)",8,4,9
"1372",8728,"3F10510^^0872092E","WHITTIER ES (SEATTLE","WHITTIER ELEMENTARY (SEATTLE WA)",8,4,9
"1373",8729,"3F10510^^0872100E","WHITWORTH ES (SEATTL","WHITWORTH ELEMENTARY (SEATTLE WA)",8,4,9
"1374",8730,"3F10510^^0872118E","EMERSON ES (SEATTLE)","EMERSON ELEMENTARY SCHOOL (SEATTLE WA)",8,4,9
"1375",8731,"3F10510^^0872121E","LESCHI ES (SEATTLE)","LESCHI ELEMENTARY SCHOOL (SEATTLE WA)",8,4,9
"1376",8732,"3F10510^^0872123E","GREENWOOD ES(SEATTLE","GREENWOOD ELEMENTARY (SEATTLE WA)",8,4,9
"1377",8733,"3F10510^^0872138E","ADAMS ES (SEATTLE)","ADAMS ELEMENTARY SCHOOL (SEATTLE WA)",8,4,9
"1378",8734,"3F10510^^0872141E","COLMAN ES (SEATTLE)","COLMAN ELEMENTARY SCHOOL (SEATTLE WA)",8,4,9
"1379",8735,"3F10510^^0872142E","WEST WOODLAND ES(SEA","WEST WOODLAND ELEMENTARY (SEATTLE WA)",8,4,9
"1380",8736,"3F10510^^0872143E","MUIR ES (SEATTLE)","MUIR ELEMENTARY SCHOOL (SEATTLE WA)",8,4,9
"1381",8737,"3F10510^^0872182E","FRANKLIN HS (SEATTLE","FRANKLIN HIGH SCHOOL (SEATTLE WA)",8,4,9
"1382",8738,"3F10510^^0872183E","LAWTON ES (SEATTLE)","LAWTON ELEMENTARY SCHOOL (SEATTLE WA)",8,4,9
"1383",8739,"3F10510^^0872185E","LAKE FOREST PARK ES","LAKE FOREST PARK ELEMENTARY (SEATTLE)",8,4,9
"1384",8740,"3F10510^^0872201E","MC GILVRA ES (SEATTL","MC GILVRA ELEMENTARY (SEATTLE WA)",8,4,9
"1385",8741,"3F10510^^0872202E","KING EARLY CHLDHD ED","KING EARLY CHLDHD. ED. CNTR. (SEATTLE WA)",8,4,9
"1386",8742,"3F10510^^0872209E","BROADVIEW-THOMPSON E","BROADVIEW-THOMPSON ELEMENTARY (SEATTLE WA)",8,4,9
"1387",8743,"3F10510^^0872220E","BALLARD HS (SEATTLE)","BALLARD HIGH SCHOOL (SEATTLE WA)",8,4,9
"1388",8744,"3F10510^^0872256E","OLYMPIC VIEW ES(SEAT","OLYMPIC VIEW ELEMENTARY (SEATTLE WA)",8,4,9
"1389",8745,"3F10510^^0872285E","ROOSEVELT HS(SEATTLE","ROOSEVELT HIGH SCHOOL (SEATTLE WA)",8,4,9
"1390",8746,"3F10510^^0872289E","REDMOND ES","REDMOND ELEMENTARY SCHOOL (REDMOND)",8,4,9
"1391",8747,"3F10510^^0872306E","GARFIELD HS (SEATTLE","GARFIELD HIGH SCHOOL (SEATTLE WA)",8,4,9
"1392",8748,"3F10510^^0872307E","GATZERT ES (SEATTLE)","GATZERT ELEMENTARY (SEATTLE WA)",8,4,9
"1393",8749,"3F10510^^0872308E","KIRKLAND JHS","KIRKLAND JUNIOR HIGH (KIRKLAND WA)",8,4,9
"1394",8750,"3F10510^^0872321E","DUNLAP ES (SEATTLE)","DUNLAP ELEMENTARY SCHOOL (SEATTLE WA)",8,4,9
"1395",8751,"3F10510^^0872322E","MONTLAKE ES (SEATTLE","MONTLAKE ELEMENTARY (SEATTLE WA)",8,4,9
"1396",8752,"3F10510^^0872371E","HAMILTON MS (SEATTLE","HAMILTON MIDDLE SCHOOL (SEATTLE WA)",8,4,9
"1397",8753,"3F10510^^0872372E","BRYANT ES (SEATTLE)","BRYANT ELEMENTARY SCHOOL (SEATTLE WA)",8,4,9
"1398",8754,"3F10510^^0872392E","CLEVELAND HS","CLEVELAND HIGH SCHOOL (SEATTLE)",8,4,9
"1399",8755,"3F10510^^0872437E","LAURELHURST ES(SEATT","LAURELHURST ELEMENTARY (SEATTLE WA)",8,4,9
"1400",8756,"3F10510^^0872438E","ALT HS (SEATTLE)","ALTERNATIVE HIGH SCHOOL (SEATTLE WA)",8,4,9
"1401",8757,"3F10510^^0872439E","BRYN MAWR ES(SEATTLE","BRYN MAWR ELEMENTARY (SEATTLE WA)",8,4,9
"1402",8758,"3F10510^^0872450E","BAGLEY ES (SEATTLE)","BAGLEY ELEMENTARY SCHOOL (SEATTLE WA)",8,4,9
"1403",8759,"3F10510^^0872462E","LOYAL HEIGHTS ES(SEA","LOYAL HEIGHTS ELEMENTARY (SEATTLE WA)",8,4,9
"1404",8760,"3F10510^^0872475E","RENTON HS (RENTON)","RENTON HIGH SCHOOL (RENTON WA)",8,4,9
"1405",8761,"3F10510^^0872493E","C O SORENSON SCHOOL","C. O. SORENSON SCHOOL (WOODINVILLE WA)",8,4,9
"1406",8762,"3F10510^^0872597E","KENNYDALE ES (RENTON","KENNYDALE ELEMENTARY SCHOOL (RENTON WA)",8,4,9
"1407",8763,"3F10510^^0872611E","MINOR ES (SEATTLE)","MINOR ELEMENTARY SCHOOL (SEATTLE WA)",8,4,9
"1408",8764,"3F10510^^0872640E","HIGHLANDS ES (RENTON","HIGHLANDS ELEMENTARY (RENTON WA)",8,4,9
"1409",8765,"3F10510^^0872667E","VIEW RIDGE ES(SEATTL","VIEW RIDGE ELEMENTARY (SEATTLE WA)",8,4,9
"1410",8766,"3F10510^^0872700E","THOMSON SCHL(SEATTLE","THOMSON SCHOOL (SEATTLE WA)",8,4,9
"1411",8767,"3F10510^^0872701E","BELLEVUE HS (BELLEVU","BELLEVUE SENIOR HIGH (BELLEVUE WA)",8,4,9
"1412",8768,"3F10510^^0872703E","RIDGECREST ES(SEATTL","RIDGECREST ELEMENTARY (SEATTLE WA)",8,4,9
"1413",8769,"3F10510^^0872729E","ECKSTEIN MS (SEATTLE","ECKSTEIN MIDDLE SCHOOL (SEATTLE WA)",8,4,9
"1414",8770,"3F10510^^0872738E","CLARK ES","CLARK ELEMENTARY (ISSAQUAH)",8,4,9
"1415",8771,"3F10510^^0872739E","LK WASHINGTON HS (KI","LAKE WASHINGTON HIGH SCHOOL (KIRKLAND WA)",8,4,9
"1416",8772,"3F10510^^0872764E","CREST LEARNING CENTR","CREST LEARNING CENTER (MERCER ISLAND)",8,4,9
"1417",8773,"3F10510^^0872796E","JUANITA ES (KIRKLAND","JUANITA ELEMENTARY (KIRKLAND WA)",8,4,9
"1418",8774,"3F10510^^0872838E","BLAINE ES (SEATTLE)","BLAINE ELEMENTARY (SEATTLE WA)",8,4,9
"1419",8775,"3F10510^^0872846E","ENATAI ES (BELLEVUE)","ENATAI ELEMENTARY SCHOOL (BELLEVUE WA)",8,4,9
"1420",8776,"3F10510^^0872847E","CLYDE HILL ES(BELLEV","CLYDE HILL ELEMENTARY (BELLEVUE WA)",8,4,9
"1421",8777,"3F10510^^0872849E","TAHOMA HS(MAPLE VALL","TAHOMA SENIOR HIGH SCHOOL (MAPLE VALLEY)",8,4,9
"1422",8778,"3F10510^^0872887E","MARTHA LK ES (LYNNWO","MARTHA LAKE ELEMENTARY (LYNNWOOD WA)",8,4,9
"1423",8779,"3F10510^^0872929E","LAKERIDGE ES(SEATTLE","LAKERIDGE ELEMENTARY SCHOOL (SEATTLE WA)",8,4,9
"1424",8780,"3F10510^^0872931E","HILLCREST SPEC SRV C","HILLCREST SPECIAL SERVICES CENTER (RENTON WA)",8,4,9
"1425",8781,"3F10510^^0872975E","ROGERS ES (SEATTLE)","ROGERS ELEMENTARY (SEATTLE WA)",8,4,9
"1426",8782,"3F10510^^0872976E","OLYMPIC HILLS ES(SEA","OLYMPIC HILLS ELEMENTARY SCHOOL (SEATTLE WA)",8,4,9
"1427",8783,"3F10510^^0872977E","VIEWLANDS ES(SEATTLE","VIEWLANDS ELEMENTARY (SEATTLE)",8,4,9
"1428",8784,"3F10510^^0872981E","LAKERIDGE ES(MERCER","LAKERIDGE ELEMENTARY SCHOOL (MERCER ISLAND WA)",8,4,9
"1429",8785,"3F10510^^0872990E","BRIARCREST ES(SEATTL","BRIARCREST ELEMENTARY (SEATTLE WA)",8,4,9
"1430",8786,"3F10510^^0872992E","ROSE HILL ES(KIRKLAN","ROSE HILL ELEMENTARY SCHOOL (KIRKLAND WA)",8,4,9
"1431",8787,"3F10510^^0872993E","KENMORE ES (BOTHELL)","KENMORE ELEMENTARY SCHOOL (BOTHELL WA)",8,4,9
"1432",8788,"3F10510^^0873026E","WEDGWOOD ES (SEATTLE","WEDGWOOD ELEMENTARY SCHOOL (SEATTLE WA)",8,4,9
"1433",8789,"3F10510^^0873027E","NORTHGATE ES(SEATTLE","NORTHGATE ELEMENTARY (SEATTLE WA)",8,4,9
"1434",8790,"3F10510^^0873028E","SACAJAWEA ES(SEATTLE","SACAJAWEA ELEMENTARY (SEATTLE WA)",8,4,9
"1435",8791,"3F10510^^0873029E","MERCER ISLAND HS","MERCER ISLAND HIGH SCHOOL (MERCER ISLAND)",8,4,9
"1436",8792,"3F10510^^0873034E","CAMBELL HILL ES (SEA","CAMBELL HILL ELEMENTARY (SEATTLE WA)",8,4,9
"1437",8793,"3F10510^^0873035E","JOHN H MCKNIGHT MS","JOHN H MCKNIGHT MIDDLE SCHOOL (RENTON WA)",8,4,9
"1438",8794,"3F10510^^0873036E","EASTGATE ES (BELLEVU","EASTGATE ELEMENTARY SCHOOL (BELLEVUE WA)",8,4,9
"1439",8795,"3F10510^^0873038E","ISSAQUAH MS","ISSAQUAH MIDDLE SCHOOL (ISSAQUAH)",8,4,9
"1440",8796,"3F10510^^0873041E","LAKEVIEW ES(KIRKLAND","LAKEVIEW ELEMENTARY SCHOOL (KIRKLAND)",8,4,9
"1441",8797,"3F10510^^0873100E","STEVENSON ES(BELLEVU","STEVENSON ELEMENTARY (BELLEVUE WA)",8,4,9
"1442",8798,"3F10510^^0873103E","NORTH CITY ES (SEATT","NORTH CITY ELEMENTARY (SEATTLE WA)",8,4,9
"1443",8799,"3F10510^^0873104E","ECHO LAKE ES(SEATTLE","ECHO LAKE ELEMENTARY SCHOOL (SEATTLE)",8,4,9
"1444",8800,"3F10510^^0873105E","CRYSTAL SPRINGS ES","CRYSTAL SPRINGS ELEMENTARY (BOTHELL WA)",8,4,9
"1445",8801,"3F10510^^0873106E01","BOTHELL HS","BOTHELL SENIOR HIGH SCHOOL (BOTHELL)",8,4,9
"1446",8802,"3F10510^^0873106E02","BOTHELL HS FISH TEAM","BOTHELL SENIOR HIGH SCHOOL FISH TEAM (BOTHELL)",8,4,9
"1447",8803,"3F10510^^0873107E","ARROWHEAD ES (BOTHEL","ARROWHEAD ELEMENTARY (BOTHELL WA)",8,4,9
"1448",8804,"3F10510^^0873122E","LYNNDALE ES(LYNWOOD)","LYNNDALE ELEMENTARY (LYNNWOOD)",8,4,9
"1449",8805,"3F10510^^0873162E","ISLAND PARK ES(MERCR","ISLAND PARK ELEMENTARY (MERCER ISLAND)",8,4,9
"1450",8806,"3F10510^^0873166E","HIGHLAND MS(BELLEVUE","HIGHLAND MIDDLE SCHOOL (BELLEVUE WA)",8,4,9
"1451",8807,"3F10510^^0873167E","WOODRIDGE ES(BELLEVU","WOODRIDGE ELEMENTARY (BELLEVUE WA)",8,4,9
"1452",8808,"3F10510^^0873168E","PHANTOM LK ES(BELLEV","PHANTOM LAKE ELEMENTARY (BELLEVUE WA)",8,4,9
"1453",8809,"3F10510^^0873170E","SUNSET INTERMEDIATE","SUNSET INTERMEDIATE (SEATTLE WA)",8,4,9
"1454",8810,"3F10510^^0873186E","WESTGATE ES (EDMONDS","WESTGATE ELEMENTARY (EDMONDS WA)",8,4,9
"1455",8811,"3F10510^^0873218E","NORTH BEACH ES (SEAT","NORTH BEACH ELEMENTARY (SEATTLE WA)",8,4,9
"1456",8812,"3F10510^^0873219E","ISLANDER MS(MERCER I","ISLANDER MIDDLE SCHOOL (MERCER ISLAND WA)",8,4,9
"1457",8813,"3F10510^^0873224E","SUNSET ES(BELLEVUE2)","SUNSET ELEMENTARY SCHOOL (BELLEVUE WA)",8,4,9
"1458",8814,"3F10510^^0873225E","LK HILLS ES (BELLEVU","LAKE HILLS ELEMENTARY (BELLEVUE WA)",8,4,9
"1459",8815,"3F10510^^0873228E","SUNSET ES(BELLEVUE1)","SUNSET ELEMENTARY SCHOOL (BELLEVUE)",8,4,9
"1460",8816,"3F10510^^0873230E","BROOKSIDE ES(SEATTLE","BROOKSIDE PRIMARY (SEATTLE WA)",8,4,9
"1461",8817,"3F10510^^0873231E","HIGHLAND TERRACE ES","HIGHLAND TERRACE PRIMARY (SEATTLE WA)",8,4,9
"1462",8818,"3F10510^^0873232E","REDMOND JHS","REDMOND JUNIOR HIGH SCHOOL (REDMOND)",8,4,9
"1463",8819,"3F10510^^0873234E","COTTAGE LAKE ES(WOOD","COTTAGE LAKE ELEMENTARY (WOODINVILLE WA)",8,4,9
"1464",8820,"3F10510^^0873254E","MOUNTLAKE TERRACE ES","MOUNTLAKE TERRACE ELEMENTARY (MOUNTLAKE TERRACE WA)",8,4,9
"1465",8821,"3F10510^^0873276E","INGRAHAM HS (SEATTLE","INGRAHAM HIGH SCHOOL (SEATTLE WA)",8,4,9
"1466",8822,"3F10510^^0873277E","WHITMAN MS (SEATTLE)","WHITMAN MIDDLE SCHOOL (SEATTLE WA)",8,4,9
"1467",8823,"3F10510^^0873282E","SAMMAMISH HS(BELLEVU","SAMMAMISH SENIOR HIGH (BELLEVUE WA)",8,4,9
"1468",8824,"3F10510^^0873283E","TYEE MS (BELLEVUE)","TYEE MIDDLE SCHOOL (BELLEVUE WA)",8,4,9
"1469",8825,"3F10510^^0873286E","LAKE WILDERNESS ES","LAKE WILDERNESS ELEMENTARY (MAPLE VALLEY)",8,4,9
"1470",8826,"3F10510^^0873287E","WESTHILL ES (BOTHELL","WESTHILL ELEMENTARY (BOTHELL WA)",8,4,9
"1471",8827,"3F10510^^0873302E","BEVERLY ES (LYNNWOOD","BEVERLY ELEMENTARY (LYNNWOOD WA)",8,4,9
"1472",8828,"3F10510^^0873303E","MOUNTLAKE TERRACE HS","MOUNTLAKE TERRACE HIGH SCHOOL (MOUNTLAKE TERRACE WA)",8,4,9
"1473",8829,"3F10510^^0873304E","CEDAR WAY ES(MOUNTLK","CEDAR WAY ELEMENTARY (MOUNTLAKE TERRACE WA)",8,4,9
"1474",8830,"3F10510^^0873327E","RAINIER BEACH HS SEA","RAINIER BEACH HIGH SCHOOL (SEATTLE WA)",8,4,9
"1475",8831,"3F10510^^0873337E","CASCADE ES (RENTON)","CASCADE ELEMENTARY (RENTON WA)",8,4,9
"1476",8832,"3F10510^^0873338E","CHINOOK MS (BELLEVUE","CHINOOK MIDDLE SCHOOL (BELLEVUE WA)",8,4,9
"1477",8833,"3F10510^^0873339E","SHERWOOD FOREST ES(B","SHERWOOD FOREST ELEMENTARY (BELLEVUE WA)",8,4,9
"1478",8834,"3F10510^^0873341E","TAHOMA JHS(MAPLE VAL","TAHOMA JR HIGH/GLACIER PK ELEM (MAPLE VALLEY WA)",8,4,9
"1479",8835,"3F10510^^0873343E","SHORECREST HS (SEATT","SHORECREST HIGH SCHOOL (SEATTLE WA)",8,4,9
"1480",8836,"3F10510^^0873344E","MAYWOOD HILLS ES(BOT","MAYWOOD HILLS ELEMENTARY (BOTHELL)",8,4,9
"1481",8837,"3F10510^^0873345E","KENMORE JHS(BOTHELL)","KENMORE JUNIOR HIGH SCHOOL (BOTHELL)",8,4,9
"1482",8838,"3F10510^^0873353E","MEADOWDALE MS(LYNNWO","MEADOWDALE MIDDLE SCHOOL (LYNNWOOD)",8,4,9
"1483",8839,"3F10510^^0873378E","GRAHAM HILL ES(SEATT","GRAHAM HILL ELEMENTARY (SEATTLE WA)",8,4,9
"1484",8840,"3F10510^^0873379E","DECATUR ES/AEZ(SEATT","DECATUR ELMENTARY SCHOOL /AEZ (SEATTLE WA)",8,4,9
"1485",8841,"3F10510^^0873385E","ISSAQUAH HS","ISSAQUAH HIGH SCHOOL (ISSAQUAH WA)",8,4,9
"1486",8842,"3F10510^^0873386E","SUNNY HILLS ES(ISSAQ","SUNNY HILLS ELEMENTARY (ISSAQUAH WA)",8,4,9
"1487",8843,"3F10510^^0873387E","KELLOGG MS (SEATTLE)","KELLOGG MIDDLE SCHOOL (SEATTLE WA)",8,4,9
"1488",8844,"3F10510^^0873390E","LOCKWOOD ES (BOTHELL","LOCKWOOD ELEMENTARY (BOTHELL WA)",8,4,9
"1489",8845,"3F10510^^0873409E","CEDAR VALLEY ES (LYN","CEDAR VALLEY ELEMENTARY (LYNNWOOD WA)",8,4,9
"1490",8846,"3F10510^^0873410E","SPRUCE ES (LYNNWOOD)","SPRUCE PRIMARY (LYNNWOOD WA)",8,4,9
"1491",8847,"3F10510^^0873433E","WEST MERCER ES (MERC","WEST MERCER ELEMENTARY (MERCER ISLAND WA)",8,4,9
"1492",8848,"3F10510^^0873434E","FRED NELSEN MS(RENTO","FRED NELSEN MIDDLE SCHOOL (RENTON WA)",8,4,9
"1493",8849,"3F10510^^0873435E","TILLICUM JHS(BELLEVU","TILLICUM JUNIOR HIGH (BELLEVUE WA)",8,4,9
"1494",8850,"3F10510^^0873436E","MEDINA ES (BELLEVUE)","MEDINA ELEMENTARY SCHOOL (BELLEVUE WA)",8,4,9
"1495",8851,"3F10510^^0873437E","NEWPORT HEIGHTS ES","NEWPORT HEIGHTS ELEMENTARY (BELLEVUE)",8,4,9
"1496",8852,"3F10510^^0873440E","BRIARWOOD ES (RENTON","BRIARWOOD ELEMENTARY (RENTON WA)",8,4,9
"1497",8853,"3F10510^^0873441E","MARK TWAIN ES (KIRKL","MARK TWAIN ELEMENTARY (KIRKLAND WA)",8,4,9
"1498",8854,"3F10510^^0873442E","MOORLANDS ES (BOTHEL","MOORLANDS ELEMENTARY (BOTHELL WA)",8,4,9
"1499",8855,"3F10510^^0873461E","SEAVIEW HEIGHTS ES","SEAVIEW HEIGHTS ELEMENTARY (EDMONDS)",8,4,9
"1500",8856,"3F10510^^0873462E","WOODWAY ES (EDMONDS)","WOODWAY ELEMENTARY (EDMONDS WA)",8,4,9
"1501",8857,"3F10510^^0873464E","MEADOWDALE HS(LYNNWO","MEADOWDALE HIGH SCHOOL (LYNNWOOD WA)",8,4,9
"1502",8858,"3F10510^^0873478E","KIMBALL ES (SEATTLE)","KIMBALL ELEMENTARY (SEATTLE WA)",8,4,9
"1503",8859,"3F10510^^0873479E","NATHAN HALE HS(SEATT","NATHAN HALE HIGH SCHOOL (SEATTLE WA)",8,4,9
"1504",8860,"3F10510^^0873485E","HAZELWOOD ES (RENTON","HAZELWOOD ELEMENTARY (RENTON WA)",8,4,9
"1505",8861,"3F10510^^0873486E","NEWPORT HS (BELLEVUE","NEWPORT SENIOR HIGH SCHOOL (BELLEVUE WA)",8,4,9
"1506",8862,"3F10510^^0873489E","PARKWOOD ES (SEATTLE","PARKWOOD ELEMENTARY (SEATTLE WA)",8,4,9
"1507",8863,"3F10510^^0873490E","HENRY DAVID THOREAU","HENRY DAVID THOREAU ELEMENTARY (KIRKLAND WA)",8,4,9
"1508",8864,"3F10510^^0873492E","INGLEMOOR HS (BOTHEL","INGLEMOOR SENIOR HIGH (BOTHELL WA)",8,4,9
"1509",8865,"3F10510^^0873493E","CANYON PARK JHS(BOTH","CANYON PARK JUNIOR HIGH (BOTHELL WA)",8,4,9
"1510",8866,"3F10510^^0873502E","LK STICKNEY ES (LYNN","LAKE STICKNEY ELEMENTARY (LYNNWOOD WA)",8,4,9
"1511",8867,"3F10510^^0873503E","LYNNWOOD INTERMEDIAT","LYNNWOOD INTERMEDIATE (LYNNWOOD WA)",8,4,9
"1512",8868,"3F10510^^0873504E","MEADOWDALE ES(LYNNWO","MEADOWDALE ELEMENTARY (LYNNWOOD WA)",8,4,9
"1513",8869,"3F10510^^0873517E","MC CLURE MS (SEATTLE","MC CLURE MIDDLE SCHOOL (SEATTLE WA)",8,4,9
"1514",8870,"3F10510^^0873521E","RENTON PARK ES(RENTO","RENTON PARK ELEMENTARY (RENTON WA)",8,4,9
"1515",8871,"3F10510^^0873527E","MELVIN G SYRE ES(SEA","MELVIN G. SYRE ELEMENTARY (SEATTLE WA)",8,4,9
"1516",8872,"3F10510^^0873528E","REDMOND HS","REDMOND HIGH SCHOOL (REDMOND)",8,4,9
"1517",8873,"3F10510^^0873529E","HORACE MANN ES(REDMO","HORACE MANN ELEMENTARY (REDMOND)",8,4,9
"1518",8874,"3F10510^^0873534E","CHASE LAKE ES(EDMOND","CHASE LAKE ELEMENTARY (EDMONDS WA)",8,4,9
"1519",8875,"3F10510^^0873536E","BRIER ES (BRIER)","BRIER ELEMENTARY SCHOOL (BRIER)",8,4,9
"1520",8876,"3F10510^^0873548E","AUDUBON ES (REDMOND)","AUDUBON ELEMENTARY SCHOOL (REDMOND)",8,4,9
"1521",8877,"3F10510^^0873549E","GORDON HAUCK CENTER","GORDON HAUCK CENTER (KIRKLAND WA)",8,4,9
"1522",8878,"3F10510^^0873560E","ALDERWOOD MS (LYNNWO","ALDERWOOD MIDDLE SCHOOL (LYNNWOOD WA)",8,4,9
"1523",8879,"3F10510^^0873581E","WING LUKE ES (SEATTL","WING LUKE ELEMENTARY (SEATTLE WA)",8,4,9
"1524",8880,"3F10510^^0873586E","MAPLEWOOD HEIGHTS ES","MAPLEWOOD HEIGHTS ELEMENTARY (RENTON WA)",8,4,9
"1525",8881,"3F10510^^0873587E","BENSON HILL ES (RENT","BENSON HILL ELEMENTARY (RENTON WA)",8,4,9
"1526",8882,"3F10510^^0873588E","INTERLAKE HS(BELLEVU","INTERLAKE SENIOR HIGH SCHOOL (BELLEVUE WA)",8,4,9
"1527",8883,"3F10510^^0873589E","SHAWDOW LK ES (MAPLE","SHAWDOW LAKE ELEMENTARY (MAPLE VALLEY WA)",8,4,9
"1528",8884,"3F10510^^0873590E","FINN HILL JHS(KIRKLA","FINN HILL JUNIOR HIGH (KIRKLAND)",8,4,9
"1529",8885,"3F10510^^0873591E","BEN FRANKLIN ES(KIRK","BENJAMIN FRANKLIN ELEMENTARY (KIRKLAND WA)",8,4,9
"1530",8886,"3F10510^^0873592E","ALEXANDER G BELL ES","ALEXANDER GRAHAM BELL ELEMENTARY (KIRKLAND WA)",8,4,9
"1531",8887,"3F10510^^0873604E","EDMONDS WOODWAY HS","EDMONDS WOODWAY HIGH SCHOOL (EDMONDS WA)",8,4,9
"1532",8888,"3F10510^^0873605E","SHERWOOD ES(EDMONDS)","SHERWOOD ELEMENTARY (EDMONDS WA)",8,4,9
"1533",8889,"3F10510^^0873606E","EDMONDS ES (EDMONDS)","EDMONDS ELEMENTARY (EDMONDS)",8,4,9
"1534",8890,"3F10510^^0873607E","HAZELWOOD ES (LYNNWO","HAZELWOOD ELEMENTARY (LYNNWOOD WA)",8,4,9
"1535",8891,"3F10510^^0873608E","OAK HEIGHTS ES(LYNNW","OAK HEIGHTS ELEMENTARY (LYNNWOOD WA)",8,4,9
"1536",8892,"3F10510^^0873630E","OLIVER M HAZEN HS","OLIVER M HAZEN HIGH (RENTON WA)",8,4,9
"1537",8893,"3F10510^^0873631E","ODLE MS (BELLEVUE)","ODLE MIDDLE SCHOOL (BELLEVUE WA)",8,4,9
"1538",8894,"3F10510^^0873633E","ARDMORE ES (BELLEVUE","ARDMORE ELEMENTARY SCHOOL (BELLEVUE WA)",8,4,9
"1539",8895,"3F10510^^0873634E","SPIRITRIDGE ES(BELLE","SPIRITRIDGE ELEMENTARY SCHOOL (BELLEVUE)",8,4,9
"1540",8896,"3F10510^^0873636E","MAYWOOD MS (RENTON)","MAYWOOD MIDDLE SCHOOL (RENTON WA)",8,4,9
"1541",8897,"3F10510^^0873637E","MAPLE HILLS ES","MAPLE HILLS ELEMENTARY (RENTON)",8,4,9
"1542",8898,"3F10510^^0873650E","BRIER TERRACE MS(LYN","BRIER TERRACE MIDDLE SCHOOL (LYNNWOOD WA)",8,4,9
"1543",8899,"3F10510^^0873668E","SIERRA HEIGHTS ES","SIERRA HEIGHTS ELEMENTARY (RENTON WA)",8,4,9
"1544",8900,"3F10510^^0873673E","ISSAQUAH VALLEY ES","ISSAQUAH VALLEY ELEMENTARY (ISSAQUAH WA)",8,4,9
"1545",8901,"3F10510^^0873674E","ALBERT EINSTEIN MS","ALBERT EINSTEIN MIDDLE SCHOOL (SEATTLE WA)",8,4,9
"1546",8902,"3F10510^^0873675E","ROBERT FROST ES(KIRK","ROBERT FROST ELEMENTARY (KIRKLAND WA)",8,4,9
"1547",8903,"3F10510^^0873678E","FAIRWOOD ES (RENTON)","FAIRWOOD ELEMENTARY SCHOOL (RENTON WA)",8,4,9
"1548",8904,"3F10510^^0873679E","SHELTON VIEW ES(BOTH","SHELTON VIEW ELEMENTARY (BOTHELL WA)",8,4,9
"1549",8905,"3F10510^^0873687E","SERENE LK ES(EDMONDS","SERENE LAKE ELEMENTARY (EDMONDS WA)",8,4,9
"1550",8906,"3F10510^^0873689E","HILLTOP ES (LYNNWOOD","HILLTOP ELEMENTARY SCHOOL (LYNNWOOD WA)",8,4,9
"1551",8907,"3F10510^^0873690E","EVERGREEN ES #3(M T)","EVERGREEN ELEMENTARY (MOUNTLAKE TERRACE) #3",8,4,9
"1552",8908,"3F10510^^0873691E","COLLEGE PLACE ES(LYN","COLLEGE PLACE ELEMENTARY (LYNNWOOD WA)",8,4,9
"1553",8909,"3F10510^^0873702E","TIFFANY PARK ES(RENT","TIFFANY PARK ELEMENTARY (RENTON WA)",8,4,9
"1554",8910,"3F10510^^0873703E","BENJAMIN RUSH ES(RED","BENJAMIN RUSH ELEMENTARY SCHOOL (REDMOND WA)",8,4,9
"1555",8911,"3F10510^^0873704E","HELEN KELLER ES(KIRK","HELEN KELLER ELEMENTARY SCHOOL (KIRKLAND)",8,4,9
"1556",8912,"3F10510^^0873705E","BENNETT ES (BELLEVUE","BENNETT ELEMENTARY SCHOOL (BELLEVUE WA)",8,4,9
"1557",8913,"3F10510^^0873706E","ROSE HILL JHS(REDMON","ROSE HILL JUNIOR HIGH (REDMOND WA)",8,4,9
"1558",8914,"3F10510^^0873714E","LOWELL ES (SEATTLE)","LOWELL ELEMENTARY (SEATTLE WA)",8,4,9
"1559",8915,"3F10510^^0873717E","DAY ES (SEATTLE)","DAY ELEMENTARY (SEATTLE WA)",8,4,9
"1560",8916,"3F10510^^0873740E","TALBOT HILL ES(RENTO","TALBOT HILL ELEMENTARY (RENTON WA)",8,4,9
"1561",8917,"3F10510^^0873741E","CHARLES A LINDBERGH","CHARLES A LINDBERGH HIGH (RENTON WA)",8,4,9
"1562",8918,"3F10510^^0873742E","CHERRY CREST ES(BELL","CHERRY CREST ELEMENTARY SCHOOL (BELLEVUE)",8,4,9
"1563",8919,"3F10510^^0873744E","OFF-CAMPUS SCHL (BEL","OFF-CAMPUS SCHOOL (BELLEVUE WA)",8,4,9
"1564",8920,"3F10510^^0873746E","APOLLO ES (RENTON)","APOLLO ELEMENTARY (RENTON WA)",8,4,9
"1565",8921,"3F10510^^0873747E","CARL SANDBURG ES(KIR","CARL SANDBURG ELEMENTARY (KIRKLAND WA)",8,4,9
"1566",8922,"3F10510^^0873748E","JOHN MUIR ES(KIRKLAN","JOHN MUIR ELEMENTARY (KIRKLAND)",8,4,9
"1567",8923,"3F10510^^0873749E","WOODIN ES (BOTHELL)","WOODIN ELEMENTARY SCHOOL (BOTHELL WA)",8,4,9
"1568",8924,"3F10510^^0873754E","COLLEGE PLACE MS(LYN","COLLEGE PLACE MIDDLE SCHOOL (LYNNWOOD WA)",8,4,9
"1569",8925,"3F10510^^0873755E","LYNNWOOD HS(LYNWOOD)","LYNNWOOD HIGH SCHOOL (LYNNWOOD)",8,4,9
"1570",8926,"3F10510^^0873764E","MEEKER JHS (RENTON)","MEEKER JUNIOR HIGH SCHOOL (RENTON WA)",8,4,9
"1571",8927,"3F10510^^0873771E","JUANITA HS (KIRKLAND","JUANITA HIGH SCHOOL (KIRKLAND)",8,4,9
"1572",8928,"3F10510^^0873774E","SOUTH SHORE MS (SEAT","SOUTH SHORE MIDDLE SCHOOL (SEATTLE WA)",8,4,9
"1573",8929,"3F10510^^0873778E","SEATTLE ALT/SHARPLES","SEATTLE ALTERNATIVE/SHARPLES (SEATTLE WA)",8,4,9
"1574",8930,"3F10510^^0873789E","SOMERSET ES(BELLEVUE","SOMERSET ELEMENTARY SCHOOL (BELLEVUE)",8,4,9
"1575",8931,"3F10510^^0873790E","LEOTA JHS(WOODINVILL","LEOTA JUNIOR HIGH SCHOOL (WOODINVILLE WA)",8,4,9
"1576",8932,"3F10510^^0873811E","SECONDARY ALT SCHOOL","SECONDARY ALTERNATIVE SCHOOL (BOTHELL WA)",8,4,9
"1577",8933,"3F10510^^0873818E","MAPLEWOOD SCHL(EDMON","MAPLEWOOD SCHOOL (EDMONDS WA)",8,4,9
"1578",8934,"3F10510^^0873854E","SCRIBER LK HS (LYNNW","SCRIBER LAKE HIGH SCHOOL (LYNNWOOD WA)",8,4,9
"1579",8935,"3F10510^^0873856E","COMMUNITY ALT/BEST A","COMMUNITY ALT/BEST ALT/NORTHSTAR JR (KIRKLAND WA)",8,4,9
"1580",8936,"3F10510^^0873868E","NOVA ALT SCHL (SEATT","NOVA ALTERNATIVE SCHOOL (SEATTLE) (A.K.A. CHERRY ST COOP?)",8,4,9
"1581",8937,"3F10510^^0873869E","SUMMIT K-12 (SEATTLE","SUMMIT K-12 (SEATTLE WA)",8,4,9
"1582",8938,"3F10510^^0873871E","SEATTLE ALT/MARSHALL","SEATTLE ALTERNATIVE/MARSHALL (SEATTLE WA)",8,4,9
"1583",8939,"3F10510^^0873874E","ALT SCHOOL #1","ALTERNATIVE SCHOOL NUMBER 1 (SEATTLE)",8,4,9
"1584",8940,"3F10510^^0873879E","PINE LK MS (ISSAQUAH","PINE LAKE MIDDLE SCHOOL (ISSAQUAH WA)",8,4,9
"1585",8941,"3F10510^^0873905E","AM INDIAN HERITAGE H","AMERICAN INDIAN HERITAGE HIGH (SEATTLE WA)",8,4,9
"1586",8942,"3F10510^^0873921E","SHOREWOOD HS (SEATTL","SHOREWOOD HIGH SCHOOL (SEATTLE WA)",8,4,9
"1587",8943,"3F10510^^0873922E","KAMIAKIN JHS(KIRKLAN","KAMIAKIN JUNIOR HIGH (KIRKLAND WA)",8,4,9
"1588",8944,"3F10510^^0873937E","CEDAR R ES(MAPLE VAL","CEDAR RIVER ELEMENTARY (MAPLE VALLEY WA)",8,4,9
"1589",8945,"3F10510^^0873941E","PETER KIRK ES(KIRKLA","PETER KIRK ELEMENTARY SCHOOL (KIRKLAND)",8,4,9
"1590",8946,"3F10510^^0873944E","GYPSY ALT SCHL (SEAT","GYPSY ALTERNATIVE SCHOOL (SEATTLE WA)",8,4,9
"1591",8947,"3F10510^^0873949E","OLYMPUS NORTHWEST MS","OLYMPUS NORTHWEST MIDDLE SCHOOL (BELLEVUE WA)",8,4,9
"1592",8948,"3F10510^^0873962E","LIBERTY HS (RENTON)","LIBERTY SENIOR HIGH SCHOOL (RENTON WA)",8,4,9
"1593",8949,"3F10510^^0873973E","ALT SCHL NUMBER 3","ALTERNATIVE SCHOOL NUMBER 3 (SEATTLE WA)",8,4,9
"1594",8950,"3F10510^^0873974E","AE2 DECATUR (SEATTLE","AE2 DECATUR (SEATTLE WA)",8,4,NA
"1595",8951,"3F10510^^0874017E","CANYON CR ES (BOTHEL","CANYON CREEK ELEMENTARY (BOTHELL WA)",8,4,9
"1596",8952,"3F10510^^0874018E","EMILY DICKINSON ES","EMILY DICKINSON ELEMENTARY (REDMOND)",8,4,9
"1597",8953,"3F10510^^0874021E","NORTHSHORE JHS(BOTHE","NORTHSHORE JUNIOR HIGH SCHOOL (BOTHELL WA)",8,4,9
"1598",8954,"3F10510^^0874064E","WASHINGTON MS(SEATTL","WASHINGTON MIDDLE SCHOOL (SEATTLE WA)",8,4,9
"1599",8955,"3F10510^^0874065E","ORCA ALT COLOMBIA(SE","ORCA ALTERNATIVE COLOMBIA (SEATTLE WA)",8,4,9
"1600",8956,"3F10510^^0874069E","WELLINGTON ES(WOODIN","WELLINGTON ELEMENTARY SCHOOL (WOODINVILLE WA)",8,4,9
"1601",8957,"3F10510^^0874077E","SPRING GLEN ES (RENT","SPRING GLEN ELEMENTARY SCHOOL (RENTON WA)",8,4,9
"1602",8958,"3F10510^^0874096E","MARGARET MEAD ES(RED","MARGARET MEAD ELEMENTARY (REDMOND)",8,4,9
"1603",8959,"3F10510^^0874124E","HOLLYWOOD HILL ES(WO","HOLLYWOOD HILL ELEMENTARY (WOODINVILLE WA)",8,4,9
"1604",8960,"3F10510^^0874125E","WOODSIDE ES (BOTHELL","WOODSIDE ELEMENTARY (BOTHELL WA)",8,4,9
"1605",8961,"3F10510^^0874147E","NORMAN ROCKWELL ES","NORMAN ROCKWELL ELEMENTARY (REDMOND WA)",8,4,9
"1606",8962,"3F10510^^0874148E","EVERGREEN JHS(REDMON","EVERGREEN JUNIOR HIGH (REDMOND WA)",8,4,9
"1607",8963,"3F10510^^0874165E","PICNIC POINT ES(EDMO","PICNIC POINT ELEMENTARY (EDMONDS WA)",8,4,9
"1608",8964,"3F10510^^0874177E","CASCADE MS/HS (BELLE","CASCADE MIDDLE/HIGH SCHOOL (BELLEVUE WA)",8,4,9
"1609",8965,"3F10510^^0874187E","SUNRISE ES (REDMOND)","SUNRISE ELEMENTARY SCHOOL (REDMOND WA)",8,4,9
"1610",8966,"3F10510^^0874208E","WOODINVILLE HS(WOODI","WOODINVILLE HIGH SCHOOL (WOODINVILLE WA)",8,4,9
"1611",8967,"3F10510^^0874248E","HAWTHORNE ES (SEATTL","HAWTHORNE ELEMENTARY SCHOOL (SEATTLE WA)",8,4,9
"1612",8968,"3F10510^^0874256E","LOUISA MAY ALCOTT ES","LOUISA MAY ALCOTT ELEMENTARY (REDMOND WA)",8,4,9
"1613",8969,"3F10510^^0874293E","RIDGEWOOD ES(RENTON)","RIDGEWOOD ELEMENTARY (RENTON WA)",8,4,9
"1614",8970,"3F10510^^0874300E","CHALLENGER ES (ISSAQ","CHALLENGER ELEMENTARY (ISSAQUAH WA)",8,4,9
"1615",8971,"3F10510^^0874302E","SAMANTHA SMITH ES(RE","SAMANTHA SMITH ELEMENTARY (REDMOND)",8,4,9
"1616",8972,"3F10510^^0874305E","BEAR CR ES(WOODINVIL","BEAR CREEK ELEMENTARY (WOODINVILLE)",8,4,9
"1617",8973,"3F10510^^0874306E","FERNWOOD ES (BOTHELL","FERNWOOD ELEMENTARY (BOTHELL WA)",8,4,9
"1618",8974,"3F10510^^0874313E","ALDERCREST ANNEX","ALDERCREST ANNEX/ROOM 9 PROG (SEATTLE WA)",8,4,9
"1619",8975,"3F10510^^0874316E","MILL CR ES (BOTHELL)","MILL CREEK ELEMENTARY (BOTHELL WA)",8,4,9
"1620",8976,"3F10510^^0874317E","MAPLE VALLEY HS (MAP","MAPLE VALLEY HIGH (MAPLE VALLEY WA)",8,4,9
"1621",8977,"3F10510^^0874334E","HEATHERWOOD MS (MILL","HEATHERWOOD MIDDLE SCHOOL (MILL CREEK WA)",8,4,9
"1622",8978,"3F10510^^0874336E","LAURA I WILDER ES","LAURA INGALLS WILDER ELEMENTARY (WOODINVILLE)",8,4,9
"1623",8979,"3F10510^^0874353E","CARRIAGE CREST ES(RE","CARRIAGE CREST ELEMENTARY (RENTON)",8,4,9
"1624",8980,"3F10510^^0874354E","CRISTA MCAULIFFE ES","CRISTA MCAULIFFE ELEMENTARY (REDMOND WA)",8,4,9
"1625",8981,"3F10510^^0874355E","FRANK LOVE ES(BOTHEL","FRANK LOVE ELEMENTARY (BOTHELL WA)",8,4,9
"1626",8982,"3F10510^^0874371E","SKYVIEW JHS (BOTHELL","SKYVIEW JUNIOR HIGH SCHOOL (BOTHELL WA)",8,4,9
"1627",8983,"3F10510^^0874375E","COUGAR RIDGE ES(ISSA","COUGAR RIDGE ELEMENTARY (ISSAQUAH WA)",8,4,9
"1628",8984,"3F10510^^0874376E","DISCOVERY ES #1(ISSA","DISCOVERY ELEMENTARY (ISSAQUAH) #1",8,4,9
"1629",8985,"3F10510^^0874377E","WOODMOOR ES (BOTHELL","WOODMOOR ELEMENTARY (BOTHELL WA)",8,4,9
"1630",8986,"3F10510^^0874379E","EAST RIDGE ES(WOODIN","EAST RIDGE ELEMENTARY (WOODINVILLE WA)",8,4,9
"1631",8987,"3F10510^^0874382E","CEDAR WOOD ES(BOTHEL","CEDAR WOOD ELEMENTARY (BOTHELL WA)",8,4,9
"1632",8988,"3F10510^^0874386E","INGLEWOOD JHS(REDMON","INGLEWOOD JR HIGH (REDMOND WA)",8,4,9
"1633",8989,"3F10510^^0874415E","ROCK CR ES(MAPLE VAL","ROCK CREEK ELEMENTARY SCHOOL (MAPLE VALLEY WA)",8,4,9
"1634",8990,"3F10510^^0874438E","HENRY M JACKSON HS","HENRY M JACKSON HIGH SCHOOL (MILL CREEK WA)",8,4,9
"1635",8991,"3F10510^^0874439E","EASTLK HS (REDMOND)","EASTLAKE HIGH SCHOOL (REDMOND WA)",8,4,9
"1636",8992,"3F10510^^0874460E","BEAVER LK MS(ISSAQUA","BEAVER LAKE MIDDLE SCHOOL (ISSAQUAH WA)",8,4,9
"1637",8993,"3F10510^^0876001E","VOCATIONAL TECH(RENT","VOCATIONAL TECHNICAL COLLEGE (RENTON WA)",8,4,9
"1638",8994,"3F10510^^0878007E","PACIFIC CREST MONTES","PACIFIC CREST MONTESSORI (SEATTLE, WA)",8,4,9
"1639",8995,"3F10510^^0878017E","SEATTLE JEWISH ES","SEATTLE JEWISH PRIMARY SCHOOL (SEATTLE WA)",8,4,9
"1640",8996,"3F10510^^0878028E","ASSUMPTION SCHL (SEA","ASSUMPTION SCHOOL (SEATTLE WA)",8,4,9
"1641",8997,"3F10510^^0878029E","BLANCHET HS (SEATTLE","BLANCHET HIGH SCHOOL (SEATTLE WA)",8,4,9
"1642",8998,"3F10510^^0878031E","CHRIST THE KING(SEAT","CHRIST THE KING SCHOOL (SEATTLE WA)",8,4,9
"1643",9000,"3F10510^^0878033E","EPIPHANY SCHL(SEATTL","EPIPHANY SCHOOL (SEATTLE WA)",8,4,9
"1644",9001,"3F10510^^0878034E","EVERGREEN SCHL(SEATT","EVERGREEN SCHOOL (SEATTLE WA)",8,4,9
"1645",9002,"3F10510^^0878035E","FOREST RIDGE HS(BELL","FOREST RIDGE SECONDARY SCHOOL (BELLEVUE WA)",8,4,9
"1646",9003,"3F10510^^0878036E","GREEN LAKE CHRISTIAN","GREEN LAKE CHRISTIAN SCHOOL (SEATTLE WA)",8,4,9
"1647",9004,"3F10510^^0878037E","BUSH SCHL (SEATTLE)","BUSH SCHOOL (SEATTLE WA)",8,4,9
"1648",9005,"3F10510^^0878042E","HOLY NAMES ACAD(SEAT","HOLY NAMES ACADEMY (SEATTLE WA)",8,4,9
"1649",9006,"3F10510^^0878044E","ETC PREPARATORY ACAD","ETC PREPARATORY ACADEMY (MERCER ISLAND WA)",8,4,9
"1650",9007,"3F10510^^0878048E","LAKESIDE SCHLS(SEATT","LAKESIDE SCHOOLS (SEATTLE WA)",8,4,9
"1651",9008,"3F10510^^0878051E","OUR LADY OF FATIMA","OUR LADY OF FATIMA SCHOOL (SEATTLE WA)",8,4,9
"1652",9009,"3F10510^^0878054E","OUR LADY OF THE LAKE","OUR LADY OF THE LAKE SCHOOL (SEATTLE WA)",8,4,9
"1653",9010,"3F10510^^0878056E","VILLA ACADEMY(SEATTL","VILLA ACADEMY (SEATTLE)",8,4,9
"1654",9011,"3F10510^^0878057E","SEATTLE HEBREW ACAD","SEATTLE HEBREW ACADEMY (SEATTLE WA)",8,4,9
"1655",9012,"3F10510^^0878059E","SEATTLE PREP HS","SEATTLE PREP/MATTEO RICCI COL (SEATTLE)",8,4,9
"1656",9013,"3F10510^^0878061E","ST ALPHONSUS SCHOOL","ST. ALPHONSUS SCHOOL (SEATTLE WA)",8,4,9
"1657",9014,"3F10510^^0878062E","ST ANNE ES (SEATTLE)","ST. ANNE ELEMENTARY SCHOOL (SEATTLE WA)",8,4,9
"1658",9015,"3F10510^^0878063E","ST BENEDICT SCHL(SEA","ST. BENEDICT SCHOOL (SEATTLE WA)",8,4,9
"1659",9016,"3F10510^^0878064E","ST CATHERINE SCHOOL","ST. CATHERINE SCHOOL (SEATTLE)",8,4,9
"1660",9017,"3F10510^^0878065E","ST EDWARD SCHL (SEAT","ST. EDWARD SCHOOL (SEATTLE WA)",8,4,9
"1661",9018,"3F10510^^0878069E","ST JOHN SCHL (SEATTL","ST. JOHN SCHOOL (SEATTLE WA)",8,4,9
"1662",9019,"3F10510^^0878070E","ST JOSEPH SCHL(SEATT","ST. JOSEPH SCHOOL (SEATTLE WA)",8,4,9
"1663",9020,"3F10510^^0878073E","ST MATTHEWS SCHL(SEA","ST. MATTHEWS SCHOOL (SEATTLE WA)",8,4,9
"1664",9021,"3F10510^^0878076E","ST THERESE SCHL (SEA","ST. THERESE SCHOOL (SEATTLE WA)",8,4,9
"1665",9022,"3F10510^^0878081E","ST MONICAS SCHL(MERC","ST. MONICA'S SCHOOL (MERCER ISLAND WA)",8,4,9
"1666",9023,"3F10510^^0878085E","SEATTLE COUNTRY DAY","SEATTLE COUNTRY DAY SCHOOL (SEATTLE WA)",8,4,9
"1667",9024,"3F10510^^0878089E","ST ANTHONY SCHL(RENT","ST. ANTHONY SCHOOL (RENTON WA)",8,4,9
"1668",9025,"3F10510^^0878091E","BELLEVUE CHRISTIAN","BELLEVUE CHRISTIAN SCHOOL (BELLEVUE)",8,4,9
"1669",9026,"3F10510^^0878093E","SACRED HEART SCHOOL","SACRED HEART SCHOOL (BELLEVUE WA)",8,4,9
"1670",9027,"3F10510^^0878094E","ST LOUISE SCHL(BELLE","ST. LOUISE SCHOOL (BELLEVUE WA)",8,4,9
"1671",9028,"3F10510^^0878095E","ST THOMAS DAY(MEDINA","ST. THOMAS DAY SCHOOL (MEDINA WA)",8,4,9
"1672",9029,"3F10510^^0878099E","MAPLE VALLEY CHRISTI","MAPLE VALLEY CHRISTIAN SCHOOL (RENTON WA)",8,4,9
"1673",9030,"3F10510^^0878102E","KINGS SCHLS (SEATTLE","KING'S SCHOOLS (SEATTLE WA)",8,4,9
"1674",9031,"3F10510^^0878103E","ST LUKE SCHL (SEATTL","ST. LUKE SCHOOL (SEATTLE WA)",8,4,9
"1675",9032,"3F10510^^0878104E","ST MARKS SCHL(SEATTL","ST. MARK'S SCHOOL (SEATTLE WA)",8,4,9
"1676",9033,"3F10510^^0878105E","WATSON-GROEN CHRISTI","WATSON-GROEN CHRISTIAN SCHOOL (SEATTLE WA)",8,4,9
"1677",9034,"3F10510^^0878106E","HOLY FAMILY(KIRKLAND","HOLY FAMILY SCHOOL (KIRKLAND WA)",8,4,9
"1678",9035,"3F10510^^0878107E","KIRKLAND SDA SCHOOL","KIRKLAND S.D.A. SCHOOL (KIRKLAND WA)",8,4,9
"1679",9036,"3F10510^^0878109E","OVERLAKE SCHOOL(REDM","OVERLAKE SCHOOL (REDMOND)",8,4,9
"1680",9037,"3F10510^^0878113E","ST BRENDANS SCHL(BOT","ST. BRENDAN'S SCHOOL (BOTHELL WA)",8,4,9
"1681",9038,"3F10510^^0878162E","HOLY ROSARY (EDMONDS","HOLY ROSARY SCHOOL (EDMONDS WA)",8,4,9
"1682",9039,"3F10510^^0878164E","CYPRESS ADVENTIST SC","CYPRESS ADVENTIST SCHOOL (LYNNWOOD WA)",8,4,9
"1683",9040,"3F10510^^0878166E","SALEM LUTH SCHL(EDMO","SALEM LUTHERAN SCHOOL (EDMONDS WA)",8,4,9
"1684",9041,"3F10510^^0878168E","ST PIUS X (MOUNTLAKE","ST. PIUS X SCHOOL (MOUNTLAKE TERRACE WA)",8,4,9
"1685",9042,"3F10510^^0878169E","ST THOMAS MORE(LYNNW","ST. THOMAS MORE SCHOOL (LYNNWOOD WA)",8,4,9
"1686",9043,"3F10510^^0878241E","HILLSIDE STUDENT COM","HILLSIDE STUDENT COMMUNITY SCHOOL (BELLEVUE)",8,4,9
"1687",9044,"3F10510^^0878244E","LITTLE SCHL(BELLEVUE","LITTLE SCHOOL (BELLEVUE WA)",8,4,9
"1688",9045,"3F10510^^0878278E","NORTH SEATTLE CHRIST","NORTH SEATTLE CHRISTIAN SCHOOLS (SEATTLE WA)",8,4,9
"1689",9046,"3F10510^^0878289E","CALVARY LUTH SCHOOL","CALVARY LUTHERAN SCHOOL (BELLEVUE WA)",8,4,9
"1690",9047,"3F10510^^0878306E","NW MONTESSORI(SEATL2","NORTHWEST MONTESSORI SCHOOL (SEATTLE WA)",8,4,9
"1691",9048,"3F10510^^0878336E","BELLEVUE MONTESSORI","BELLEVUE MONTESSORI SCHOOL (BELLEVUE WA)",8,4,9
"1692",9049,"3F10510^^0878338E","CASCADE CHRIST BELLE","CASCADE CHRISTIAN SCHOOL (BELLEVUE WA)",8,4,9
"1693",9050,"3F10510^^0878399E","UNIVERSITY PREP(SEAT","UNIVERSITY PREPARATORY (SEATTLE WA)",8,4,9
"1694",9051,"3F10510^^0878404E","PERKINS ES (SEATTLE)","PERKINS ELEMENTARY SCHOOL (SEATTLE WA)",8,4,9
"1695",9052,"3F10510^^0878432E","BERTSCHI SCHL(SEATTL","BERTSCHI SCHOOL (SEATTLE WA)",8,4,9
"1696",9053,"3F10510^^0878441E","PUGET SOUND ES(SEATT","PUGET SOUND PRIMARY SCHOOL (SEATTLE WA)",8,4,9
"1697",9054,"3F10510^^0878470E","CASCADIA MONTESSORI","CASCADIA MONTESSORI SCHOOL (REDMOND WA)",8,4,9
"1698",9055,"3F10510^^0878488E","LK BOREN CHRIST SCHL","LAKE BOREN CHRISTIAN SCHOOL (RENTON WA)",8,4,9
"1699",9056,"3F10510^^0878530E","INTERMEDIATE SCHL(SE","INTERMEDIATE SCHOOL (SEATTLE WA)",8,4,9
"1700",9057,"3F10510^^0878540E","RENTON CHRIST SCHOOL","RENTON CHRISTIAN SCH. (RENTON WA)",8,4,9
"1701",9058,"3F10510^^0878549E","COUGAR MTN ACAD(ISSA","COUGAR MTN. ACADEMY (ISSAQUAH WA)",8,4,9
"1702",9059,"3F10510^^0878559E","ETON SCHL (BELLEVUE)","ETON SCHOOL (BELLEVUE WA)",8,4,9
"1703",9060,"3F10510^^0878561E","HERITAGE CHRIST(BOTH","HERITAGE CHRISTIAN SCHOOL (BOTHELL WA)",8,4,9
"1704",9061,"3F10510^^0878563E","JEWISH DAY SCHL(BELL","JEWISH DAY SCHOOL (BELLEVUE WA)",8,4,9
"1705",9062,"3F10510^^0878569E","NORTHWEST YESHIVA HS","NORTHWEST YESHIVA HIGH SCHOOL (MERCER ISLAND WA)",8,4,9
"1706",9063,"3F10510^^0878572E","EASTSIDE CATHOLIC HS","EASTSIDE CATHOLIC HIGH SCHOOL (BELLEVUE WA)",8,4,9
"1707",9064,"3F10510^^0878573E","NORTHWEST SCHL (SEAT","NORTHWEST SCHOOL (SEATTLE WA)",8,4,9
"1708",9065,"3F10510^^0878591E","QUEEN ANN CHRIST SCH","QUEEN ANN CHRISTIAN SCHOOL (SEATTLE WA)",8,4,9
"1709",9066,"3F10510^^0878620E","CEDAR R SCHL OF RENT","CEDAR RIVER SCHOOL OF RENTON (RENTON WA)",8,4,9
"1710",9067,"3F10510^^0878655E","ISLAMIC SCHL OF SEAT","ISLAMIC SCHOOL OF SEATTLE (SEATTLE WA)",8,4,9
"1711",9068,"3F10510^^0878660E","SNOHOMISH CHRIST(LYN","SNOHOMISH COUNTY CHRISTIAN SCHOOL (LYNNWOOD WA)",8,4,9
"1712",9069,"3F10510^^0878665E","NEIGHBORHOOD CHRISTI","NEIGHBORHOOD CHRISTIAN SCHOOL (BELLEVUE WA)",8,4,9
"1713",9070,"3F10510^^0878672E","LK FOREST PK MONTESS","LAKE FOREST PARK MONTESSORI SCHOOL (SEATTLE)",8,4,9
"1714",9071,"3F10510^^0878673E","EVERGREEN ACADEMY","EVERGREEN ACADEMY (BOTHELL)",8,4,9
"1715",9072,"3F10510^^0878674E","MORNINGSIDE ACAD(SEA","MORNINGSIDE ACADEMY (SEATTLE WA)",8,4,9
"1716",9073,"3F10510^^0878678E","STEIN SCHL (EDMONDS)","STEIN SCHOOL (EDMONDS WA)",8,4,9
"1717",9074,"3F10510^^0878684E","NW SC4HEARING IMPAIR","NW SCH/HEARING IMPAIRED CHILDREN (SEATTLE WA)",8,4,9
"1718",9075,"3F10510^^0878704E","SPRUCE ST SCHOOL(SEA","SPRUCE STREET SCHOOL (SEATTLE)",8,4,9
"1719",9076,"3F10510^^0878713E","FAITH LUTH SCHL(REDM","FAITH LUTHERAN SCHOOL OF REDMOND (REDMOND WA)",8,4,9
"1720",9077,"3F10510^^0878719E","CHRIST LIFE SCHL(LYN","CHRISTIAN LIFE SCHOOL (LYNNWOOD WA)",8,4,9
"1721",9078,"3F10510^^0878721E","REDMOND CHRIST SCHL","REDMOND CHRISTIAN SCHOOL (REDMOND WA)",8,4,9
"1722",9079,"3F10510^^0878727E","BRIGHT & EARLY SCHL","BRIGHT AND EARLY SCHOOL (LYNNWOOD WA)",8,4,9
"1723",9080,"3F10510^^0878729E","WESTSIDE PLACE SCHL","WESTSIDE PLACE SCHOOL (SEATTLE WA)",8,4,9
"1724",9081,"3F10510^^0878741E","EASTSIDE CHRIST SCHL","EASTSIDE CHRISTIAN SCHOOL (BELLEVUE WA)",8,4,9
"1725",9082,"3F10510^^0878742E","GRACE CHAPEL CHRIST","GRACE CHAPEL CHRISTIAN SCHOOL (MOUNTLAKE TERRACE WA)",8,4,9
"1726",9083,"3F10510^^0878751E","ZION PREP ACAD(SEATT","ZION PREPARATORY ACADEMY (SEATTLE WA)",8,4,9
"1727",9084,"3F10510^^0878761E","SEATTLE ACAD OF ARTS","SEATTLE ACAD OF ARTS/SCIENCES (SEATTLE WA)",8,4,9
"1728",9085,"3F10510^^0878766E","CHRYSALIS SCHL (WOOD","CHRYSALIS SCHOOL (WOODINVILLE WA)",8,4,9
"1729",9086,"3F10510^^0878771E","CEDAR PARK CHRIST SC","CEDAR PARK CHRISTIAN SCHOOL (BOTHELL WA)",8,4,9
"1730",9087,"3F10510^^0878775E","NORTH CR COUNTRY DAY","NORTH CREEK COUNTRY DAY SCHOOL (BOTHELL WA)",8,4,9
"1731",9088,"3F10510^^0878779E","GARVEY SCHL (SEATTLE","GARVEY SCHOOL (SEATTLE WA)",8,4,9
"1732",9089,"3F10510^^0878790E","COVENANT CHRISTIAN(S","COVENANT CHRISTIAN SCHOOL (SEATTLE WA)",8,4,9
"1733",9090,"3F10510^^0878822E","SONLIGHT CHRIST SCHL","SONLIGHT CHRISTIAN SCHOOL (KIRKLAND WA)",8,4,9
"1734",9091,"3F10510^^0878830E","OPEN WINDOW SCHL(BEL","OPEN WINDOW SCHOOL (BELLEVUE WA)",8,4,9
"1735",9092,"3F10510^^0878835E","EASTSIDE ACADEMIC SC","EASTSIDE ACADEMIC SCH OF TRANSITION (BELLEVUE WA)",8,4,9
"1736",9093,"3F10510^^0878838E","UNIVERSITY CHILD DEV","UNIV. CHILD DEVELOPMENT SCHOOL (SEATTLE WA)",8,4,9
"1737",9094,"3F10510^^0878842E","BJORN LIH ES SEATTLE","BJORN LIH PRIMARY SCHOOL (SEATTLE WA)",8,4,9
"1738",9095,"3F10510^^0878856E","WOODINVILLE MONTESSO","WOODINVILLE MONTESSORI SCHOOL (WOODINVILLE WA)",8,4,9
"1739",9096,"3F10510^^0878858E","COUNTRYSIDE MONTESSO","COUNTRYSIDE MONTESSORI SCHOOL (KIRKLAND WA)",8,4,9
"1740",9097,"3F10510^^0878859E","FAIRVIEW CHRIST SCHL","FAIRVIEW CHRISTIAN SCHOOL (SEATTLE WA)",8,4,9
"1741",9098,"3F10510^^0878865E","HURRAY FOR ME! SCHL","HURRAY FOR ME! SCHOOL (SEATTLE WA)",8,4,9
"1742",9099,"3F10510^^0878867E","CORNERSTONE CHRIST(M","CORNERSTONE CHRISTIAN SCHOOL (MOUNTLAKE TERRACE WA)",8,4,9
"1743",9100,"3F10510^^0878870E","ERVING PREPATORY ACA","ERVING PREPATORY ACADEMY (LYNNWOOD WA)",8,4,9
"1744",9101,"3F10510^^0878875E","BELLEVUE CHRIST-WOOD","BELLEVUE CHRISTIAN-WOODINVILLE (WOODINVILLE WA)",8,4,9
"1745",9102,"3F10510^^0878876E","WHOLE EARTH MONTESSO","WHOLE EARTH MONTESSORI SCHOOL (BOTHELL WA)",8,4,9
"1746",9103,"3F10510^^0878877E","ACHIEVE PREPARATORY","ACHIEVE PREPARATORY ACADEMY (EDMONDS WA)",8,4,9
"1747",9104,"3F10510^^0878894E","NW MONTESSORI(SEATL1","NORTHWEST MONTESSORI SCHOOL (SEATTLE WA)",8,4,9
"1748",9105,"3F10510^^0878896E","NW MONTESSORI(MERCER","NORTHWEST MONTESSORI SCHOOL (MERCER ISLAND WA)",8,4,9
"1749",9106,"3F10510^^0878906E","PACIFIC MONTESSORI L","PACIFIC MONTESSORI LEARNING CTR. (EDMONDS WA)",8,4,9
"1750",9107,"3F10510^^0878908E","VALLEY SCHL (SEATTLE","VALLEY SCHOOL (SEATTLE WA)",8,4,9
"1751",9108,"3F10510^^0878925E","LK WASH INDIVIDUAL P","LAKE WASH INDIVIDUAL PROG CENTER (REDMOND WA)",8,4,9
"1752",9109,"3F10510^^0878929E","PACIFIC CREST MS(SEA","PACIFIC CREST MIDDLE SCHOOL (SEATTLE, WA)",8,4,9
"1753",9110,"3F10510^^0878933E","A+ALT SCHL (BELLEVUE","A+ALTERNATIVE SCHOOL (BELLEVUE WA)",8,4,9
"1754",9111,"3F10510^^0878935E","SNOHOMISH CHRIST(M T","SNOHOMISH COUNTY CHRISTIAN SCHOOL (MOUNTLAKE TERRACE WA)",8,4,9
"1755",9112,"3F10510^^0878940E","SEATTLE STREET SCHL","SEATTLE STREET SCHOOL (KIRKLAND WA)",8,4,9
"1756",9113,"3F10510^^0878951E","DARTMOOR SCHL(SEATTL","DARTMOOR SCHOOL (SEATTLE WA)",8,4,9
"1757",9114,"3F10510^^0878952E","THE LEARNING CENTER","THE LEARNING CENTER, INC (REDMOND WA)",8,4,9
"1758",9115,"3F10510^^0878955E","ARBOR ES (ISSAQUAH)","ARBOR ELEMENTARY SCHOOL (ISSAQUAH, WA)",8,4,9
"1759",9116,"3F10510^^0878958E","CHILD INST LEARNING","CHILD INST LARNING DIFFERENCE (MERCER ISLAND WA)",8,4,9
"1760",9117,"3F10510^^0878963E","WASHINGTON ACAD KNOW","WASHINGTON ACADEMY OF KNOWLEDGE (MERCER ISLAND WA)",8,4,9
"1761",9118,"3F10510^^0878965E","TENDER CARE (RENTON)","TENDER CARE (RENTON, WA)",8,4,9
"1762",9119,"3F10510^^0878967E","EMERALD CITY MONTESS","EMERALD CITY MONTESSORI (SEATTLE WA)",8,4,9
"1763",9120,"3F10510^^0878970E","CINQUEGRANELLI MONTE","CINQUEGRANELLI MONTESSORI (SEATTLE WA)",8,4,9
"1764",9121,"3F10510^^0878971E","EMERALD HEIGHTS ACAD","EMERALD HEIGHTS ACADEMY (ISSAQUAH WA)",8,4,9
"1765",9122,"3F10510^^0878976E","REDEMPTION LUTH SCHL","REDEMPTION LUTHERAN SCHOOL (LYNNWOOD, WA)",8,4,9
"1766",9123,"3F10510^^0878978E","HAPPY MEDIUM SCHL(SE","HAPPY MEDIUM SCHOOL (SEATTLE, WA)",8,4,9
"1767",9124,"3F10510^^0878983E","SOLOMON CHRIST SCHL","SOLOMON CHRISTIAN SCHOOL (EDMONDS, WA)",8,4,9
"1768",9125,"3F10510^^0878984E","PRECIOUS ANGELS ES","PRECIOUS ANGELS ELEMENTARY (BOTHELL, WA)",8,4,9
"1769",9126,"3F10510^^0878986E","NEWPORT CHILDRENS S","NEWPORT CHILDREN'S SCHOOL (BELLEVUE, WA)",8,4,9
"1770",9127,"3F10510^^0878992E","EARLINGTON ACAD/LEAR","EARLINGTON ACADEMY & LEARNING CTR (SEATTLE, WA)",8,4,9
"1771",9134,"3F10510^^090001^H01","FLAMING GEYSER COOP","FLAMING GEYSER COOP",9,4,9
"1772",9135,"3F10510^^090001^H02","FLAMING GEYSER PD","FLAMING GEYSER POND ON GREEN RIVER @ T21N-R6E-SEC2G (DOESN'T EXIST NOW)",9,4,9
"1773",9138,"3F10510^^090001^R10","GREEN R TRAP@ HH DAM","GREEN RIVER TRAP JUST BELOW HOWARD HANSON DAM (MUCKLESHOOT TRIBE)",9,4,NA
"1774",9179,"3F10510^^090033^H","CITY OF TUKWILA","CITY OF TUKWILA",9,4,9
"1775",9219,"3F10510^^090072^H","SOOS CREEK HATCHERY","SOOS CREEK HATCHERY (FORMERLY:GREEN RIVER HATCHERY)-BIG SOOS CR",9,4,11
"1776",9266,"3F10510^^090113^H","CRISP CR REARING PON","CRISP CR REARING POND (FORMERLY: CRISP CREEK HATCHERY)",9,4,NA
"1777",9267,"3F10510^^090113^H02","KETA CREEK COMPLEX","KETA CREEK COMPLEX  (FORMERLY: KETA CREEK HATCHERY)(MUCKLESHOOT TRIBE - ON CRISP CR)",9,4,NA
"1778",9285,"3F10510^^090125^H","ICY CR HATCHERY","ICY CREEK HATCHERY (FORMERLY: ICY CR HATCHERY) (ALSO CALLED PAUTZKE PONDS)",9,4,11
"1779",9308,"3F10510^^090147^H","PALMER HATCHERY","PALMER PONDS (FORMERLY: GREEN RIVER POND)",9,4,11
"1780",9531,"3F10510^^096000^H99","MUCKLESHOOT OUTPLANT","MUCKLESHOOT TRIBE OUTPLANTING PROGRAM (CRISP CR/ UPPER GREEN R/ ELLIOTT BAY)",9,4,NA
"1781",9532,"3F10510^^096001^H","FAIRMONT PARK","FAIRMONT PARK",9,4,9
"1782",9533,"3F10510^^096004^H","HAB MG-CRISP CR","HABITAT MANAGEMENT (WDFW) AT CRISP CREEK",9,4,NA
"1783",9534,"3F10510^^096005^H","KELPERS ASSOCIATION","KELPERS ASSOCIATION",9,4,9
"1784",9535,"3F10510^^096007^H","SEACREST BOATHOUSE","SEACREST BOATHOUSE",9,4,9
"1785",9537,"3F10510^^096038^H","SHORELINE C COLLEGE","SHORELINE COMMUNITY COLLEGE",9,4,9
"1786",9538,"3F10510^^096065^H","WORDAN PROJECT","WORDAN PROJECT",9,4,9
"1787",9539,"3F10510^^096201^H","TU - DES MOINES","TROUT UNLIMITED DES MOINES",9,4,9
"1788",9540,"3F10510^^096208^H","SOUTHWEST YOUTH SERV","SOUTHWEST YOUTH SERVICES",9,4,9
"1789",9541,"3F10510^^096220^H","NWSSC - EAGLE CREEK","NORTHWEST SALMON AND STEELHEADERS - EAGLE CREEK",9,4,9
"1790",9542,"3F10510^^096225^H","SANDI WEAVER PROJECT","SANDI WEAVER PROJECT",9,4,9
"1791",9543,"3F10510^^096236^H","GREEN RIVER CC","GREEN RIVER CC",9,4,9
"1792",9544,"3F10510^^096301^H","MCSORLEY CR PROJECT","MCSORLEY CREEK PROJECT  (SALTWATER STATE PARK)",9,4,9
"1793",9545,"3F10510^^096305^H","MIDWAY INTER CENTER","MIDWAY INTER CENTER",9,4,9
"1794",9546,"3F10510^^0971003E","HIGHLINE SD 401(SEAT","HIGHLINE SCHOOL DISTRICT 401 (SEATTLE WA)",9,4,9
"1795",9547,"3F10510^^0971008E","FEDERAL WAY SD 210","FEDERAL WAY SCHOOL DISTRICT 210 (FEDERAL WAY WA)",9,4,9
"1796",9548,"3F10510^^0971012E","KENT SD","KENT SCHOOL DISTRICT 415 (KENT)",9,4,9
"1797",9549,"3F10510^^0971025E","AUBURN SD 408(AUBURN","AUBURN SCHOOL DISTRICT 408 (AUBURN WA)",9,4,9
"1798",9550,"3F10510^^0971058E","SOUTH CENTRAL SD 406","SOUTH CENTRAL SCHOOL DISTRICT 406 (SEATTLE WA)",9,4,9
"1799",9551,"3F10510^^0971539E","MAYWOOD CENTER (SEAT","MAYWOOD CENTER (SEATTLE WA)",9,4,9
"1800",9552,"3F10510^^0972072E","SUNNYDALE ES(SEATTLE","SUNNYDALE ELEMENTARY (SEATTLE)",9,4,9
"1801",9553,"3F10510^^0972120E","VAN ASSELT ES (SEATT","VAN ASSELT ELEMENTARY (SEATTLE WA)",9,4,9
"1802",9554,"3F10510^^0972139E","GATEWOOD ES (SEATTLE","GATEWOOD ELEMENTARY (SEATTLE WA)",9,4,9
"1803",9555,"3F10510^^0972144E","MT VIEW ES #1(SEATTL","MOUNT VIEW ELEMENTARY (SEATTLE) #1",9,4,9
"1804",9556,"3F10510^^0972181E","ALKI ES (SEATTLE)","ALKI ELEMENTARY (SEATTLE WA)",9,4,9
"1805",9557,"3F10510^^0972199E","CONCORD ES (SEATTLE)","CONCORD ELEMENTARY (SEATTLE WA)",9,4,9
"1806",9558,"3F10510^^0972234E","WEST SEATTLE HS (SEA","WEST SEATTLE HIGH SCHOOL (SEATTLE WA)",9,4,9
"1807",9559,"3F10510^^0972235E","COOPER ES AT BOREN","COOPER ELEM AT BOREN (SEATTLE WA)",9,4,9
"1808",9560,"3F10510^^0972269E","HIGHLAND PARK ES(SEA","HIGHLAND PARK ELEMENTARY (SEATTLE)",9,4,9
"1809",9561,"3F10510^^0972270E","OCCUPATIONAL SKILLS","OCCUPATIONAL SKILLS CENTER (SEATTLE)",9,4,9
"1810",9562,"3F10510^^0972325E","MARITIME (HIGHLINE) HIGH SCHOOL","MARITIME (HIGHLINE) HIGH SCHOOL (DES MOINES, WA)",9,4,9
"1811",9563,"3F10510^^0972326E","WASHINGTON ES(AUBURN","WASHINGTON ELEMENTARY SCHOOL (AUBURN WA)",9,4,9
"1812",9564,"3F10510^^0972353E","MAPLE ES (SEATTLE)","MAPLE ELEMENTARY (SEATTLE WA)",9,4,9
"1813",9565,"3F10510^^0972394E","CASCADE JHS (AUBURN)","CASCADE JUNIOR HIGH SCHOOL (AUBURN WA)",9,4,9
"1814",9566,"3F10510^^0972417E","FEDERAL WAY HS","FEDERAL WAY HIGH SCHOOL (FEDERAL WAY WA)",9,4,9
"1815",9567,"3F10510^^0972418E","DES MOINES ES(DES MO","DES MOINES ELEMENTARY (DES MOINES WA)",9,4,9
"1816",9568,"3F10510^^0972420E","KENT JHS (KENT)","KENT JUNIOR HIGH (KENT WA)",9,4,9
"1817",9569,"3F10510^^0972435E","MADISON MS (SEATTLE)","MADISON MIDDLE SCHOOL (SEATTLE WA)",9,4,9
"1818",9570,"3F10510^^0972564E","SHOWALTER MS (SEATTL","SHOWALTER MIDDLE SCHOOL (SEATTLE WA)",9,4,9
"1819",9571,"3F10510^^0972565E","MERIDIAN ES (KENT)","MERIDIAN ELEMENTARY (KENT)",9,4,9
"1820",9572,"3F10510^^0972566E","KENT ES (KENT)","KENT ELEMENTARY (KENT WA)",9,4,9
"1821",9574,"3F10510^^0972639E","WHITE CENTER HEIGHTS","WHITE CENTER HEIGHTS ELEMENTARY (SEATTLE WA)",9,4,9
"1822",9575,"3F10510^^0972645E","HSPOINT ES (SEATTLE)","HIGH POINT ELEMENTARY (SEATTLE WA)",9,4,9
"1823",9576,"3F10510^^0972659E","TERMINAL PARK ES(AUB","TERMINAL PARK ELEMENTARY (AUBURN WA)",9,4,9
"1824",9577,"3F10510^^0972699E","HAZEL VALLEY ES(SEAT","HAZEL VALLEY ELEMENTARY (SEATTLE WA)",9,4,9
"1825",9578,"3F10510^^0972702E","WEST AUBURN HS(AUBUR","WEST AUBURN SR HIGH (AUBURN WA)",9,4,9
"1826",9579,"3F10510^^0972730E","ARBOR HEIGHTS ES","ARBOR HEIGHTS ELEMENTARY (SEATTLE)",9,4,9
"1827",9580,"3F10510^^0972733E","LAFAYETTE ES(SEATTLE","LAFAYETTE ELEMENTARY SCHOOL (SEATTLE WA)",9,4,9
"1828",9581,"3F10510^^0972734E","MCMICKEN HEIGHTS ES","MCMICKEN HEIGHTS ELEMENTARY (SEATTLE WA)",9,4,9
"1829",9582,"3F10510^^0972765E","BEVERLY PARK ES(GLEN","BEVERLY PARK ELEMENTARY AT GLENDALE (SEATTLE WA)",9,4,9
"1830",9583,"3F10510^^0972795E","AUBURN HS","AUBURN SENIOR HIGH SCHOOL (AUBURN)",9,4,9
"1831",9584,"3F10510^^0972797E","KENT MERIDIAN HS(KEN","KENT MERIDIAN SENIOR HIGH (KENT WA)",9,4,9
"1832",9585,"3F10510^^0972839E","DENNY MS (SEATTLE)","DENNY MIDDLE SCHOOL (SEATTLE WA)",9,4,9
"1833",9586,"3F10510^^0972841E","LAKELAND ES (AUBURN)","LAKELAND ELEMENTARY (AUBURN WA)",9,4,9
"1834",9587,"3F10510^^0972842E","SHOREWOOD ES (SEATTL","SHOREWOOD ELEMENTARY (SEATTLE WA)",9,4,9
"1835",9588,"3F10510^^0972843E","RIVERTON HEIGHTS ES","RIVERTON HEIGHTS ELEMENTARY (SEATTLE WA)",9,4,9
"1836",9589,"3F10510^^0972844E","GREGORY HEIGHTS ES","GREGORY HEIGHTS ELEMENTARY (SEATTLE WA)",9,4,9
"1837",9590,"3F10510^^0972848E","FOSTER HS (SEATTLE)","FOSTER SENIOR HIGH SCHOOL (SEATTLE WA)",9,4,9
"1838",9591,"3F10510^^0972851E","EAST HILL ES (KENT)","EAST HILL ELEMENTARY SCHOOL (KENT)",9,4,9
"1839",9592,"3F10510^^0972926E","CEDARHURST ES(SEATTL","CEDARHURST ELEMENTARY (SEATTLE WA)",9,4,9
"1840",9593,"3F10510^^0972927E","SYLVESTER MS(SEATTLE","SYLVESTER MIDDLE SCHOOL (SEATTLE WA)",9,4,9
"1841",9594,"3F10510^^0972932E","DICK SCOBEE ES(AUBUR","DICK SCOBEE ELEMENTARY SCHOOL (AUBURN WA)",9,4,9
"1842",9595,"3F10510^^0972982E","BOW LAKE ES (SEATTLE","BOW LAKE ELEMENTARY (SEATTLE WA)",9,4,9
"1843",9596,"3F10510^^0972983E","NORTH HILL ES (SEATT","NORTH HILL ELEMENTARY (SEATTLE WA)",9,4,9
"1844",9597,"3F10510^^0972984E","MIDWAY ES (SEATTLE)","MIDWAY ELEMENTARY (SEATTLE WA)",9,4,9
"1845",9598,"3F10510^^0972985E","SALMON CR ES(SEATTLE","SALMON CREEK ELEMENTARY (SEATTLE WA)",9,4,9
"1846",9599,"3F10510^^0973031E","OLYMPIC ES (SEATTLE)","OLYMPIC ELEMENTARY (SEATTLE WA)",9,4,9
"1847",9600,"3F10510^^0973032E","SOUTHERN HEIGHTS ES","SOUTHERN HEIGHTS ELEMENTARY (SEATTLE WA)",9,4,9
"1848",9601,"3F10510^^0973095E","ASA MERCER MS (SEATT","ASA MERCER MIDDLE SCHOOL (SEATTLE WA)",9,4,9
"1849",9602,"3F10510^^0973096E","SEALTH HS (SEATTLE)","SEALTH HIGH SCHOOL (SEATTLE)",9,4,9
"1850",9603,"3F10510^^0973097E","MARVISTA ES(SEATTLE)","MARVISTA ELEMENTARY (SEATTLE)",9,4,9
"1851",9604,"3F10510^^0973098E","CHINOOK MS (SEATTLE)","CHINOOK MIDDLE SCHOOL (SEATTLE WA)",9,4,9
"1852",9605,"3F10510^^0973099E","EVERGREEN HS(SEATTLE","EVERGREEN HIGH SCHOOL (SEATTLE WA)",9,4,9
"1853",9606,"3F10510^^0973157E","ROXHILL ES ALT ED 4","ROXHILL ES ALTERNATIVE ED 4 (SEATTLE WA)",9,4,9
"1854",9607,"3F10510^^0973159E","MIRROR LK ES (FEDERA","MIRROR LAKE ELEMENTARY (FEDERAL WAY WA)",9,4,9
"1855",9608,"3F10510^^0973160E","STAR LAKE ES (KENT)","STAR LAKE ELEMENTARY (KENT)",9,4,9
"1856",9609,"3F10510^^0973163E","CASCADE MS (SEATTLE)","CASCADE MIDDLE SCHOOL (SEATTLE WA)",9,4,9
"1857",9610,"3F10510^^0973165E","HILLTOP ES (SEATTLE)","HILLTOP ELEMENTARY (SEATTLE WA)",9,4,9
"1858",9611,"3F10510^^0973169E","OLYMPIC JHS (AUBURN)","OLYMPIC JUNIOR HIGH (AUBURN)",9,4,9
"1859",9612,"3F10510^^0973226E","CASCADE VIEW ES(SEAT","CASCADE VIEW ELEMENTARY (SEATTLE WA)",9,4,9
"1860",9613,"3F10510^^0973227E","PIONEER ES (AUBURN)","PIONEER ELEMENTARY SCHOOL (AUBURN WA)",9,4,9
"1861",9614,"3F10510^^0973233E","MERIDIAN JHS (KENT)","MERIDIAN JUNIOR HIGH SCHOOL (KENT WA)",9,4,9
"1862",9615,"3F10510^^0973278E","MADRONA ES #2(SEATTL","MADRONA ELEMENTARY #1(SEATTLE)",9,4,9
"1863",9616,"3F10510^^0973279E","MT RAINIER HS (SE","MOUNT RAINIER HIGH SCHOOL (SEATTLE WA)",9,4,9
"1864",9617,"3F10510^^0973328E","WOODMONT ES (KENT)","WOODMONT ELEMENTARY (KENT)",9,4,9
"1865",9618,"3F10510^^0973333E","PACIFIC MS(DES MOINE","PACIFIC MIDDLE SCHOOL (DES MOINES)",9,4,9
"1866",9619,"3F10510^^0973335E","PARKSIDE ES(DES MOIN","PARKSIDE PRIMARY (DES MOINES WA)",9,4,9
"1867",9620,"3F10510^^0973336E","ALT SATELLITE SCHOOL","ALTERNATIVE SATELLITE SCHOOL (SEATTLE WA)",9,4,9
"1868",9621,"3F10510^^0973380E","RAINIER VIEW ES(SEAT","RAINIER VIEW ELEMENTARY SCHOOL (SEATTLE WA)",9,4,9
"1869",9622,"3F10510^^0973381E","LAKOTA JHS(FEDERAL W","LAKOTA JUNIOR HIGH (FEDERAL WAY WA)",9,4,9
"1870",9623,"3F10510^^0973382E","SEAHURST ES (SEATTLE","SEAHURST ELEMENTARY SCHOOL (SEATTLE WA)",9,4,9
"1871",9624,"3F10510^^0973388E","COVINGTON ES (KENT)","COVINGTON ELEMENTARY SCHOOL (KENT WA)",9,4,9
"1872",9625,"3F10510^^0973389E","SCENIC HILL ES (KENT","SCENIC HILL ELEMENTARY (KENT)",9,4,9
"1873",9626,"3F10510^^0973429E","SCHMITZ PARK ES (SEA","SCHMITZ PARK ELEMENTARY (SEATTLE WA)",9,4,9
"1874",9627,"3F10510^^0973430E","BLACK DIAMOND ES","BLACK DIAMOND ELEMENTARY SCHOOL (BLACK DIAMOND WA)",9,4,9
"1875",9628,"3F10510^^0973431E","TOTEM JHS (KENT)","TOTEM JUNIOR HIGH (KENT WA)",9,4,9
"1876",9629,"3F10510^^0973432E","OLYMPIC VIEW ES(FEDE","OLYMPIC VIEW ELEMENTARY (FEDERAL WAY WA)",9,4,9
"1877",9630,"3F10510^^0973439E","CHINOOK ES (AUBURN)","CHINOOK ELEMENTARY (AUBURN WA)",9,4,9
"1878",9631,"3F10510^^0973483E","TYEE HS (SEATTLE)","TYEE HIGH SCHOOL (SEATTLE WA)",9,4,9
"1879",9632,"3F10510^^0973488E","TUKWILA ES (SEATTLE)","TUKWILA ELEMENTARY (SEATTLE)",9,4,9
"1880",9633,"3F10510^^0973491E","PARK ORCHARD ES(KENT","PARK ORCHARD ELEMENTARY (KENT)",9,4,9
"1881",9634,"3F10510^^0973518E","FAIRMOUNT PARK ES(SE","FAIRMOUNT PARK ELEMENTARY (SEATTLE WA)",9,4,9
"1882",9635,"3F10510^^0973519E","ADELAIDE ES (FEDERAL","ADELAIDE ELEMENTARY (FEDERAL WAY WA)",9,4,9
"1883",9636,"3F10510^^0973525E","LEA HILL ES (AUBURN)","LEA HILL ELEMENTARY (AUBURN WA)",9,4,9
"1884",9637,"3F10510^^0973547E","CAMELOT ES (AUBURN)","CAMELOT ELEMENTARY (AUBURN WA)",9,4,9
"1885",9638,"3F10510^^0973550E","LAKE YOUNGS ES(KENT","LAKE YOUNGS ELEMENTARY (KENT)",9,4,9
"1886",9639,"3F10510^^0973567E","SUNNYCREST ES (KENT)","SUNNYCREST ELEMENTARY (KENT)",9,4,9
"1887",9640,"3F10510^^0973568E","LK GROVE ES (FEDERAL","LAKE GROVE ELEMENTARY (FEDERAL WAY WA)",9,4,9
"1888",9641,"3F10510^^0973570E","SEQUOIA JHS (KENT)","SEQUOIA JUNIOR HIGH SCHOOL (KENT WA)",9,4,9
"1889",9642,"3F10510^^0973582E","VALHALLA ES (AUBURN)","VALHALLA ELEMENTARY (AUBURN)",9,4,9
"1890",9643,"3F10510^^0973583E","WILDWOOD ES (FEDERAL","WILDWOOD ELEMENTARY (FEDERAL WAY WA)",9,4,9
"1891",9644,"3F10510^^0973584E","THOMAS JEFFERSON HS","THOMAS JEFFERSON HIGH SCHOOL (AUBURN)",9,4,9
"1892",9645,"3F10510^^0973585E","WESTWOOD ES(ENUMCLAW","WESTWOOD ELEMENTARY SCHOOL (ENUMCLAW)",9,4,9
"1893",9646,"3F10510^^0973593E","PINE TREE ES (KENT)","PINE TREE ELEMENTARY (KENT WA)",9,4,9
"1894",9647,"3F10510^^0973625E","NAUTILUS ES (FEDERAL","NAUTILUS ELEMENTARY (FEDERAL WAY WA)",9,4,9
"1895",9648,"3F10510^^0973626E","SACAJAWEA JHS(FEDERA","SACAJAWEA JUNIOR HIGH (FEDERAL WAY WA)",9,4,9
"1896",9649,"3F10510^^0973627E","MARK TWAIN ES (FEDER","MARK TWAIN ELEMENTARY (FEDERAL WAY WA)",9,4,9
"1897",9650,"3F10510^^0973628E","TWIN LAKES ES(FEDERA","TWIN LAKES ELEMENTARY (FEDERAL WAY WA)",9,4,9
"1898",9651,"3F10510^^0973635E","THORNDYKE ES(SEATTLE","THORNDYKE ELEMENTARY SCHOOL (SEATTLE)",9,4,9
"1899",9652,"3F10510^^0973640E","KENTRIDGE HS (KENT)","KENTRIDGE SENIOR HIGH SCHOOL (KENT)",9,4,9
"1900",9653,"3F10510^^0973665E","SANISLO ES (SEATTLE)","SANISLO ELEMENTARY SCHOOL (SEATTLE)",9,4,9
"1901",9654,"3F10510^^0973666E","VALLEY VIEW ES (SEAT","VALLEY VIEW ELEMENTARY (SEATTLE WA)",9,4,9
"1902",9655,"3F10510^^0973669E","GILDO REY ES (AUBURN","GILDO REY ELEMENTARY SCHOOL (AUBURN WA)",9,4,9
"1903",9656,"3F10510^^0973676E","CEDAR VALLEY ES(KENT","CEDAR VALLEY ELEMENTARY (KENT)",9,4,9
"1904",9657,"3F10510^^0973677E","SPRINGBROOK ES (KENT","SPRINGBROOK ELEMENTARY SCHOOL (KENT WA)",9,4,9
"1905",9658,"3F10510^^0973700E","BRIGADOON ES(FEDERAL","BRIGADOON ELEMENTARY SCHOOL (FEDERAL WAY WA)",9,4,9
"1906",9659,"3F10510^^0973701E","KILO JHS (AUBURN)","KILO JUNIOR HIGH SCHOOL (AUBURN WA)",9,4,9
"1907",9660,"3F10510^^0973707E","SOOS CREEK ES (KENT)","SOOS CREEK ELEMENTARY SCHOOL (KENT)",9,4,9
"1908",9661,"3F10510^^0973708E","GRASS LAKE ES (KENT)","GRASS LAKE ELEMENTARY SCHOOL (KENT)",9,4,9
"1909",9662,"3F10510^^0973738E","LAKE DOLLOFF ES(AUBU","LAKE DOLLOFF ELEMENTARY SCHOOL (AUBURN)",9,4,9
"1910",9663,"3F10510^^0973745E","EVERGREEN HEIGHTS ES","EVERGREEN HEIGHTS ELEMENTARY (AUBURN WA)",9,4,9
"1911",9664,"3F10510^^0973766E","DECATUR HS(FEDERAL W","DECATUR HIGH SCHOOL (FEDERAL WAY WA)",9,4,9
"1912",9665,"3F10510^^0973773E","KENT WEST HS(DES MOI","KENT WEST HIGH (DES MOINES WA)",9,4,9
"1913",9666,"3F10510^^0973803E","DEARBORN PARK ES(SEA","DEARBORN PARK ELEMENTARY (SEATTLE WA)",9,4,9
"1914",9667,"3F10510^^0973898E","ILLAHEE JHS (FEDERAL","ILLAHEE JUNIOR HIGH SCHOOL (FEDERAL WAY WA)",9,4,9
"1915",9668,"3F10510^^0974054E","HOME INSTRUCTION HS","HOME INSTRUCTION/CONTRACTED SVCS (KENT)(CONTIN.ED)",9,4,9
"1916",9669,"3F10510^^0974120E","LAKEVIEW ES (AUBURN)","LAKEVIEW ELEMENTARY SCHOOL (AUBURN)",9,4,9
"1917",9670,"3F10510^^0974126E","CRESTWOOD ES(KENT)","CRESTWOOD ELEMENTARY (KENT)",9,4,9
"1918",9671,"3F10510^^0974127E","MATTSON JHS (KENT)","MATTSON JUNIOR HIGH (KENT WA)",9,4,9
"1919",9672,"3F10510^^0974128E","KENTWOOD HS (KENT)","KENTWOOD HIGH SCHOOL (KENT WA)",9,4,9
"1920",9673,"3F10510^^0974289E","SUNRISE ES (ENUMCLAW","SUNRISE ELEMENTARY (ENUMCLAW)",9,4,9
"1921",9674,"3F10510^^0974294E","MARTIN SORTUN ES(KEN","MARTIN SORTUN ELEMENTARY (KENT WA)",9,4,9
"1922",9675,"3F10510^^0974301E","JENKINS CR ES (KENT)","JENKINS CREEK ELEMENTARY (KENT WA)",9,4,9
"1923",9676,"3F10510^^0974343E","SILVER LK ES(FEDERAL","SILVER LAKE ELEMENTARY (FEDERAL WA)",9,4,9
"1924",9677,"3F10510^^0974345E","HORIZON ES (KENT)","HORIZON ELEMENTARY (KENT)",9,4,9
"1925",9678,"3F10510^^0974347E","HAZELWOOD ES (AUBURN","HAZELWOOD ELEMENTARY (AUBURN WA)",9,4,9
"1926",9679,"3F10510^^0974356E","NEELY OBRIEN ES(KEN","NEELY O'BRIEN ELEMENTARY (KENT WA)",9,4,9
"1927",9680,"3F10510^^0974374E","SHERWOOD FOREST ES(F","SHERWOOD FOREST ELEMENTARY (FEDERAL WAY  WA)",9,4,9
"1928",9681,"3F10510^^0974385E","RAINIER JHS (AUBURN)","RAINIER JR HIGH (AUBURN WA)",9,4,9
"1929",9682,"3F10510^^0974390E","H S TRUMAN HS (FEDER","H S TRUMAN HIGH SCHOOL (FEDERAL WAY WA)",9,4,9
"1930",9683,"3F10510^^0974413E","GEORGE T DANIEL ES","GEORGE T DANIEL ELEMENTARY (KENT)",9,4,9
"1931",9684,"3F10510^^0974417E","ILALKO ES (AUBURN)","ILALKO ELEMENTARY (AUBURN WA)",9,4,9
"1932",9685,"3F10510^^0974420E","SUNRISE ES (KENT)","SUNRISE ELEMENTARY SCHOOL (KENT WA)",9,4,9
"1933",9686,"3F10510^^0974422E","RAINIER VIEW ES(FEDE","RAINIER VIEW ELEMENTARY (FEDERAL WAY WA)",9,4,9
"1934",9687,"3F10510^^0974426E","GREEN GABLES ES(FEDE","GREEN GABLES ELEMENTARY (FEDERAL WAY)",9,4,9
"1935",9688,"3F10510^^0974440E","CEDAR HEIGHTS JHS(KE","CEDAR HEIGHTS JR HIGH (KENT WA)",9,4,9
"1936",9689,"3F10510^^0974456E","SAGHALIE JHS(FEDERAL","SAGHALIE JUNIOR HIGH SCHOOL (FEDERAL WAY WA)",9,4,9
"1937",9690,"3F10510^^0974462E","MT BAKER JHS(AUBURN)","MOUNT BAKER JR HIGH (AUBURN WA)",9,4,9
"1938",9691,"3F10510^^0974465E","MEADOW RIDGE ES(KENT","MEADOW RIDGE ELEMENTARY (KENT WA)",9,4,9
"1939",9692,"3F10510^^0974466E","SAWYER WOODS ES(KENT","SAWYER WOODS ELEMENTARY (KENT WA)",9,4,9
"1940",9693,"3F10510^^0974470E","ENTERPRISE ES(FEDERA","ENTERPRISE ELEMENTARY (FEDERAL WAY WA)",9,4,9
"1941",9694,"3F10510^^0974480E","MEREDITH HILL ES(AUB","MEREDITH HILL ELEMENTARY (AUBURN WA)",9,4,9
"1942",9695,"3F10510^^0978038E","BURIEN SDA SCHL(SEAT","BURIEN S.D.A. SCHOOL (SEATTLE WA)",9,4,9
"1943",9696,"3F10510^^0978041E","HOLY FAMILY(SEATTLE)","HOLY FAMILY SCHOOL (SEATTLE WA)",9,4,9
"1944",9697,"3F10510^^0978043E","HOLY ROSARY ES(SEATT","HOLY ROSARY ELEMENTARY SCHOOL (SEATTLE)",9,4,9
"1945",9698,"3F10510^^0978045E","HOPE LUTH SCHL (SEAT","HOPE LUTHERAN SCHOOL (SEATTLE WA)",9,4,9
"1946",9699,"3F10510^^0978050E","ODEA HS (SEATTLE)","O'DEA HIGH SCHOOL (SEATTLE WA)",9,4,9
"1947",9700,"3F10510^^0978052E","OUR LADY OF GUADALUP","OUR LADY OF GUADALUPE SCHOOL (SEATTLE WA)",9,4,9
"1948",9701,"3F10510^^0978067E","ST GEORGE SCHL (SEAT","ST. GEORGE SCHOOL (SEATTLE WA)",9,4,9
"1949",9702,"3F10510^^0978075E","ST PAULS SCHL (SEATT","ST. PAUL'S SCHOOL (SEATTLE WA)",9,4,9
"1950",9703,"3F10510^^0978077E","ST VINCENT DE PAUL S","ST. VINCENT DE PAUL SCHOOL (FEDERAL WAY WA)",9,4,9
"1951",9704,"3F10510^^0978080E","ENUMCLAW SDA SCHOOL","ENUMCLAW S.D.A. SCHOOL (ENUMCLAW)",9,4,9
"1952",9705,"3F10510^^0978082E","J F KENNEDY HS(SEATT","J. F. KENNEDY MEMORIAL HIGH SCH. (SEATTLE WA)",9,4,9
"1953",9706,"3F10510^^0978084E","SEATTLE CHRISTIAN","SEATTLE CHRISTIAN SCHOOL (SEATTLE WA)",9,4,9
"1954",9707,"3F10510^^0978086E","ST BERNADETTES SCHL","ST. BERNADETTE'S SCHOOL (SEATTLE WA)",9,4,9
"1955",9708,"3F10510^^0978087E","ST FRANCIS OF ASSISI","ST. FRANCIS OF ASSISI SCHOOL (SEAHURST WA)",9,4,9
"1956",9709,"3F10510^^0978096E","AUBURN ADVENTIST ACA","AUBURN ADVENTIST ACADEMY (AUBURN WA)",9,4,9
"1957",9710,"3F10510^^0978097E","BUENA VISTA SDA SCHL","BUENA VISTA S.D.A. SCHOOL (AUBURN WA)",9,4,9
"1958",9711,"3F10510^^0978098E","HOLY FAMILY(AUBURN)","HOLY FAMILY SCHOOL (AUBURN WA)",9,4,9
"1959",9712,"3F10510^^0978112E","THOMAS ACADEMY(KENT)","THOMAS ACADEMY (KENT WA)",9,4,9
"1960",9713,"3F10510^^0978295E","HOLY INNOCENTS SCHL","HOLY INNOCENTS SCHOOL OF N.W. (FEDERAL WAY WA)",9,4,9
"1961",9714,"3F10510^^0978443E","VALLEY CHRISTIAN(AUB","VALLEY CHRISTIAN SCHOOL (AUBURN WA)",9,4,9
"1962",9715,"3F10510^^0978455E","SEATTLE LUTHERAN HS","SEATTLE LUTHERAN HIGH SCHOOL (SEATTLE WA)",9,4,9
"1963",9716,"3F10510^^0978456E","EVERGREEN LUTH HS(KE","EVERGREEN LUTHERAN HIGH SCHOOL (KENT WA)",9,4,9
"1964",9717,"3F10510^^0978523E","SHOREWOOD CHRISTIAN","SHOREWOOD CHRISTIAN SCHOOL (SEATTLE WA)",9,4,9
"1965",9718,"3F10510^^0978535E","HOLY TRINITY LUTH SC","HOLY TRINITY LUTHERAN SCH. (KENT WA)",9,4,9
"1966",9719,"3F10510^^0978622E","KENT VIEW CHRIST(KEN","KENT VIEW CHRISTIAN SCHOOL (KENT WA)",9,4,9
"1967",9720,"3F10510^^0978646E","ST PHILOMENAS(DES MO","ST. PHILOMENA'S SCHOOL (DES MOINES WA)",9,4,9
"1968",9721,"3F10510^^0978688E","WEST SEATTLE CHRIST","WEST SEATTLE CHRISTIAN SCHOOL (SEATTLE WA)",9,4,9
"1969",9722,"3F10510^^0978715E","ST CHRISTOPHER ACAD","ST. CHRISTOPHER ACADEMY (KENT WA)",9,4,9
"1970",9723,"3F10510^^0978730E","LEARNING WAY SCHOOL","LEARNING WAY SCHOOL (SEATTLE WA)",9,4,9
"1971",9724,"3F10510^^0978743E","HAMLIN ROBINSON SCHL","HAMLIN ROBINSON SCHOOL (SEATTLE WA)",9,4,9
"1972",9725,"3F10510^^0978756E","GREEN R LEARNING CTR","GREEN RIVER LEARNING CENTER (AUBURN WA)",9,4,9
"1973",9726,"3F10510^^0978772E","CHRIST FAITH SCHOOL","CHRISTIAN FAITH SCHOOL (SEATTLE WA)",9,4,9
"1974",9727,"3F10510^^0978820E","ACADEMY NW(SEATTLE","ACADEMY NORTHWEST/FAMILY ACADEMY (SEATTLE WA)",9,4,9
"1975",9728,"3F10510^^0978828E","WEST SEATTLE MONTESS","WEST SEATTLE MONTESSORI SCHOOL (SEATTLE WA)",9,4,9
"1976",9729,"3F10510^^0978848E","KENT VIEW CHRIST(AUB","KENT VIEW CHRISTIAN JR/SR HIGH (AUBURN WA)",9,4,9
"1977",9730,"3F10510^^0978857E","MUCKLESHOOT TRIBAL SCHOOL","MUCKLESHOOT TRIBAL SCHOOL (AUBURN WA)",9,4,9
"1978",9731,"3F10510^^0978916E","WESTSIDE SCHOOL(SEAT","WESTSIDE SCHOOL (SEATTLE)",9,4,9
"1979",9732,"3F10510^^0978943E","GATEWOOD SCHL (SEATT","GATEWOOD PRIVATE SCHOOL (SEATTLE WA)",9,4,9
"1980",9733,"3F10510^^0978944E","CHISTIAN LIFE PREP","CHISTIAN LIFE PREP SCHOOL (FEDERAL WAY WA)",9,4,9
"1981",9735,"3F10510^^099999^H","SEATTLE AQUARIUM","SEATTLE AQUARIUM- SEATTLE CITY WATER",9,4,9
"1982",9934,"3F10510^^156030^H","MARINE TECH CENTR","MARINE TECHNOLOGY CNTR - SEATAC",9,4,9
"1983",10037,"3F10511^^090367^H","SEATAC OSC MARINE TE","SEATAC OSC-MARINE TECH COOP FACILITY",9,4,9
"1984",10060,"3F10511^^096002^H","SALMON CR COMMUNITY","SALMON CR COMMUNITY (PUGET SOUND TRIB NEAR SEWER BETWEEN WHITE CENTER & BURIEN)",9,4,9
"1985",11070,"3F10511^^156011^H","VASHON SPORTSMEN","VASHON SPORTSMAN",15,4,9
"1986",12268,"3F10609^^060029^H","MAXWELTON CR PROJECT","MAXWELTON CREEK PROJECT",6,4,9
"1987",12355,"3F10707^^^^^^^^^H","MORAN STATE PK PROJ","MORAN STATE PARK PROJECT",NA,4,NA
"1988",12356,"3F10707^^^^^^^^^H01","YMCA CAMP ORKILA","YMCA CAMP ORKILA - EDUC COOPERATIVE SAN JUAN COUNTY",2,4,NA
"1989",12384,"3F10707^^020028^H","FALSE BAY CR RSI","FALSE BAY CR RSI",2,4,9
"1990",12423,"3F10707^^020065^H","GLENWOOD SPRINGS","GLENWOOD SPRINGS CO-OP/ORCAS ISLAND PONDS (EAST SOUND BAY)",2,4,9
"1991",12450,"3F10707^^026005^H","UW FRIDAY HARBOR","UW FRIDAY HARBOR",2,4,9
"1992",12451,"3F10707^^026016^H","WHALE MUSEUM S J IS.","WHALE MUSEUM  WESTCOTT BAY  NW SAN JUAN IS",2,4,9
"1993",12452,"3F10707^^026019^H","BEAVERTON VALLEY","BEAVERTON VALLEY AT FRIDAY HARBOR",2,4,9
"1994",12453,"3F10707^^0271197E","SAN JUAN IS SD 149","SAN JUAN ISLAND SCHOOL DISTRICT 149 (FRIDAY HARBOR WA)",2,4,9
"1995",12454,"3F10707^^0271220E","ORCAS IS SD 137(EAST","ORCAS ISLAND SCHOOL DISTRICT 137 (EASTSOUND WA)",2,4,9
"1996",12455,"3F10707^^0271241E","LOPEZ SD (LOPEZ)","LOPEZ SCHOOL DISTRICT (LOPEZ WA)",2,4,9
"1997",12456,"3F10707^^0271290E","SHAW ISLAND ES","SHAW ISLAND SD #10/SHAW ISLAND ELEM (SHAW ISLAND)",2,4,9
"1998",12457,"3F10707^^0272520E","FRIDAY HARBOR ES","FRIDAY HARBOR ELEMENTARY (FRIDAY HARBOR WA)",2,4,9
"1999",12458,"3F10707^^0272632E","LOPEZ ES JHS HS","LOPEZ ELEM/JR-SR HIGH (LOPEZ)",2,4,9
"2000",12459,"3F10707^^0272749E","NELLIE S MILTON ES","NELLIE S MILTON ELEMENTARY (EASTSOUND WA)",2,4,9
"2001",12460,"3F10707^^0272750E","ORCAS IS HS/MS(EASTS","ORCAS ISLAND HIGH/MIDDLE SCHOOL (EASTSOUND WA)",2,4,9
"2002",12461,"3F10707^^0272879E","FRIDAY HARBOR MS/HS","FRIDAY HARBOR MIDDLE/HIGH SCHOOL (FRIDAY HARBOR WA)",2,4,9
"2003",12462,"3F10707^^0273808E","WALDRON IS SCHOOL","WALDRON ISLAND SCHOOL (WALDRON WA)",2,4,9
"2004",12463,"3F10707^^0274037E","STUART IS SCHL(FRI H","STUART ISLAND SCHOOL (FRIDAY HARBOR WA)",2,4,9
"2005",12464,"3F10707^^0274178E","DECATUR IS SCHOOLS","DECATUR ISLAND SCHOOLS (DECATUR WA)",2,4,9
"2006",17242,"3F21902^^240322^H34","MILL CR RSI (BOTH)","MILL CREEK   (UPPER AND LOWER)",24,4,NA
"2007",21927,"3M10107^^016015^H","NWSSC - WHATCOM CO.","NW STHD WHATCOM COUNTY",NA,4,NA
"2008",21928,"3M10107^^888001^H","LUMMI SEA PONDS","LUMMI SEA PONDS    (LUMMI TRIBE)",1,4,NA
"2009",21929,"3M10107^^888001^H01","LUMMI -BELLINGHAM NP","LUMMI -BELLINGHAM NET PENS    (LUMMI TRIBE)",NA,4,NA
"2010",21932,"3M10107^^888003^H","SQUALICUM NET PENS","SQUALICUM NET PENS AT SQUALICUM MARINA IN BELLINGHAM BAY",1,4,NA
"2011",21933,"3M10107^^888005^H","FAIRHAVEN NET PENS","FAIRHAVEN NET PENS IN SOUTH BELLINGHAM BAY",1,4,NA
"2012",21936,"3M10107^^888023^H","ANACORTES NET PENS","ANACORTES NET PENS",3,4,NA
"2013",21938,"3M10107^^888025^H","FIDALGO BAY NET PENS","FIDALGO BAY NET PENS",3,4,NA
"2014",21959,"3M10208^^888060^H","DECEPTION PASS NET P","DECEPTION PASS NET PENS",NA,4,NA
"2015",21960,"3M10208^^888062^H","BOWMAN BAY NET PEN","BOWMAN BAY (NORTH-WEST ENTRANCE TO DECEPTION PASS)",NA,4,NA
"2016",21963,"3M10208^^888101^H","SWINOMISH CHANNEL PD","SWINOMISH CHANNEL REARING PONDS  (SKAGIT SYSTEM COOPERATIVE)",3,4,NA
"2017",21966,"3M10208^^888104^H","OAK HARBOR NET PENS","OAK HARBOR NET PENS  (OAK HARBOR MARINA)",6,4,9
"2018",21974,"3M10308^^888067^H","PUGET SND ANGLERS NP","PUGET SOUND ANGLERS NET PEN  (AT LANGLEY)",NA,4,NA
"2019",21975,"3M10308^^888068^H","LANGLEY NET PENS","LANGLEY NET PENS (SARATOGA PASSAGE)",6,4,NA
"2020",21977,"3M10308^^888069^H","WHIDBEY ISL NET PENS","WHIDBEY ISLAND NET PENS AT CLINTON (SOUTH WHIDBEY SALMON ASSOCIATION)",6,4,NA
"2021",21979,"3M10308^^888071^H","SANDY HOOK YACHT CLB","SANDY HOOK YACHT CLUB AT CLINTON",NA,4,9
"2022",21981,"3M10308^^888072^H","NWSSC-EVERETT N PEN","NWSSC-MUKILTEO NET PENS",8,4,NA
"2023",21983,"3M10308^^888074^H","POSSESSION NET PENS","POSSESSION NET PENS",NA,4,NA
"2024",21984,"3M10308^^888075^H","POSSESSION BAIT PD","POSSESSION BAIT POND AT POSSESSION BAIT CO BETWEEN POSSESSION PT & POSSESSION",6,4,NA
"2025",22000,"3M10409^^888002^H","EDMONDS NET PENS","EDMONDS NET PENS",8,4,NA
"2026",22065,"3M10510^^888105^H","ELLIOTT BAY SEAPENS","ELLIOTT BAY PENS (NW STEELHEADERS)",9,4,NA
"2027",22068,"3M10510^^888107^H","BALLARD SALMON CLUB","BALLARD SALMON CLUB AT SHILSHOLE BAY - NET PENS",8,4,9
"2028",22070,"3M10510^^888108^H","POVERTY BAY NET PENS","POVERTY BAY NET PENS",NA,4,NA
"2029",22072,"3M10510^^888109^H","ELLIOTT BAY TRIBAL NP","ELLIOTT BAY TRIBAL NET PENS IN NORTH ELLIOTT BAY (MUCKLESHOOT & SUQUAMISH TRIBES",8,4,NA
"2030",22167,"3M10609^^888071^H","CULTUS BAY NET PENS","CULTUS BAY NP (SOUTH TIP OF WHIDBEY ISLAND NEAR ROCKHOUSE CR)",NA,4,NA
"2031",22169,"3M10609^^888101^H","LAEBUGTEN WHARF NETP","LAEBUGTEN WHARF - NORTHWEST STEELHEADERS REARING PEN",NA,4,NA
"2032",22183,"3M10707^^026010^H","FRIDAY HARBOR","FRIDAY HARBOR",2,4,NA
"2033",22184,"3M10707^^888001^H","SAN JUAN NET PENS","SAN JUAN NET PENS @ FRIDAY HARBOR  SAN JUAN ISLAND",NA,4,NA
"2034",22186,"3M10707^^888004^H","ROCHE HARBOR MAR. NP","ROCHE HARBOR MAR. NET PENS",2,4,NA
"2035",23732,"3F10308^^07^^^^^H","CEDAR SPRINGS CAMP","CEDAR SPRINGS CAMP (LAKE STEVENS)",7,4,NA
"2036",24232,"3F10510^^08^^^^^H05","JOHN SIMS PROJECT-COOP","JOHN SIMS PROJECT-ENHANCEMENT COOP PROJECT",8,4,NA
"2037",24272,"3F10308^^^^^^^^^H","NOAA MUKILTEO","FIELD STATATION OF NOAA (SNOHOMISH WA)",NA,4,NA
"2038",24330,"3F10308^^0771009E","SNOQUALMIE TRIBE CHILD DEV CENTER","SNOQUALMIE TRIBE CHILD DEVELOPMENT CENTER",7,4,NA
"2039",24363,"3F10510^^08^^^^^H11","FRIENDS OF ISH","FRIENDS OF THE ISSAQUAH HATCHERY",8,4,NA
"2040",24364,"3F10208^^03^^^^^H","SKAGIT FISH ENHANC GRP","SKAGIT FISHERIES ENHANCEMENT GROUP",3,4,NA
"2041",24365,"3F10107^^^^^^^^^E","ANACORTES HOME ED","ANACORTES HOME EDUCATION PARTNERSHIP",NA,4,NA
"2042",24367,"3F10308^^07^^^^^E","PARK PLACE MS","PARK PLACE MIDDLE SCHOOL (MONROE WA)",7,4,NA
"2043",24523,"3F10308^^^^^^^^^H01","CABELA'S DERBY POND","CABELA'S DERBY POND SNOHOMISH COUNTY",NA,4,NA
"2044",24526,"3F10308^^UNK^^^^H","EVERETT SH AND SALMON","ESSC - EVERETT STEELHEAD AND SALMON CLUB",NA,4,NA
"2045",24623,"3F545^^^^^^^^^^^R28","GISSBURG PD NORTH (SNOH)","GISSBURG PD NORTH (SNOH)",7,4,NA
"2046",24661,"3F^^^TEMP0024661","CASCADE DAYS (SKAG)","CASCADE DAYS (SKAG CO) CONCRETE",NA,4,NA
"2047",24668,"3F^^^TEMP0024668","SAMISH INDIAN NATION","SAMISH INDIAN NATION - ANACORTES - SKAGIT CO - REGION 4",NA,4,NA
"2048",24695,"3F^^^TEMP0024695","SAUK-SUIATTLE HATCHERY","SAUK-SUIATTLE HATCHERY",NA,4,NA
"2049",24706,"3F10107^^0371055E","CAMP LUTHERWOOD","CAMP LUTHERWOOD",NA,4,NA
"2050",24753,"3F10208^^031064^H","SAUK-SUIATTLE HATCHERY","SAUK-SUIATTLE HATCHERY",4,4,NA
"2051",25802,"3F10308^^070001^H01","TULALIP HATCHERY","TULALIP TRIBE HATCHERY LOCATION",NA,4,NA
"2052",25817,"3F10308^^070831^H01","MONROE ROD AND GUN CLUB","MONROE ROD AND GUN CLUB, 12301 WOODS CREEK ROAD, MONROE, WA 98272",NA,4,NA
"2053",25818,"3F10510^^080178^H01","SALMON IN THE SCHOOLS- SEATTLE","SALMON IN THE SCHOOLS- SEATTLE, 125 W. SUNSET WAY, ISSAQUAH, WA 98027",NA,4,NA
"2054",25819,"3F10510^^0971004E","CASCASE MS (AUBURN)","CASCASE MS (AUBURN), 1015 24TH ST NE, AUBURN, WA 98002",NA,4,NA
"2055",25820,"3F10510^^0870122E","JIM SISCEL","JIM SISCEL, 1015 24TH ST NE, AUBURN, WA 98002",NA,4,NA
"2056",25821,"3F10510^^0971005E","EMERALD PARK ES","EMERALD PARK ES, 11800 SE 216TH ST, KENT, WA 98031",NA,4,NA
"2057",25822,"3F10510^^090005^H01","MILL CREEK MS","MILL CREEK MS, 620 CENTRAL AVE N, KENT, WA 98032",NA,4,NA
"2058",25823,"3F10510^^080105^H01","TERRY THORSOS","TERRY THORSOS, 19627 NE 140TH ST., WOODINVILLE, WA 98077",NA,4,NA
"2059",25824,"3F10510^^080299^H03","CEDAR RIVER UPPER ES","CEDAR RIVER UPPER ES, 15828 SE JONES RD, RENTON, WA 98058",NA,4,NA
"2060",25825,"3F10107^^010622^H01","WENDY SCHERRER","WENDY SCHERRER, 1905 LARRABEE AVE., BELLINGHAM, WA, 98225",NA,4,NA
"2061",25826,"3F10510^^0870123E","BRIGHT WATER WALDORF","BRIGHT WATER WALDORF SCHOOL, 1501 10TH AVE E, SEATTLE, WA 98102",NA,4,NA
"2062",25832,"3F10308^^070001^H02","LOWER TULALIP CREEK POND HATCHERY","LOWER TULALIP CREEK POND HATCHERY",7,4,NA
"2063",25838,"3F10510^^0971006E","KENT PHOENIX ACADEMY","KENT PHOENIX ACADEMY, 11000 SE 264TH STREET, KENT, WA 98030",9,4,NA
"2064",25851,"3F10510^^080028^S04","FUSION ACADEMY (SEATTLE)","FUSION ACADEMY (SEATTLE)",8,4,9
"2065",25860,"3F10208^^^^^^^^^H03","CHILDREN'S MUSEUM-SKAGIT","CHILDREN'S MUSEUM OF SKAGIT COUNTY",3,4,NA
"2066",25861,"3F10510^^08^^^^^H12","EDMONDS STREAM TEAM","EDMONDS STREAM TEAM",8,4,NA
"2067",25904,"3F10308^^07^^^^^H01","MONTE CRISTO ES","MONTE CRISTO ELEMENTARY",7,4,NA
"2068",25914,"3F10308^^0574288E","CHENG HOMESCHOOL","CHENG HOMESCHOOL",8,4,NA
"2069",26926,"3F10308^^07L3352","MT ROOSEVELT LAKE (KING)","MT ROOSEVELT LAKE (KING)",7,4,NA
"2070",26927,"3F10308^^07L44692","PEACH LAKE (SNOH)","PEACH LAKE (SNOH)",7,4,NA
"2071",26934,"3F10510^^0870124E","KOKANEE ELEMENTARY (SNOH)","KOKANEE ELEMENTARY (SNOH)",8,4,NA
"2072",26936,"3F10107^^0171023E","RFEG 1 - SALMON IN THE CLASSROOM","RFEG 1 - SALMON IN THE CLASSROOM",1,4,NA
"2073",27945,"3F10510^^0870125E","INNOVATION LAB HS","INNOVATION LAB HS",8,4,NA
"2074",27946,"3F10510^^0978945E","AUBURN MOUNTAINVIEW HIGH SCHOOL","AUBURN MOUNTAINVIEW HIGH SCHOOL",9,4,NA
"2075",27949,"3F10609^^1778954E","SWAN SCHOOL (PORT TOWNSEND)","SWAN SCHOOL (PORT TOWNSEND)",17,4,NA
"2076",27955,"3F10308^^0778997E","MERCER HOMESCHOOL-MONROE1","MERCER HOMESCHOOL-MONROE1",7,4,NA
"2077",28029,"3F10308^^07^^^^^H02","RFEG 3- SOUND SALMON SOLUTIONS","RFEG 3- SOUND SALMON SOLUTIONS",7,4,NA
"2078",28041,"3F10510^^0870120E","ISLANDWOOD (WOODINVILLE,WA)","ISLANDWOOD (WOODINVILLE,WA)",8,4,NA
"2079",28043,"3F10510^^0971009E","CITY OF SEATAC","CITY OF SEATAC",9,4,NA
"2080",28059,"3F10208^^0370190E","SALISH SEA SCHOOL","SALISH SEA SCHOOL",3,4,NA
"2081",28067,"3F10208^^0370191E","GLACIER PEAK INSTITUTE","GLACIER PEAK INSTITUTE",4,4,NA
"2082",28069,"3F10510^^0870127E","GIBSON EK HIGH SCHOOL","GIBSON EK HIGH SCHOOL",8,4,NA
"2083",28070,"3F10510^^0870126E","RUBY BRIDGES ELEMENTARY","RUBY BRIDGES ELEMENTARY",8,4,NA
"2084",28099,"3F10510^^0870128E","FIDDLEHEADS FOREST SCHOOL","FIDDLEHEADS FOREST SCHOOL (ARBORETUM FOUNDATION)",8,4,NA
"2085",28105,"3F10511^^150129^H01","JUDD CREEK-RSI","JUDD CREEK-RSI",15,4,NA
"2086",28112,"3F10308^^0571076E","HALLER MS","HALLER MS",5,4,NA
"2087",26,"3F^^^^^^^^^^^^^^H86","LEWIS R +SPEELYAI","LEWIS R +SPEELYAI HATCHERIES",NA,5,NA
"2088",181,"3F^5^^^^^^^^^^^^E","REG 5 ED COOPS","WASHINGTON REGION 5 EDUACATIONAL COOPS -UNSPECIFIED",NA,5,NA
"2089",9988,"3F10510^^1574029E","BURLEY-GLENWOOD ES","BURLEY-GLENWOOD ELEMENTARY (PORT ORCHARD WA)",15,5,9
"2090",11663,"3F10513^^1274296E","CAMAS PRAIRIE ES(SPA","CAMAS PRAIRIE ELEMENTARY (SPANAWAY WA)",12,5,9
"2091",16302,"3F21802^^230716^H","AQUASEED HATCHERY","AQUASEED HATCHERY ON SCATTER CREEK",23,5,NA
"2092",16842,"3F21802^^2371065E","CHEHALIS SD 302","CHEHALIS SCHOOL DISTRICT 302 (CHEHALIS WA)",23,5,9
"2093",16843,"3F21802^^2371066E","CENTRALIA SD 401","CENTRALIA SCHOOL DISTRICT 401 (CENTRALIA WA)",23,5,9
"2094",16846,"3F21802^^2371171E","ONALASKA SD 300","ONALASKA SCHOOL DISTRICT 300 (ONALASKA  WA)",23,5,9
"2095",16849,"3F21802^^2371204E","PE ELL SD 301","PE ELL SCHOOL DISTRICT 301 (PE ELL WA)",23,5,9
"2096",16852,"3F21802^^2372027E","GREEN HILL SCHL(CHEH","GREEN HILL SCHOOL (CHEHALIS WA)",23,5,9
"2097",16853,"3F21802^^2372029E","MAPLE LANE HS(CENTRA","MAPLE LANE HIGH (CENTRALIA WA)",23,5,9
"2098",16856,"3F21802^^2372244E","EDISON ES (CENTRALIA","EDISON ELEMENTARY (CENTRALIA WA)",23,5,9
"2099",16858,"3F21802^^2372274E","CASCADE ES (CHEHALIS","CASCADE ELEMENTARY SCHOOL (CHEHALIS WA)",23,5,9
"2100",16859,"3F21802^^2372291E","OAKVIEW ES(CENTRALIA","OAKVIEW ELEMENTARY SCHOOL (CENTRALIA WA)",23,5,9
"2101",16860,"3F21802^^2372331E","ONALASKA HS(ONALASK","ONALASKA HIGH SCHOOL (ONALASKA)",23,5,9
"2102",16862,"3F21802^^2372442E","R E BENNETT ES(CHEHA","R E BENNETT ELEMENTARY SCHOOL (CHEHALIS WA)",23,5,9
"2103",16865,"3F21802^^2372704E","FORDS PRAIRIE ES(CEN","FORDS PRAIRIE ELEMENTARY (CENTRALIA WA)",23,5,9
"2104",16866,"3F21802^^2372768E","WASHINGTON ES(CENTRA","WASHINGTON ELEMENTARY SCHOOL (CENTRALIA WA)",23,5,9
"2105",16867,"3F21802^^2372799E","W F WEST HS (CHEHALI","W F WEST HIGH (CHEHALIS WA)",23,5,9
"2106",16869,"3F21802^^2372858E","PE ELL ES HS","PE ELL ELEMENTARY/HIGH SCHOOL (PE ELL)",23,5,9
"2107",16871,"3F21802^^2373172E","JEFFERSON-LINCOLN ES","JEFFERSON-LINCOLN ELEMENTARY (CENTRALIA WA)",23,5,9
"2108",16872,"3F21802^^2373239E","ONALASKA ES(ONALASK","ONALASKA ELEMENTARY SCHOOL (ONALASKA WA)",23,5,9
"2109",16873,"3F21802^^2373240E","CENTRALIA MS (CENTRA","CENTRALIA MIDDLE SCHOOL (CENTRALIA WA)",23,5,9
"2110",16882,"3F21802^^2374311E","CHEHALIS MS","CHEHALIS MIDDLE SCHOOL (CHEHALIS WA)",23,5,9
"2111",16884,"3F21802^^2378119E","LEWIS COUNTY SDA(CHE","LEWIS COUNTY S. D. A. SCHOOL (CHEHALIS WA)",23,5,9
"2112",16885,"3F21802^^2378120E","ST JOSEPH SCHL(CHEHA","ST. JOSEPH SCHOOL (CHEHALIS WA)",23,5,9
"2113",16886,"3F21802^^2378616E","CENTRALIA CHRIST SCH","CENTRALIA CHRISTIAN SCHOOL (CENTRALIA WA)",23,5,9
"2114",17749,"3F42001^^^^^^^^^H71","LEWIS+KLICKITAT HATC","LEWIS RIVER HATCHERY AND KLICKITAT HATCHERY",NA,5,NA
"2115",17750,"3F42001^^^^^^^^^H72","KALAMA+KLICKITAT HAT","KALAMA FALLS HATCHERY AND KLICKITAT HATCHERY",NA,5,NA
"2116",17752,"3F42001^^^^^^^^^H82","KLICKITAT+ WASHOUGAL","KLICKITAT HATCHERY AND WASHOUGAL HATCHERY",NA,5,NA
"2117",17753,"3F42001^^^^^^^^^H83","EASTBANK + DRYDEN","EASTBANK HATCHERY +DRYDEN POND",NA,5,NA
"2118",17849,"3F42001^^240800^R01","PETERSON PROJECT","PETERSON PROJECT (CHINOOK, WA)",25,5,9
"2119",17851,"3F42001^^25^^^^^H98","BEAVER CR +ELOCHOMAN R","MIXED LOWER COLUMBIA RIVER STOCKS - BEAVER CR +ELOCHOMAN R HATCHERIES",25,5,NA
"2120",17868,"3F42001^^250000^H","FISHER SLOUGH","FISHER SLOUGH",25,5,NA
"2121",17869,"3F42001^^250001^H","SEA RESOURCES HATCH","SEA RESOURCES HATCHERY  (CHINOOK  WA.)",24,5,9
"2122",17876,"3F42001^^250071^H","DEEP R NET PENS","DEEP RIVER NET PENS (OBSOLETE)",25,5,5
"2123",17877,"3F42001^^250071^H02","STEAMBOAT SL NETPENS","STEAMBOAT SLOUGH NET PENS IN THE DEEP R BASIN (COLUMBIA R TRIB)",25,5,NA
"2124",17880,"3F42001^^250071AH","DEEP R NP - UPPER","DEEP RIVER NET PENS - UPPER",25,5,5
"2125",17881,"3F42001^^250071BH","DEEP R NP - LOWER","DEEP RIVER NET PENS - LOWER",25,5,5
"2126",17905,"3F42001^^250131^H","GRAYS RIVER HATCHERY","GRAYS RIVER HATCHERY -WF GRAYS R",25,5,5
"2127",17906,"3F42001^^250131^H02","WEYCO POND      (25)","WEYCO POND  - GRAYS R & ALDER CR",25,5,NA
"2128",17916,"3F42001^^250155^H","ALDER CR POND   (25)","ALDER CREEK POND  (GRAYS R -SF TRIB REARING FACILITY)",25,5,NA
"2129",17937,"3F42001^^250236^H","ELOCHOMAN HATCHERY","ELOCHOMAN HATCHERY (FORMERLY: ELOKOMIN HATCHERY)",25,5,5
"2130",17939,"3F42001^^250236^R01","FOSTER RD TRAP","FOSTER RD TRAP (5 MI DS FROM ELOCHOMAN HATCHERY)",25,5,5
"2131",17943,"3F42001^^250247^H","BEAVER CR HATCHERY","BEAVER CREEK TROUT HATCHERY  ON TRIB OF ELOCHOMAN RIVER",25,5,5
"2132",17957,"3F42001^^250297^H","USFWS ABERNATHY FISH TECHNOLOGY CENTER","FORMERLY ABERNATHY SCTC HATCHERY ON ABERNATHY CREEK",25,5,9
"2133",17958,"3F42001^^250297^H02","ABERNATHY ACCLM POND","ABERNATHY ACCLIMATION POND ON ABERNATHY CREEK",25,5,9
"2134",17964,"3F42001^^250313^H","GERMANY CR PROJECT","GERMANY CREEK     (COLUMBIA R)",25,5,NA
"2135",17970,"3F42001^^256005^H","COLUMBIA GILLNETTERS","LOWER COLUMBIA RIVER GILLNETTERS PROJECT",25,5,9
"2136",17971,"3F42001^^256013^H","CATHLAMET FFA","CATHLAMET FUTURE FARMERS OF AMERICA",25,5,9
"2137",17972,"3F42001^^256020^H","EVERGREEN CAMP","EVERGREEN CAMP",25,5,9
"2138",17973,"3F42001^^256095^H","WILLOW GROVE NET PEN","WILLOW GROVE NET PENS (NEAR CATHLAMET)",25,5,NA
"2139",17974,"3F42001^^2571167E","WAHKIAKUM SD 200(CAT","WAHKIAKUM SCHOOL DISTRICT 200 (CATHLAMET WA)",25,5,9
"2140",17975,"3F42001^^2572893E","JULIUS A WENDT ES(CA","JULIUS A WENDT ELEMENTARY (CATHLAMET WA)",25,5,9
"2141",17976,"3F42001^^2573467E","WAHKIAKUM HS(CATHLAM","WAHKIAKUM HIGH SCHOOL (CATHLAMET)",25,5,9
"2142",17978,"3F42001^^26^^^^^H01","COWLITZ GAME ANGLERS","COWLITZ GAME ANGLERS",26,5,NA
"2143",17979,"3F42001^^26^^^^^H02","COWL SALM + COWL FRIENDS","COWLIZ SALM + COWLIZ FRIENDS",26,5,NA
"2144",17990,"3F42001^^260002^H01","COWLITZ TROUT HATCHERY","COWLITZ TROUT HATCHERY (WAS TEMPORARILY CALLED: BLUE CREEK HATCHERY)",26,5,2
"2145",17991,"3F42001^^260002^H02","COWLITZ SALMON HATCHERY","COWLITZ SALMON HATCHERY (WAS TEMPORARILY CALLED: SALKUM HATCHERY)",26,5,2
"2146",17992,"3F42001^^260002^H03","MOSSYROCK HATCHERY","MOSSYROCK HATCHERY",26,5,5
"2147",17993,"3F42001^^260002^H04","WALLACE IMPRINT POND","WALLACE IMPRINT POND (COWLITZ TRIB)",26,5,NA
"2148",17994,"3F42001^^260002^H05","STONE POND      (26)","STONE POND (COWLITZ TRIB)",26,5,NA
"2149",17995,"3F42001^^260002^H06","TOLEDO SAND&G NETPEN","TOLEDO SAND AND GRAVEL NET PEN (COWLITZ RIVER AT RM 32)",26,5,NA
"2150",17997,"3F42001^^260002^H08","UPPER COWLITZ RESTOR","UPPER COWLITZ RESTOR  (SPECIFIC LOCATION UNKNOWN)",26,5,NA
"2151",18016,"3F42001^^260003^H01","COWEEMAN R POND #1","COWEEMAN RIVER POND #1 (SRCT) BUT SOMETIMES STEELHEAD",26,5,NA
"2152",18017,"3F42001^^260003^H02","COWEEMAN R POND #2","COWEEMAN RIVER POND #2 STEELHEAD",26,5,NA
"2153",18047,"3F42001^^260248^H","TOUTLE R-SF TRAP","TOUTLE RIVER -SF TRAP",26,5,NA
"2154",18048,"3F42001^^260248^H01","CWLTZ G&A COOP -SF TOUTLE","COWLITZ GAME & ANGLERS - SF TOUTLE",26,5,9
"2155",18050,"3F42001^^260248^R01","SOUTH FORK TOUTLE PONDS","SOUTH FORK TOUTLE PONDS",26,5,NA
"2156",18064,"3F42001^^260314^H10","TOUTLE R-NF SILT DAM","TOUTLE RIVER -NF COLLECTION FACILITY AT FEDERAL SILT DAM",26,5,NA
"2157",18072,"3F42001^^260323^H","NORTH TOUTLE HATCHERY","NORTH TOUTLE HATCHERY (FORMERLY: TOUTLE HATCHERY) -GREEN RIVER",26,5,2
"2158",18085,"3F42001^^260387^H","ALDER CR POND   (26)","ALDER CR HATCHERY REARING POND (TOUTLE NF TRIB)",26,5,NA
"2159",18089,"3F42001^^260404^H","DEER SPRINGS POND","DEER SPRINGS REARING POND   ON DEER CR (NF TOUTLE)",26,5,NA
"2160",18173,"3F42001^^266005^H","RYDERWOOD PROJECT","RYDERWOOD",26,5,9
"2161",18174,"3F42001^^266013^H","FRIENDS OF COWLITZ","FRIENDS OF THE COWLITZ REARING FACILITY",26,5,9
"2162",18175,"3F42001^^266013^H01","FOC PORTABLE POND","FRIENDS OF THE COWLITZ PORTABLE POND",26,5,9
"2163",18176,"3F42001^^266014^H","MOSSYROCK FFA PROJ","MOSSYROCK FUTURE FARMERS OF AMERICA COOP PROJECT",26,5,9
"2164",18177,"3F42001^^266025^H","OLEQUA CR PROJECT","OLEQUA CREEK  (VOL)",26,5,9
"2165",18178,"3F42001^^266030^H","KRAUS RYDERWOOD PROJ","KRAUS PROJECT (RYDERWOOD)",26,5,9
"2166",18179,"3F42001^^2671031E","LONGVIEW SD 122 (LON","LONGVIEW SCHOOL DISTRICT 122 (LONGVIEW WA)",26,5,9
"2167",18180,"3F42001^^2671032E","KELSO SD 458 (KELSO)","KELSO SCHOOL DISTRICT 458 (KELSO WA)",26,5,9
"2168",18181,"3F42001^^2671110E","CASTLE ROCK SD 401","CASTLE ROCK SCHOOL DISTRICT 401 (CASTLE ROCK WA)",26,5,9
"2169",18182,"3F42001^^2671144E","WINLOCK SD 232","WINLOCK SCHOOL DISTRICT 232 (WINLOCK WA)",26,5,9
"2170",18183,"3F42001^^2671145E","TOLEDO SD 237","TOLEDO SCHOOL DISTRICT 237 (TOLEDO WA)",26,5,9
"2171",18184,"3F42001^^2671146E","WHITE PASS SD 303","WHITE PASS SCHOOL DISTRICT 303 (RANDLE WA)",26,5,9
"2172",18185,"3F42001^^2671169E","MOSSYROCK SD 206","MOSSYROCK SCHOOL DISTRICT 206 (MOSSYROCK WA)",26,5,9
"2173",18186,"3F42001^^2671170E","MORTON SD 214(MORTON","MORTON SCHOOL DISTRICT 214 (MORTON WA)",26,5,9
"2174",18187,"3F42001^^2671199E","TOUTLE LK SD 130","TOUTLE LAKE SCHOOL DISTRICT 130 (TOUTLE WA)",26,5,9
"2175",18188,"3F42001^^2671283E","VADER SD 018","VADER SCHOOL DISTRICT 018 (VADER WA)",26,5,9
"2176",18189,"3F42001^^2671284E","EVALINE SD (WINLOCK)","EVALINE SCHOOL DISTRICT 036 (WINLOCK WA)",26,5,9
"2177",18190,"3F42001^^2672266E","KELSO HS (KELSO)","KELSO HIGH SCHOOL (KELSO WA)",26,5,9
"2178",18191,"3F42001^^2672281E","CASTLE ROCK HS (CAST","CASTLE ROCK HIGH SCHOOL (CASTLE ROCK WA)",26,5,9
"2179",18192,"3F42001^^2672290E","WINLOCK MILLER ES(WI","WINLOCK MILLER ELEMENTARY (WINLOCK)",26,5,9
"2180",18193,"3F42001^^2672319E","KESSLER ES (LONGVIEW","KESSLER ELEMENTARY SCHOOL (LONGVIEW WA)",26,5,9
"2181",18194,"3F42001^^2672369E","COLUMBIA VLY GARDENS","COLUMBIA VALLEY GARDENS (LONGVIEW WA)",26,5,9
"2182",18195,"3F42001^^2672370E","ST HELENS ES (LONGVI","ST. HELENS ELEMENTARY (LONGVIEW WA)",26,5,9
"2183",18196,"3F42001^^2672416E","R A LONG HS(LONGVIEW","R. A. LONG HIGH SCHOOL (LONGVIEW WA)",26,5,9
"2184",18197,"3F42001^^2672477E","GLENOMA ES (GLENOMA)","GLENOMA ELEMENTARY SCHOOL (GLENOMA WA)",26,5,9
"2185",18198,"3F42001^^2672559E","TOUTLE R BOYS RANCH","TOUTLE RIVER BOY'S RANCH (CASTLE ROCK WA)",26,5,9
"2186",18199,"3F42001^^2672560E","TOUTLE LK HS (TOUTLE","TOUTLE LAKE HIGH SCHOOL (TOUTLE WA)",26,5,9
"2187",18200,"3F42001^^2672572E","MOSSYROCK ES(MOSSYRO","MOSSYROCK ELEMENTARY/ (MOSSYROCK WA)",26,5,9
"2188",18201,"3F42001^^2672573E","PACKWOOD ES(PACKWOOD","PACKWOOD ELEMENTARY SCHOOL (PACKWOOD WA)",26,5,9
"2189",18202,"3F42001^^2672596E","ROSE VALLEY ES(KELSO","ROSE VALLEY ELEMENTARY SCHOOL (KELSO WA)",26,5,9
"2190",18203,"3F42001^^2672616E","TOLEDO HS (TOLEDO)","TOLEDO HIGH SCHOOL (TOLEDO)",26,5,9
"2191",18204,"3F42001^^2672624E","WALLACE ES (KELSO)","WALLACE ELEMENTARY SCHOOL (KELSO WA)",26,5,9
"2192",18205,"3F42001^^2672678E","MORTON & MINERAL ES","MORTON & MINERAL ELEMENTARY SCHOOLS (MORTON WA)",26,5,9
"2193",18206,"3F42001^^2672691E","CATLIN ES (KELSO)","CATLIN ELEMENTARY SCHOOL (KELSO WA)",26,5,9
"2194",18207,"3F42001^^2672726E","OLYMPIC ES (LONGVIEW","OLYMPIC ELEMENTARY SCHOOL (LONGVIEW WA)",26,5,9
"2195",18208,"3F42001^^2672762E","CASTLE ROCK ES","CASTLE ROCK ELEMENTARY (CASTLE ROCK)",26,5,9
"2196",18209,"3F42001^^2672831E","MONTICELLO MS (LONGV","MONTICELLO MIDDLE SCHOOL (LONGVIEW WA)",26,5,9
"2197",18210,"3F42001^^2672859E","WHITE PASS JHS HS(RA","WHITE PASS JR-SR HIGH (RANDLE WA)",26,5,9
"2198",18211,"3F42001^^2672914E","NORTHLAKE SCHL(LONGV","NORTHLAKE SCHOOL (LONGVIEW WA)",26,5,9
"2199",18212,"3F42001^^2672916E","HUNTINGTON JHS(KELSO","HUNTINGTON JUNIOR HIGH (KELSO WA)",26,5,9
"2200",18213,"3F42001^^2672998E","TOLEDO ES (TOLEDO)","TOLEDO ELEMENTARY SCHOOL (TOLEDO WA)",26,5,9
"2201",18214,"3F42001^^2673019E","ROBERT GRAY ES(LONGV","ROBERT GRAY ELEMENTARY (LONGVIEW WA)",26,5,9
"2202",18215,"3F42001^^2673082E","BUTLER ACRES ES(KELS","BUTLER ACRES ELEMENTARY (KELSO WA)",26,5,9
"2203",18216,"3F42001^^2673112E","MORTON JHS HS","MORTON JUNIOR-SENIOR HIGH (MORTON WA)",26,5,9
"2204",18217,"3F42001^^2673151E","MARK MORRIS HS(LONGV","MARK MORRIS HIGH SCHOOL (LONGVIEW WA)",26,5,9
"2205",18218,"3F42001^^2673211E","COLUMBIA HEIGHTS ES","COLUMBIA HEIGHTS ELEMENTARY (LONGVIEW WA)",26,5,9
"2206",18219,"3F42001^^2673238E","MOSSYROCK HS(MOSSYRO","MOSSYROCK HIGH SCHOOL (MOSSYROCK WA)",26,5,9
"2207",18220,"3F42001^^2673271E","CASTLE ROCK UPPER ES","CASTLE ROCK UPPER ELEMENTARY (CASTLE ROCK WA)",26,5,9
"2208",18221,"3F42001^^2673322E","COWEEMAN JHS (KELSO)","COWEEMAN JUNIOR HIGH (KELSO WA)",26,5,9
"2209",18222,"3F42001^^2673323E","BARNES ES (KELSO)","BARNES ELEMENTARY (KELSO WA)",26,5,9
"2210",18223,"3F42001^^2673475E","CASCADE MS (LONGVIEW","CASCADE MIDDLE SCHOOL (LONGVIEW WA)",26,5,9
"2211",18224,"3F42001^^2673555E","RANDLE ES (RANDLE)","RANDLE ELEMENTARY (RANDLE WA)",26,5,9
"2212",18225,"3F42001^^2673578E","BEACON HILL ES (LONG","BEACON HILL ELEMENTARY (LONGVIEW WA)",26,5,9
"2213",18226,"3F42001^^2673597E","WINLOCK HS (WINLOCK)","WINLOCK SENIOR HIGH (WINLOCK WA)",26,5,9
"2214",18227,"3F42001^^2673658E","MINT VALLEY ES(LONGV","MINT VALLEY ELEMENTARY (LONGVIEW WA)",26,5,9
"2215",18228,"3F42001^^2673969E","CASTLE ROCK MS","CASTLE ROCK MIDDLE SCHOOL (CASTLE ROCK)",26,5,9
"2216",18229,"3F42001^^2673976E","NATURAL ALT HS(LONGV","NATURAL ALTERNATIVE HIGH SCHOOL (LONGVIEW WA)",26,5,9
"2217",18230,"3F42001^^2673977E","TOLEDO MS (TOLEDO)","TOLEDO MIDDLE SCHOOL (TOLEDO WA)",26,5,9
"2218",18231,"3F42001^^2674264E","TOUTLE LK ES (TOUTLE","TOUTLE LAKE ELEMENTARY SCHOOL (TOUTLE WA)",26,5,9
"2219",18232,"3F42001^^2674369E","WINLOCK MS (WINLOCK)","WINLOCK MIDDLE SCHOOL (WINLOCK WA)",26,5,9
"2220",18233,"3F42001^^2678015E","ST ROSE SCHL (LONGVI","ST. ROSE SCHOOL (LONGVIEW WA)",26,5,9
"2221",18234,"3F42001^^2678016E","LONGVIEW CHRIST SCHL","LONGVIEW CHRISTIAN SCHOOL (LONGVIEW WA)",26,5,9
"2222",18235,"3F42001^^2678385E","MORTON SDA SCHOOL","MORTON S.D.A. SCHOOL (MORTON WA)",26,5,9
"2223",18236,"3F42001^^2678447E","COLUMBIA HEIGHTS CHR","COLUMBIA HEIGHTS CHRISTIAN ACAD. (LONGVIEW WA)",26,5,9
"2224",18237,"3F42001^^2678813E","KELSO CHRIST ACADEMY","KELSO CHRISTIAN ACADEMY (KELSO WA)",26,5,9
"2225",18245,"3F42001^^270002^H","KALAMA FALLS HATCHERY","KALAMA FALLS HATCHERY  (#2)",27,5,5
"2226",18246,"3F42001^^270002^H03","MODROW TRAP","MODROW TRAP @ RM 3.0 ON KALAMA RIVER",27,5,NA
"2227",18259,"3F42001^^270012^R01","MALINOWSKI PD","MALINOWSKI POND ON CEDAR CR",27,5,9
"2228",18260,"3F42001^^270017^H","FALLERT CR HATCHERY","FALLERT CR HATCHERY (FORMERLY: LOWER KALAMA HATCHERY(#1)",27,5,5
"2229",18269,"3F42001^^270073^H","GOBAR POND      (27)","GOBAR POND",27,5,5
"2230",18276,"3F42001^^270168^H","LEWIS RIVER HATCHERY","LEWIS RIVER HATCHERY",27,5,4
"2231",18277,"3F42001^^270168^H01","ECHO NP (LEWIS R-NF)","ECHO PARK NET PENS NEAR FINN HALL GOLF COURSE ON LEWIS R -NORTH FORK (MAINSTEM) (ALSO FISH FIRST NP)",27,5,NA
"2232",18278,"3F42001^^270168^H02","MERWIN HATCHERY","MERWIN HATCHERY",27,5,4
"2233",18279,"3F42001^^270168^H05","SPEELYAI BAY NP","SPEELYAI BAY NET PENS",27,5,4
"2234",18280,"3F42001^^270168^H06","SPEELYAI BAY NP-COOP","SPEELYAI BAY NET PENS -COOP  (**TEMPORARY**)",27,5,NA
"2235",18284,"3F42001^^270168^H71","LEWIS +FISH FIRST NP","LEWIS RIVER HATCHERY AND FISH FIRST NET PEN",27,5,NA
"2236",18285,"3F42001^^270168^H72","FISH FIRST NP","FISH FIRST NET PENS",27,5,9
"2237",18286,"3F42001^^270168^H73","FISH FIRST RSI","FISH FIRST RSI",27,5,9
"2238",18287,"3F42001^^270168^H74","FISH FIRST RSI+NP","FISH FIRST RSI AND NET PENS",27,5,9
"2239",18292,"3F42001^^270168^R03","MERWIN DAM FCF","MERWIN DAM FISH COLLECTION FACILITY AT MERWIN DAM (LEWIS RIVER)",27,5,4
"2240",18310,"3F42001^^270222^H","ROCK CR NET PENS(27)","ROCK CREEK NET PENS (FARGHER LAKE OUTLET) ERRONEOUS CODE -SEE 3F42001  290002 H",27,5,9
"2241",18341,"3F42001^^270430^H","SPEELYAI HATCHERY","SPEELYAI HATCHERY   (WDFW)",27,5,4
"2242",18347,"3F42001^^270479^H","COUGAR CR PROJECT","COUGAR CREEK PROJECT",27,5,9
"2243",18355,"3F42001^^2771109E","RIDGEFIELD SD 112","RIDGEFIELD SCHOOL DISTRICT 112 (RIDGEFIELD WA)",27,5,9
"2244",18356,"3F42001^^2771111E","WOODLAND SD 404","WOODLAND SCHOOL DISTRICT 404 (WOODLAND WA)",27,5,9
"2245",18357,"3F42001^^2771140E","KALAMA SD 402(KALAMA","KALAMA SCHOOL DISTRICT 402 (KALAMA WA)",27,5,9
"2246",18358,"3F42001^^2771165E","LA CENTER SD 101","LA CENTER SCHOOL DISTRICT 101 (LA CENTER WA)",27,5,9
"2247",18359,"3F42001^^2771264E","GREEN MOUNTAIN SD103","GREEN MOUNTAIN SCHOOL DISTRICT 103 (WOODLAND WA)",27,5,9
"2248",18360,"3F42001^^2772390E","UNION RIDGE PROJECT","UNION RIDGE PROJECT BY UNION RIDGE ES AT RIDGEFIELD HS",27,5,9
"2249",18361,"3F42001^^2772558E","LA CENTER ES","LA CENTER ELEMENTARY (LA CENTER)",27,5,9
"2250",18362,"3F42001^^2772561E","KALAMA MS/HS (KALAMA","KALAMA MIDDLE/SENIOR HIGH (KALAMA WA)",27,5,9
"2251",18363,"3F42001^^2772913E","CARROLLS ES(CARROLLS","CARROLLS ELEMENTARY SCHOOL (CARROLLS WA)",27,5,9
"2252",18364,"3F42001^^2773321E","SOUTH RIDGE ES (RIDG","SOUTH RIDGE ELEMENTARY (RIDGEFIELD WA)",27,5,9
"2253",18365,"3F42001^^2773371E","LA CENTER INTERMEDIA","LA CENTER INTERMEDIATE (LA CENTER WA)",27,5,9
"2254",18366,"3F42001^^2773513E","YALE ES (WOODLAND)","YALE ELEMENTARY (WOODLAND WA)",27,5,9
"2255",18367,"3F42001^^2773514E","WOODLAND ES(WOODLAND","WOODLAND ELEMENTARY SCHOOL (WOODLAND WA)",27,5,9
"2256",18368,"3F42001^^2773546E","WOODLAND HS(WOODLAND","WOODLAND HIGH SCHOOL (WOODLAND WA)",27,5,9
"2257",18369,"3F42001^^2773786E","UNION RIDGE ES(RIDGE","UNION RIDGE ELEMENTARY (RIDGEFIELD WA)",27,5,9
"2258",18370,"3F42001^^2773824E","WOODLAND MS(WOODLAND","WOODLAND MIDDLE SCHOOL (WOODLAND WA)",27,5,9
"2259",18371,"3F42001^^2773891E","VIEW RIDGE MS(RIDGEF","VIEW RIDGE MIDDLE SCHOOL (RIDGEFIELD WA)",27,5,9
"2260",18372,"3F42001^^2774431E","LA CENTER HS","LA CENTER HIGH SCHOOL (LA CENTER WA)",27,5,9
"2261",18373,"3F42001^^2778709E","MT VIEW CHRIST(RIDGE","MOUNTAIN VIEW CHRISTIAN SCHOOL (RIDGEFIELD WA)",27,5,9
"2262",18385,"3F42001^^280001^H","CITY OF VANCOUVER","CITY OF VANCOUVER",28,5,NA
"2263",18386,"3F42001^^280001^H01","VANCOUVER HATCHERY","VANCOUVER HATCHERY",28,5,4
"2264",18396,"3F42001^^280059^H03","KLINELINE PONDS","KLINELINE PONDS(SALMON CR @ I5)(WDFW ACCLIMATION POND USED BY SKAMANIA HATCHERY)",28,5,4
"2265",18403,"3F42001^^280093^H","MORGAN CR POND","MORGAN CR REARING FACILITY (TRIB TO SALMON CR)",28,5,NA
"2266",18409,"3F42001^^280159^H","WASHOUGAL HATCHERY","WASHOUGAL HATCHERY",28,5,4
"2267",18414,"3F42001^^280200^H","SKAMANIA HATCHERY","SKAMANIA TROUT HATCHERY ON NF WASHOUGAL RIVER",28,5,4
"2268",18441,"3F42001^^280303^H10","E. HAMILTON SPRING CHANNEL 28.0303B","E. HAMILTON SPRING CHANNEL 28.0303B",28,5,NA
"2269",18451,"3F42001^^286005^H","VERNERSBORG FIREFIGHTERS","VENERSBORG FIREFIGHTERS FORMALLY DIST 5 FIREFIGHTERS",28,5,9
"2270",18452,"3F42001^^286016^H","TED SHAW PONDS","TED SHAW PONDS",28,5,9
"2271",18453,"3F42001^^286017^H","LUCKY TURPEINEN PROJ","LUCKY TURPEINEN",28,5,9
"2272",18454,"3F42001^^286019^H","STEVE SYVERSON PROJ","STEVE SYVERSON PROJECT",28,5,9
"2273",18455,"3F42001^^286020^H","CAMAS NET PENS","CAMAS NET PENS",28,5,NA
"2274",18456,"3F42001^^286021^H","ALDERBROOK PARK PROJ","ALDERBROOK PARK PROJECT  (SALMON CREEK)",28,5,9
"2275",18457,"3F42001^^2870112E","EDU SERVICE DIST 112","EDUCATIONAL SERVICE DIST 112 (VANCOUVER WA)",28,5,9
"2276",18458,"3F42001^^2871014E","VANCOUVER SD 37","VANCOUVER SCHOOL DISTRICT 37 (VANCOUVER WA)",28,5,9
"2277",18459,"3F42001^^2871030E","EVERGREEN SD 114(VAN","EVERGREEN SCHOOL DISTRICT 114 (VANCOUVER WA)",28,5,9
"2278",18460,"3F42001^^2871063E","BATTLE GROUND SD 119","BATTLE GROUND SCHOOL DISTRICT 119 (BATTLEGROUND WA)",28,5,9
"2279",18461,"3F42001^^2871082E","CAMAS SD 117 (CAMAS)","CAMAS SCHOOL DISTRICT 117 (CAMAS WA)",28,5,9
"2280",18462,"3F42001^^2871108E","WASHOUGAL SD 112-6","WASHOUGAL SCHOOL DISTRICT 112-6 (WASHOUGAL WA)",28,5,9
"2281",18463,"3F42001^^2871255E","HOCKINSON SD 98(BRUS","HOCKINSON SCHOOL DISTRICT 98 (BRUSH PRAIRIE WA)",28,5,9
"2282",18464,"3F42001^^2871292E","SKAMANIA SD 002","SKAMANIA SCHOOL DISTRICT 002/ (SKAMANIA WA)",28,5,9
"2283",18465,"3F42001^^2871293E","MT PLEASANT SD 29","MOUNT PLEASANT SCHOOL DISTRICT 29 (WASHOUGAL WA)",28,5,9
"2284",18466,"3F42001^^2871528E","ALT SCHL (WASHOUGAL)","ALTERNATIVE SCHOOL (WASHOUGAL WA)",28,5,9
"2285",18467,"3F42001^^2871530E","EARLY CHILDHOOD CENT","EARLY CHILDHOOD CENTER (VANCOUVER WA)",28,5,9
"2286",18468,"3F42001^^2871574E","FIR GROVE CHILDRENS","FIR GROVE CHILDRENS CENTER (VANCOUVER WA)",28,5,9
"2287",18469,"3F42001^^2872179E","FORT VANCOUVER HS","FORT VANCOUVER HIGH SCHOOL (VANCOUVER)",28,5,9
"2288",18470,"3F42001^^2872318E","LINCOLN ES(VANCOUVER","LINCOLN ELEMENTARY SCHOOL (VANCOUVER WA)",28,5,9
"2289",18471,"3F42001^^2872414E","SHUMWAY MS (VANCOUVE","SHUMWAY MIDDLE SCHOOL (VANCOUVER WA)",28,5,9
"2290",18472,"3F42001^^2872415E","BATTLE GROUND HS(BAT","BATTLE GROUND HIGH SCHOOL (BATTLE GROUND WA)",28,5,9
"2291",18473,"3F42001^^2872509E","HATHAWAY ES(WASHOUGA","HATHAWAY PRIMARY (WASHOUGAL WA)",28,5,9
"2292",18474,"3F42001^^2872610E","HOUGH ES (VANCOUVER)","HOUGH ELEMENTARY SCHOOL (VANCOUVER WA)",28,5,9
"2293",18475,"3F42001^^2872636E","EARLY CHILDHOOD EDUC","EARLY CHILDHOOD EDUCATION CENTER (VANCOUVER WA)",28,5,9
"2294",18476,"3F42001^^2872637E","FRUIT VALLEY ES(VANC","FRUIT VALLEY ELEMENTARY SCHOOL (VANCOUVER WA)",28,5,9
"2295",18477,"3F42001^^2872643E","HARNEY ES (VANCOUVER","HARNEY ELEMENTARY SCHOOL (VANCOUVER WA)",28,5,9
"2296",18478,"3F42001^^2872644E","PETER S OGDEN ES(VAN","PETER S OGDEN ELEMENTARY (VANCOUVER WA)",28,5,9
"2297",18479,"3F42001^^2872671E","AMBOY MS","AMBOY MIDDLE SCHOOL (BATTLE GROUND)",28,5,9
"2298",18480,"3F42001^^2872690E","HAZELDELL ES (VANCOU","HAZELDELL ELEMENTARY SCHOOL (VANCOUVER WA)",28,5,9
"2299",18481,"3F42001^^2872723E","MINNEHAHA ES(VANCOUV","MINNEHAHA ELEMENTARY SCHOOL (VANCOUVER WA)",28,5,9
"2300",18482,"3F42001^^2872724E","EVERGREEN HS(VANCOUV","EVERGREEN HIGH SCHOOL (VANCOUVER)",28,5,9
"2301",18483,"3F42001^^2872725E","HELEN BALLER EARLY C","HELEN BALLER EARLY CHILDHOOD CTR. (CAMAS WA)",28,5,9
"2302",18484,"3F42001^^2872828E","WALNUT GROVE ES(VANC","WALNUT GROVE ELEMENTARY (VANCOUVER WA)",28,5,9
"2303",18485,"3F42001^^2872829E","MILL PLAIN ES (VANCO","MILL PLAIN ELEMENTARY (VANCOUVER WA)",28,5,9
"2304",18486,"3F42001^^2872910E","YACOLT ES (BATTLE GR","YACOLT ELEMENTARY SCHOOL (BATTLE GROUND WA)",28,5,9
"2305",18487,"3F42001^^2872911E","GAUSE ES (WASHOUGAL)","GAUSE ELEMENTARY SCHOOL (WASHOUGAL WA)",28,5,9
"2306",18488,"3F42001^^2872912E","ORCHARDS ES (VANCOUV","ORCHARDS ELEMENTARY (VANCOUVER WA)",28,5,9
"2307",18489,"3F42001^^2872964E","SALMON CREEK ES(VANC","SALMON CREEK ELEMENTARY (VANCOUVER)",28,5,9
"2308",18490,"3F42001^^2873016E","SARAH J ANDERSON ES","SARAH J. ANDERSON ELEMENTARY (VANCOUVER WA)",28,5,9
"2309",18491,"3F42001^^2873017E","LK SHORE ES (VANCOUV","LAKE SHORE ELEMENTARY (VANCOUVER WA)",28,5,9
"2310",18492,"3F42001^^2873018E","GLENWOOD HEIGHTS ES","GLENWOOD HEIGHTS ELEMENTARY (BATTLE GROUND WA)",28,5,9
"2311",18493,"3F42001^^2873080E","BEN FRANKLIN ES(VANC","BENJAMIN FRANKLIN ELEMENTARY (VANCOUVER WA)",28,5,9
"2312",18494,"3F42001^^2873081E","HUDSONS BAY HS (VANC","HUDSONS BAY HIGH SCHOOL (VANCOUVER WA)",28,5,9
"2313",18495,"3F42001^^2873146E","MCLOUGHLIN MS (VANCO","MCLOUGHLIN MIDDLE SCHOOL (VANCOUVER WA)",28,5,9
"2314",18496,"3F42001^^2873147E","WASHOUGAL HS","WASHOUGAL HIGH SCHOOL (WASHOUGAL)",28,5,9
"2315",18497,"3F42001^^2873148E","ELLSWORTH ES(VANCOUV","ELLSWORTH ELEMENTARY SCHOOL (VANCOUVER WA)",28,5,9
"2316",18498,"3F42001^^2873149E","SIFTON ES (VANCOUVER","SIFTON ELEMENTARY SCHOOL (VANCOUVER WA)",28,5,9
"2317",18499,"3F42001^^2873150E","CAMAS HS","CAMAS HIGH SCHOOL (CAMAS)",28,5,9
"2318",18500,"3F42001^^2873270E","CAPE HORN SKYE ES","CAPE HORN SKYE ELEMENTARY (WASHOUGAL WA)",28,5,9
"2319",18501,"3F42001^^2873319E","HOCKINSON MS(BRUSH P","HOCKINSON MIDDLE SCHOOL (BRUSH PRAIRIE WA)",28,5,9
"2320",18502,"3F42001^^2873320E","COVINGTON JHS(VANCOU","COVINGTON JUNIOR HIGH (VANCOUVER)",28,5,9
"2321",18503,"3F42001^^2873423E","COLUMBIA R HS (VANCO","COLUMBIA RIVER HIGH (VANCOUVER WA)",28,5,9
"2322",18504,"3F42001^^2873424E","GEORGE C MARSHALL ES","GEORGE C. MARSHALL ELEMENTARY (VANCOUVER WA)",28,5,9
"2323",18505,"3F42001^^2873474E","LACAMAS HEIGHTS ES","LACAMAS HEIGHTS ELEMENTARY (CAMAS WA)",28,5,9
"2324",18506,"3F42001^^2873543E","JASON LEE JHS (VANCO","JASON LEE JUNIOR HIGH (VANCOUVER WA)",28,5,9
"2325",18507,"3F42001^^2873544E","LEWISVILLE MS (BATTL","LEWISVILLE MIDDLE SCHOOL (BATTLEGROUND WA)",28,5,9
"2326",18508,"3F42001^^2873545E","LAURIN MS (BATTLE GR","LAURIN MIDDLE SCHOOL (BATTLE GROUND WA)",28,5,9
"2327",18509,"3F42001^^2873565E","WASHINGTON ES(VANCOU","WASHINGTON ELEMENTARY (VANCOUVER WA)",28,5,9
"2328",18510,"3F42001^^2873577E","J D ZELLERBACH MS(CA","J. D. ZELLERBACH MIDDLE SCHOOL (CAMAS WA)",28,5,9
"2329",18511,"3F42001^^2873617E","HOCKINSON HEIGHTS IN","HOCKINSON HEIGHTS INTERMEDIATE (BRUSH PRAIRIE WA)",28,5,9
"2330",18512,"3F42001^^2873618E","MARRION ES (VANCOUVE","MARRION ELEMENTARY (VANCOUVER WA)",28,5,9
"2331",18513,"3F42001^^2873733E","DWIGHT EISENHOWER ES","DWIGHT D. EISENHOWER ELEMENTARY (VANCOUVER WA)",28,5,9
"2332",18514,"3F42001^^2873734E","ML KING ES (VANCOUVE","MARTIN LUTHER KING ELEMENTARY SCHOOL (VANCOUVER WA)",28,5,9
"2333",18515,"3F42001^^2873735E","HARRY S TRUMAN ES(VA","HARRY S.TRUMAN ELEMENTARY SCHOOL (VANCOUVER WA)",28,5,9
"2334",18516,"3F42001^^2873736E","BURTON ES (VANCOUVER","BURTON ELEMENTARY SCHOOL (VANCOUVER WA)",28,5,9
"2335",18517,"3F42001^^2873785E","CASCADE JHS (VANCOUV","CASCADE JUNIOR HIGH SCHOOL (VANCOUVER WA)",28,5,9
"2336",18518,"3F42001^^2873822E","CRESTLINE ES(VANCOUV","CRESTLINE ELEMENTARY SCHOOL (VANCOUVER WA)",28,5,9
"2337",18519,"3F42001^^2873823E","SILVER STAR ES (VANC","SILVER STAR ELEMENTARY (VANCOUVER WA)",28,5,9
"2338",18520,"3F42001^^2873881E","CHIEF UMTUCH ES(BATL","CHIEF UMTUCH ELEMENTARY (BATTLEGROUND WA)",28,5,9
"2339",18521,"3F42001^^2873902E","GAISER MS (VANCOUVER","GAISER MIDDLE SCHOOL (VANCOUVER WA)",28,5,9
"2340",18522,"3F42001^^2873932E","PAN TERRA HS(VANCOUV","PAN TERRA SECONDARY SCHOOL (VANCOUVER WA)",28,5,9
"2341",18523,"3F42001^^2873970E","SUNSET ES (VANCOUVER","SUNSET ELEMENTARY SCHOOL (VANCOUVER WA)",28,5,9
"2342",18524,"3F42001^^2873971E","FIRCREST ES (VANCOUV","FIRCREST ELEMENTARY SCHOOL (VANCOUVER WA)",28,5,9
"2343",18525,"3F42001^^2873994E","IMAGE ES (VANCOUVER)","IMAGE ELEMENTARY SCHOOL (VANCOUVER WA)",28,5,9
"2344",18526,"3F42001^^2873995E","RIVERVIEW ES (VANCOU","RIVERVIEW ELEMENTARY SCHOOL (VANCOUVER WA)",28,5,9
"2345",18527,"3F42001^^2873996E","PLEASANT VALLEY ES","PLEASANT VALLEY ELEMENTARY (BATTLE GROUND)",28,5,9
"2346",18528,"3F42001^^2873997E","PLEASANT VALLEY MS","PLEASANT VALLEY MIDDLE SCHOOL (BATTLE GROUND WA)",28,5,9
"2347",18529,"3F42001^^2874034E","SACAJAWEA ES(VANCOUV","SACAJAWEA ELEMENTARY SCHOOL (VANCOUVER)",28,5,9
"2348",18530,"3F42001^^2874042E","ALT LEARNING CTR (VA","ALTERNATIVE LEARNING CTR. (VANCOUVER WA)",28,5,9
"2349",18531,"3F42001^^2874051E","WY'EAST JHS(VANCOUVE","WY'EAST JUNIOR HIGH SCHOOL (VANCOUVER)",28,5,9
"2350",18532,"3F42001^^2874075E","FELIDA ES (VANCOUVER","FELIDA ELEMENTARY SCHOOL (VANCOUVER WA)",28,5,9
"2351",18533,"3F42001^^2874104E","PRAIRIE HS (BRUSH PR","PRAIRIE HIGH SCHOOL (BRUSH PRAIRIE WA)",28,5,9
"2352",18534,"3F42001^^2874162E","MT VIEW HS (VANCOUVE","MOUNTAIN VIEW HIGH SCHOOL (VANCOUVER WA)",28,5,9
"2353",18535,"3F42001^^2874163E","HEARTHWOOD ES(VANCOU","HEARTHWOOD ELEMENTARY (VANCOUVER)",28,5,9
"2354",18536,"3F42001^^2874182E","DOROTHY FOX ES(CAMAS","DOROTHY FOX ELEMENTARY (CAMAS WA)",28,5,9
"2355",18537,"3F42001^^2874203","CLARK COUNTY PUD","CLARK COUNTY PUD",28,5,9
"2356",18538,"3F42001^^2874203E","CLARK COUNTY VOCATIO","CLARK COUNTY VOCATIONAL (VANCOUVER WA)",28,5,9
"2357",18539,"3F42001^^2874207E","JEMTEGAARD MS(WASHOU","JEMTEGAARD MIDDLE SCHOOL[ (WASHOUGAL WA)",28,5,9
"2358",18540,"3F42001^^2874209E","PACIFIC JHS(VANCOUVE","PACIFIC JUNIOR HIGH SCHOOL (VANCOUVER)",28,5,9
"2359",18541,"3F42001^^2874299E","BURNT BRIDGE CR ES","BURNT BRIDGE CREEK ELEMENTARY (VANCOUVER WA)",28,5,9
"2360",18542,"3F42001^^2874310E","HOCKINSON HEIGHTS ES","HOCKINSON HEIGHTS PRIMARY (BRUSH PRAIRIE WA)",28,5,9
"2361",18543,"3F42001^^2874351E","MAPLE GROVE MS ES","MAPLE GROVE MIDDLE/ELEM SCHOOOLS (BATTLE GROUND)",28,5,9
"2362",18544,"3F42001^^2874352E","CAPTAIN STRONG ES(BG","CAPTAIN STRONG ELEMENTARY (BATTLE GROUND)",28,5,9
"2363",18545,"3F42001^^2874380E","HARMONY ES(VANCOUVER","HARMONY ELEMENTARY SCHOOL (VANCOUVER WA)",28,5,9
"2364",18546,"3F42001^^2874405E","CHINOOK ES(VANCOUVER","CHINOOK ELEMENTARY SCHOOL (VANCOUVER WA)",28,5,9
"2365",18547,"3F42001^^2874406E","ALKI MS (VANCOUVER)","ALKI MIDDLE SCHOOL (VANCOUVER WA)",28,5,9
"2366",18548,"3F42001^^2874410E","ROOSEVELT ES(VANCOUV","ROOSEVELT ELEMENTARY SCHOOL (VANCOUVER WA)",28,5,9
"2367",18549,"3F42001^^2874445E","PIONEER ES(VANCOUVER","PIONEER ELEMENTARY (VANCOUVER WA)",28,5,9
"2368",18550,"3F42001^^2878009E","OUR LADY OF LOURDES-","OUR LADY OF LOURDES-ST. JAMES SCH. (VANCOUVER WA)",28,5,9
"2369",18551,"3F42001^^2878010E","ST JOSEPH SCHL(VANCO","ST. JOSEPH SCHOOL (VANCOUVER WA)",28,5,9
"2370",18552,"3F42001^^2878011E","CLARK COUNTY CHRIST","CLARK COUNTY CHRISTIAN SCHOOL (VANCOUVER WA)",28,5,9
"2371",18553,"3F42001^^2878012E","COLUMBIA ADVENTIST A","COLUMBIA ADVENTIST ACADEMY (BATTLEGROUND WA)",28,5,9
"2372",18554,"3F42001^^2878013E","MEADOWGLADE SDA SCHL","MEADOWGLADE S.D.A. SCHOOL (BATTLEGROUND WA)",28,5,9
"2373",18555,"3F42001^^2878375E","COMMUNITY CHRIST SCH","COMMUNITY CHRISTIAN SCHOOL (BRUSH PRAIRIE WA)",28,5,9
"2374",18556,"3F42001^^2878483E","KINGS WAY CHRIST(VA","KING'S WAY CHRISTIAN SCHOOL (VANCOUVER WA)",28,5,9
"2375",18557,"3F42001^^2878683E","CORNERSTONE CHRIST(V","CORNERSTONE CHRISTIAN SCHOOL (VANCOUVER WA)",28,5,9
"2376",18558,"3F42001^^2878969E","VANCOUVER MONTESSORI","VANCOUVER MONTESSORI (VANCOUVER WA)",28,5,9
"2377",18559,"3F42001^^2878973E","RIVERSIDE ADVENTIST","RIVERSIDE ADVENTIST SCHOOL (WASHOUGAL WA)",28,5,9
"2378",18560,"3F42001^^2878975E","SKINNER MONTESSORI","SKINNER MONTESSORI SCHOOL (VANCOUVER WA)",28,5,9
"2379",18575,"3F42001^^290002^H","ROCK CR NET PENS(29)","ROCK CREEK NET PENS NEAR STEVENSON",29,5,9
"2380",18584,"3F42001^^290023^H","CARSON NFH","CARSON NAT. HATCHERY - USFWS - WIND RIVER",29,5,NA
"2381",18597,"3F42001^^290131^H01","DRANO LK PENS -FWS","DRANO LAKE PENS (USFWS)",29,5,NA
"2382",18598,"3F42001^^290131^H02","LTL WHITE SALMON NFH","LITTLE WHITE SALMON HATCHERY",29,5,NA
"2383",18599,"3F42001^^290131^H03","WILLARD NFH","WILLARD NATIONAL FISH HATCHERY ON LITTLE WHITE SALMON R",29,5,NA
"2384",18600,"3F42001^^290131^H04","USGS LABS - COOK, WA","USGS LABS - COOK, WA",29,5,NA
"2385",18613,"3F42001^^290159^H","SPRING CR NFH","SPRING CREEK NATIONAL FISH HATCHERY",29,5,NA
"2386",18616,"3F42001^^290160^H","WHITE SALMON R POND","WHITE SALMON RIV REARING PONDS   -USFWS",29,5,9
"2387",18617,"3F42001^^290160^H03","NORTHWESTERN LK PENS","NORTHWESTERN LAKE NET PENS (WHITE SALMON R ABOVE CONDIT DAM) (AKA NW RESERVOIR)",29,5,9
"2388",18634,"3F42001^^2971112E","WHITE SALMON VALY SD","WHITE SALMON VALLEY SD 405-17 (WHITE SALMON WA)",29,5,9
"2389",18635,"3F42001^^2971142E","STEVENSON-CARSON SD","STEVENSON-CARSON SCHOOL DISTRICT 303 (STEVENSON WA)",29,5,9
"2390",18636,"3F42001^^2971245E","TROUT LAKE SD 400","TROUT LAKE SCHOOL DISTRICT 400 (TROUT LAKE WA)",29,5,9
"2391",18637,"3F42001^^2972330E","COLUMBIA HS (WHITE S","COLUMBIA HIGH SCHOOL (WHITE SALMON WA)",29,5,9
"2392",18638,"3F42001^^2972682E","STEVENSON ES(STEVENS","STEVENSON ELEMENTARY SCHOOL (STEVENSON WA)",29,5,9
"2393",18639,"3F42001^^2972882E","CARSON ES (STEVENSON","CARSON ELEMENTARY SCHOOL (STEVENSON WA)",29,5,9
"2394",18640,"3F42001^^2972997E","WHITE SALMON ES(WHIT","WHITE SALMON ELEMENTARY (WHITE SALMON)",29,5,9
"2395",18641,"3F42001^^2973119E","STEVENSON HS(STEVENS","STEVENSON HIGH SCHOOL (STEVENSON WA)",29,5,9
"2396",18642,"3F42001^^2973394E","HENKLE MS(WHITE SALM","HENKLE MIDDLE SCHOOL (WHITE SALMON)",29,5,9
"2397",18643,"3F42001^^2973406E","MILL A SD (COOK)","MILL A SCHOOL DISTRICT (COOK WA)",29,5,9
"2398",18644,"3F42001^^2973800E","WIND R MS (STEVENSON","WIND RIVER MIDDLE SCHOOL (STEVENSON WA)",29,5,9
"2399",18645,"3F42001^^2978579E","SOLO SCHL (COOK)","SOLO SCHOOL (COOK WA)",29,5,9
"2400",18647,"3F42001^^30^^^^^H71","KLICKITAT & CHAMPION","KLICKITAT HATCHERY AND CHAMPION POND",30,5,NA
"2401",18653,"3F42001^^300002^H","KLICKITAT HATCHERY (YKFP)","KLICKITAT HATCHERY (YKFP)",30,5,9
"2402",18654,"3F42001^^300002^H01","KLICKITAT HATCHERY","KLICKITAT HATCHERY",30,5,NA
"2403",18667,"3F42001^^300106^H","GOLDENDALE HATCHERY","GOLDENDALE HATCHERY (SPRING CREEK)  (WDFW)",30,5,4
"2404",18689,"3F42001^^306008^H","GOLDENDALE FFA","GOLDENDALE FUTURE FARMERS OF AMERICA",30,5,9
"2405",18690,"3F42001^^306030^H","CHAMPION POND   (30)","CHAMPION POND",30,5,9
"2406",18691,"3F42001^^3071129E","GOLDENDALE SD 404","GOLDENDALE SCHOOL DISTRICT 404 (GOLDENDALE WA)",30,5,9
"2407",18692,"3F42001^^3071200E","LYLE SD 406 (LYLE)","LYLE SCHOOL DISTRICT 406 (LYLE WA)",30,5,9
"2408",18693,"3F42001^^3071221E","KLICKITAT SD","KLICKITAT SCHOOL DISTRICT (KLICKITAT WA)",30,5,9
"2409",18694,"3F42001^^3071244E","WISHRAM SD 94","WISHRAM SCHOOL DISTRICT 94 (WISHRAM WA)",30,5,9
"2410",18695,"3F42001^^3071246E","GLENWOOD SD 401","GLENWOOD SCHOOL DISTRICT 401/ (GLENWOOD WA)",30,5,9
"2411",18696,"3F42001^^3071281E","CENTERVILLE SD 215","CENTERVILLE SCHOOL DISTRICT 215 (CENTERVILLE WA)",30,5,9
"2412",18697,"3F42001^^3072677E","GOLDENDALE ES(GOLDEN","GOLDENDALE PRIMARY SCHOOL (GOLDENDALE WA)",30,5,9
"2413",18698,"3F42001^^3072856E","GOLDENDALE HS(GOLDEN","GOLDENDALE HIGH SCHOOL (GOLDENDALE WA)",30,5,9
"2414",18701,"3F42001^^3073393E","GOLDENDALE MS(GOLDEN","GOLDENDALE MIDDLE SCHOOL (GOLDENDALE WA)",30,5,9
"2415",18702,"3F42001^^3078379E","GOLDENDALE SDA SCHL","GOLDENDALE S.D.A. SCHOOL (GOLDENDALE WA)",30,5,9
"2416",18713,"3F42001^^310014^H","ROCK CR NET PENS","ROCK CR NET PENS",31,5,NA
"2417",18877,"3F42001^^3473068E","ST JOHN/ENDICOTT HS","ST. JOHN/ENDICOTT HIGH (ST JOHN)  (NOB HILL ACADEMY?)",34,5,9
"2418",21526,"3F551^11^N0RBJF^H01","MINERAL LK NET PEN","MINERAL LAKE NET PEN  (N0RBJF) LEWIS CO. T14N-R05E  WRIA=11 REG=5 ELEV=1430",11,5,NA
"2419",21560,"3F551^26^NS69KZ^R01","SWOFFORD PD (LEWI)","SWOFFORD PD  (NS69KZ) LEWIS CO. T12N-R03E  WRIA=26 REG=5 (IMMED. S OF RIFFE LK)",26,5,NA
"2420",23217,"5F33201^^H1^^^^^21","BONNEVILLE HATCHERY","BONNEVILLE HATCHERY",NA,5,NA
"2421",24142,"3F42001^^260002^H10","COWLITZ FALLS","COWLITZ FALLS FISH FACILITY",26,5,NA
"2422",24271,"3F42001^^^^^^^^^H","CRAMER FISH SCIENCE INC","ENVIRONMENTAL CONSULTING FIRM",NA,5,NA
"2423",24312,"3F42001^^280159^R02","WASHOUGAL RIVER FISH WEIR","WASHOUGAL RIVER FISH WEIR COUNTY CLARK",28,5,NA
"2424",24333,"3F42001^^27^^^^^H","SPEELYAI + MALINOWSKI","SPEELYAI HATCHERY AND MALINOWSKI PD",27,5,NA
"2425",24334,"3F42001^^270168^H03","LEWIS RIVER + MERWIN DAM FCF","LEWIS RIVER HATCHERY AND MERWIN DAM FISH COLLECTION FACILITY AT MERWIN DAM (LEWIS RIVER)",NA,5,NA
"2426",24346,"3F42001^^25^^^^^H","GRAYS RIVER WEIR","GRAYS RIVER WEIR",NA,5,NA
"2427",24348,"3F42001^^28^^^^^H","COLUMBIA SPRINGS COOP","COLUMBIA SPRINGS COOPERATIVE - NEW SCHOOL GROUP (VANCOURVER)",28,5,NA
"2428",24351,"3F42001^^28^^^^^R02","WASHOUGAL INTAKE TRAP","WASHOUGAL INTAKE TRAP",28,5,NA
"2429",24358,"3F42001^^270517^H01","MUDDY RIVER ACC POND","MUDDY RIVER ACCLIMATION POND COUNTY SKAMANIA",27,5,NA
"2430",24360,"3F42001^^270519^H","CLEAR CREEK ACC POND","CLEAR CREEK ACCLIMATION  POND COUNTY SKAMANIA",27,5,NA
"2431",24534,"3F42001^^25^^^^^H02","CATHLAMET CHANNEL NP","CATHLAMET CHANNEL NET PENS WAHKIAKUM COUNTY",25,5,NA
"2432",24609,"3F42001^^270411^H01","INDIAN GEORGE CRK RSI","INDIAN GEORGE CREEK RSI",NA,5,NA
"2433",24655,"3F42001^^260002^H09","MAYFIELD LK NET PENS","MAYFIELD LAKE NET PENS",NA,5,NA
"2434",24684,"3F^^^TEMP0024684","KLASKANINE HATCHERY (OR)","KLASKANINE HATCHERY (OR); NF KLASKANINE R",NA,5,NA
"2435",24685,"3F42001^^270579^H01","CRAB CREEK ACC POND","CRAB CREEK ACC POND, WRIA 27.0579",NA,5,NA
"2436",24693,"3F^^^TEMP0024693","CARSON DEPOT SPRINGS NFH","CARSON DEPOT SPRINGS NFH - USFWS HATCHERY CLOSE TO LITTLE WHITE SALMON NFH",NA,5,NA
"2437",24704,"3F42001^^2878976E","CRYOOCYTE INC.","CRYOOCYTE INC.",NA,5,NA
"2438",25909,"3F21802^^2378617E","ORIN SMITH ES","ORIN SMITH ES",23,5,NA
"2439",26932,"3F42001^^2571168E","JULIUS A WENDT ELEMENTARY SCHOOL","JULIUS A WENDT ELEMENTARY SCHOOL",25,5,NA
"2440",27944,"3F42001^^2678814E","LEXINGTON ELEMENTARY SCHOOL","LEXINGTON ELEMENTARY SCHOOL (COWLITZ COUNTY)",26,5,NA
"2441",28022,"3F42001^^250247^H02","BEAVER CREEK TRAP IN LADDER","BEAVER CREEK TRAP IN LADDER NEAR BEAVER CR HAT 3F42001  250247 H",25,5,NA
"2442",28023,"3F42001^^250247^H03","ELOCHOMAN SILL TRAP","ELOCHOMAN SILL TRAP  NEAR BEAVER CR HAT 3F42001  250247 H",25,5,NA
"2443",28077,"3F42001^^2671034E","TAMMY PARSONS- KELSO SD","TAMMY PARSONS- KELSO SD",26,5,NA
"2444",28107,"3F42001^^250093^H04","GRAYS R WEIR 4","GRAYS R WEIR 4",25,5,NA
"2445",20,"3F^^^^^^^^^^^^^^H70","ABERDEEN PEN +PUYALP","ABERDEEN NET PENS AND PUYALLUP TROUT HATCHERY ON CLARKS CR",NA,6,NA
"2446",25,"3F^^^^^^^^^^^^^^H85","TROUT UNLIMITED","TROUT UNLIMITED  (GENERAL)",NA,6,NA
"2447",182,"3F^6^^^^^^^^^^^^E","REG 6 ED COOPS","WASHINGTON REGION 6 EDUACATIONAL COOPS -UNSPECIFIED",NA,6,NA
"2448",235,"3F2^^^^^^^^^^^^^H07","RFEG 7 NORTH OLYMPIC","WASHINGTON REGIONAL ENHANCEMENT GROUP 7 - NORTH OLYMPIC",NA,6,NA
"2449",236,"3F1^^^^^^^^^^^^^H10","ASHLEY CR STLHD HATC","ASHLEY CR HATCHERY (UNKNOWN LOCATION OF STLHD HATCHERY SOMEWHERE IN PUGET SOUND)",NA,6,NA
"2450",7031,"3F10409^^150326^H","COPPER CR COOP 15.0326","COPPER CR COOP - ENHANCEMENT (15.0326) KITSAP COUNTY",15,6,NA
"2451",7034,"3F10409^^150350^H","LITTLE BOSTON CR HAT","LITTLE BOSTON CREEK HATCHERY  (PORT GAMBLE TRIBE)",15,6,NA
"2452",7048,"3F10409^^156000^H99","PORT GAMBLE OUTPLANT","PORT GAMBLE TRIBE OUTPLANTING PROGRAM",15,6,NA
"2453",7049,"3F10412^^^^^^^^^H06","RFEG 6 HOOD CANAL","WASHINGTON REGIONAL ENHANCEMENT GROUP 6 HOOD CANAL",NA,6,9
"2454",7075,"3F10412^^146010^H","NWSSC - MASON COUNTY","NORTHWEST STEELHEADERS - MASON COUNTY",14,6,9
"2455",7076,"3F10412^^146020^H","PETER GRIMM PROJECT","PETER GRIMM PROJECT",14,6,9
"2456",7077,"3F10412^^146021^H","CLIFF MULBERG PROJ","CLIFF MULBERG PROJECT NEAR TWANOH (WAS: DAVID KOOPMAN PROJ)",14,6,9
"2457",7078,"3F10412^^146027^H","JOANNE SCHMITZ PROJ","JOANNE SCHMITZ PROJECT NEAR UNION WA",14,6,9
"2458",7079,"3F10412^^146029^H","AGATE FISH ENHANCE","AGATE FISH ENHANCE",14,6,9
"2459",7080,"3F10412^^146035^H","SMALL FRY PRODUCTION","SMALL FRY PRODUCTIONS",14,6,9
"2460",7088,"3F10412^^150366^H","SPRING  CR COOP","SPRING CREEK COOP TRIBUTARY (LB)",15,6,NA
"2461",7100,"3F10412^^150377^H","LTL ANDERSON CR PROJ","LITTLE ANDERSON CREEK PROJECT",15,6,NA
"2462",7113,"3F10412^^150389^H","BIG BEEF CR HATCHERY","BIG BEEF CREEK HATCHERY  - UW FISHERIES RESEARCH INSTITUTE",15,6,NA
"2463",7114,"3F10412^^150389^R","BIG BEEF CR  15.0389","BIG BEEF CREEK",15,6,NA
"2464",7139,"3F10412^^150412^H","ANDERSON CR COOP(15)","ANDERSON CREEK COOPERATIVE (HOOD CANAL)",15,6,9
"2465",7147,"3F10412^^150419^H","CHINOM PT LAND PROJ","CHINOM POINT LAND COMPANY VOLUNTEER PROJECT ON CHINOM CREEK",15,6,9
"2466",7181,"3F10412^^150446^H03","ALLEN SPRINGS-TAHUYA","ALLEN SPRINGS REARING POND - TAHUYA RIVER (SETION 23 T22N)HOOD CANAL REG",15,6,9
"2467",7234,"3F10412^^150493^H","BELFAIR STATE PARK","BELFAIR STATE PARK PROJECT ON LITTLE MISSION CREEK",15,6,9
"2468",7247,"3F10412^^150503^H01","HUSON POND PROJECT","HUSON POND PROJECT ON UNION RIVER",15,6,9
"2469",7252,"3F10412^^150504^H","SWEETWATER CR PROJ","SWEETWATER CR PROJECT",15,6,9
"2470",7272,"3F10412^^156004^H","DAVE DELONG PROJECT","DAVE DELONG PROJECT - LOFALL WA",15,6,9
"2471",7273,"3F10412^^156052^H","MARKER PROJECT","MARKER PROJECT",15,6,9
"2472",7274,"3F10412^^156054^H","EDGEWATER BEACH","EDGEWATER BEACH",15,6,9
"2473",7275,"3F10412^^156064^H","CAMP LYLE MCLEOD","CAMP LYLE MCLEOD",15,6,9
"2474",7276,"3F10412^^156083^H","BANGOR NAVAL BASE","BANGOR NAVAL BASE",15,6,NA
"2475",7277,"3F10412^^1571149E","NORTH MASON SD 403","NORTH MASON SCHOOL DISTRICT 403 (BELFAIR WA)",15,6,9
"2476",7278,"3F10412^^1572662E","BELFAIR ES","BELFAIR ELEMENTARY (BELFAIR)",15,6,9
"2477",7279,"3F10412^^1573045E","SEABECK ES (SEABECK)","SEABECK ELEMENTARY (SEABECK WA)",15,6,9
"2478",7280,"3F10412^^1573174E","HAWKINS MS (BELFAIR)","HAWKINS MIDDLE SCHOOL (BELFAIR WA)",15,6,9
"2479",7281,"3F10412^^1573175E","NORTH MASON HS(BELFA","NORTH MASON SENIOR HIGH SCHOOL (BELFAIR WA)",15,6,9
"2480",7282,"3F10412^^1573395E","MISSION CR YOUTH CAM","MISSION CREEK YOUTH CAMP (BELFAIR WA)",15,6,9
"2481",7283,"3F10412^^1574320E","SAND HILL ES(BELFAIR","SAND HILL ELEMENTARY (BELFAIR)",15,6,9
"2482",7284,"3F10412^^1578666E","BELFAIR CHRISTIAN","BELFAIR CHRISTIAN SCHOOL (BELFAIR, WA)",15,6,9
"2483",7294,"3F10412^^160001^H05","RICKS PD (LLTK)","RICKS POND AT RM 3.5 OF SKOKOMISH RIVER  (LLTK) (AKA ENDICOTT PD) (PREV MISCITED AS RM 0.5) ",16,6,NA
"2484",7310,"3F10412^^160005^H","GEORGE ADAMS HATCHERY","GEORGE ADAMS HATCHERY - HUNTER SPRINGS - PURDY CREEK",16,6,12
"2485",7314,"3F10412^^160006^H","MCKERNAN HATCHERY","MCKERNAN HATCHERY  - WEAVER CREEK",16,6,12
"2486",7317,"3F10412^^160007^H","EELLS SPRINGS","EELLS SPRINGS HATCHERY (FORMERLY: SHELTON STEELHEAD HATCHERY)",16,6,12
"2487",7532,"3F10412^^160217^H","ENETAI HATCHERY","ENETAI HATCHERY  (SKOKOMISH TRIBE)",16,6,NA
"2488",7539,"3F10412^^160222^H","HOODSPORT HATCHERY","HOODSPORT HATCHERY (FORMERLY: HOOD CANAL HATCHERY) -FINCH CREEK",16,6,12
"2489",7549,"3F10412^^160230^H","LONGLVKINGS-LILLIWAP","LONG LIVE THE KINGS FACILITY ON LILLIWAUP CREEK",16,6,9
"2490",7581,"3F10412^^160253^H10","JOHN CR HCSEG/LLTK","HAMMA CONSERVANCY ON JOHN CREEK (10 ACRES OF SPRINGS & 2 CHINOOK PONDS)",16,6,9
"2491",7686,"3F10412^^160355^H01","DUCKABUSH PONDS REG6","DUCKABUSH PONDS ON JOHNSON CR (DUCKABUSH R TRIB) WREG 6",16,6,NA
"2492",7897,"3F10412^^166019^H","MASON MS #2 (?)","MASON MIDDLE SCHOOL (?)",16,6,9
"2493",7898,"3F10412^^166025^H","JERRY MANUEL PROJECT","JERRY MANUEL PROJECT EAGLE CR HOOD CANAL",16,6,9
"2494",7899,"3F10412^^166035^H","TODD FLOYD PROJECT","TODD FLOYD PROJECT",16,6,9
"2495",7900,"3F10412^^1671279E","BRINNON SD 046","BRINNON SCHOOL DISTRICT 046 (BRINNON WA)",16,6,9
"2496",7912,"3F10412^^170012^H","QUILCENE NFH","QUILCENE NATIONAL FISH HATCHERY  (USFWS)",17,6,NA
"2497",8033,"3F10412^^170129^H33","TARBOO CR RSI17.0129","TARBOO CREEK REMOTE SITE INCUBATOR",17,6,NA
"2498",8096,"3F10412^^1771225E","QUILCENE SD 48","QUILCENE SCHOOL DISTRICT 48 (QUILCENE WA)",17,6,9
"2499",8097,"3F10412^^1772474E","QUILCENE HS ES(QUILC","QUILCENE HIGH AND ELEMENTARY (QUILCENE WA)",17,6,9
"2500",8999,"3F10510^^0878032E","CONCORDIA LUTH SCHL","CONCORDIA LUTHERAN SCHOOL (SEATTLE WA)",8,6,9
"2501",9573,"3F10510^^0972567E","PANTHER LK ES (FEDE","PANTHER LAKE ELEMENTARY (FEDERAL WAY)",9,6,9
"2502",9777,"3F10510^^150216^H","GORST CR REARING PND","GORST CREEK REARING PONDS (SUQUAMISH TRIBE (COOP))",15,6,NA
"2503",9778,"3F10510^^150216^H01","GORST CR CHUM PROGRM","GORST CREEK CHUM PROGRAM SITE  (SUQUAMISH TRIBE)",15,6,NA
"2504",9779,"3F10510^^150216^H02","GORST CR REAR.POND-1","GORST CREEK REARING PONDS -POND 1 (SUQUAMISH TRIBE - COOP)",15,6,NA
"2505",9780,"3F10510^^150216^H03","GORST CR REAR.POND-2","GORST CREEK REARING PONDS -POND 2 (SUQUAMISH TRIBE - COOP)",15,6,NA
"2506",9825,"3F10510^^150249^H","CLEAR CR HATCHERY-15","CLEAR CREEK HATCHERY  (SUQUAMISH TRIBE)",15,6,NA
"2507",9829,"3F10510^^150252^H","CLEARBROOK INN EGGBX","CLEARBROOK INN CHUM EGG BOXES ON CLEAR CR TRIB 15.0252",15,6,9
"2508",9833,"3F10510^^150255^R","BARKER CR    15.0255","BARKER CREEK   (TRIB DRAINS INTO DYES INLET)",15,6,NA
"2509",9864,"3F10510^^150285^H","WEBSTER'S HATCHERY","WEBSTER'S HATCHERY ON DOGFISH CREEK  (SUQUAMISH TRIBE)",15,6,9
"2510",9865,"3F10510^^150285^H01","DOVE POND PROJECT","DOVE POND PROJECT ON DOGFISH CREEK",15,6,NA
"2511",9880,"3F10510^^150298^H","COWLING CR HATCHERY","COWLING CREEK HATCHERY  (SUQUAMISH TRIBE)",15,6,NA
"2512",9884,"3F10510^^150299^H","GROVERS CR HATCHERY","GROVERS CREEK HATCHERY (SUQUAMISH TRIBE)",15,6,NA
"2513",9926,"3F10510^^156000^H","WATER/VASHON ECO(15)","WATER/VASHON ECO",15,6,9
"2514",9927,"3F10510^^156000^H99","SUQUAMISH TRIBE-OUTP","SUQUAMISH TRIBE OUTPLANTING PROGRAM",15,6,NA
"2515",9928,"3F10510^^156003^H","KITSAP MEM ST PARK","KITSAP MEMORIAL STATE PARK  PAULSBO",15,6,9
"2516",9929,"3F10510^^156010^H","BAINBRIDGE IS SCOUTS","BAINBDG SCOUT",15,6,9
"2517",9930,"3F10510^^156013^H","TIM BALTZ (MOSER CR)","TIM BALTZ (MOSER CR)",15,6,NA
"2518",9932,"3F10510^^156020^H","BAINBRIDGE I STREAMS","BAINBRIDGE ISLAND STREAMS   (MANITOU?)",15,6,9
"2519",9933,"3F10510^^156025^H","DONALD KELLEY PROJ.","DONALD KELLEY PROJECT",15,6,9
"2520",9935,"3F10510^^156031^H","CLEAR CREEK COUNCIL","CLEAR CREEK COUNCIL (COOP)",15,6,9
"2521",9936,"3F10510^^156032^H","SCANDIA WATER","SCANDIA WATER",15,6,NA
"2522",9937,"3F10510^^156038^H","PORT ORCHARD ROTARY","PORT ORCHARD ROTARY",15,6,NA
"2523",9938,"3F10510^^156095^H","N KITSAP SALMON CLUB","N KITSAP SALMON CLUB (AKA NORTH KITSAP PUGET SOUND ANGLERS CLUB) (AKA NKPSA)",15,6,9
"2524",9939,"3F10510^^156097^H","COVE TROUT FARM","COVE TROUT FARM",15,6,NA
"2525",9940,"3F10510^^156220^H","NWSSC - BREMERTON","NORTHWEST STEELHEADERS - BREMERTON",15,6,9
"2526",9941,"3F10510^^1570114E","OLYMPIC ESD 114(BREM","OLYMPIC ESD 114 (BREMERTON WA)",15,6,9
"2527",9942,"3F10510^^1571037E","KITSAP LAKE ES(BREME","KITSAP LAKE ELEMENTARY (BREMERTON WA)",15,6,9
"2528",9943,"3F10510^^1571038E","SOUTH KITSAP SD 402","SOUTH KITSAP SCHOOL DISTRICT 402 (PORT ORCHARD WA)",15,6,9
"2529",9944,"3F10510^^1571067E","NORTH KITSAP SD 400","NORTH KITSAP SCHOOL DISTRICT 400 (POULSBO WA)",15,6,9
"2530",9945,"3F10510^^1571068E","CENTRAL KITSAP SD401","CENTRAL KITSAP SCHOOL DISTRICT 401 (SILVERDALE WA)",15,6,9
"2531",9946,"3F10510^^1571080E","BAINBRIDGE IS SD 303","BAINBRIDGE ISLAND SCHOOL DISTRICT 303 (BAINBRIDGE ISL WA)",15,6,9
"2532",9947,"3F10510^^1571517E","HOMEBOUND(PORT ORCHA","HOMEBOUND (PORT ORCHARD WA)",15,6,9
"2533",9948,"3F10510^^1571562E","SPECTRUM COMMUNITY","SPECTRUM COMMUNITY SCHOOL (KINGSTON WA)",15,6,9
"2534",9949,"3F10510^^1572026E","POULSBO ES (POULSBO)","POULSBO ELEMENTARY SCHOOL (POULSBO WA)",15,6,9
"2535",9950,"3F10510^^1572272E","SOUTH KITSAP HS (POR","SOUTH KITSAP HIGH SCHOOL (PORT ORCHARD WA)",15,6,9
"2536",9951,"3F10510^^1572395E","BAINBRIDGE HS","BAINBRIDGE HIGH SCHOOL (BAINBRIDGE ISLAND)",15,6,9
"2537",9952,"3F10510^^1572476E","POULSBO JHS (POULSBO","POULSBO JUNIOR HIGH (POULSBO WA)",15,6,9
"2538",9953,"3F10510^^1572613E","WEST HILLS ES(BREMER","WEST HILLS ELEMENTARY (BREMERTON WA)",15,6,9
"2539",9954,"3F10510^^1572615E","CENTRAL KITSAP HS","CENTRAL KITSAP HIGH SCHOOL (SILVERDALE WA)",15,6,9
"2540",9955,"3F10510^^1572628E","JENNE-WRIGHT ES(SILV","JENNE-WRIGHT ELEMENTARY (SILVERDALE WA)",15,6,9
"2541",9956,"3F10510^^1572641E","EAST PORT ORCHARD ES","EAST PORT ORCHARD ELEMENTARY (PORT ORCHARD)",15,6,9
"2542",9957,"3F10510^^1572647E","OLYMPIC VIEW ES(BREM","OLYMPIC VIEW ELEMENTARY (BREMERTON WA)",15,6,9
"2543",9958,"3F10510^^1572648E","BREMERTON JHS(BREMER","BREMERTON JR HIGH (BREMERTON WA)",15,6,9
"2544",9959,"3F10510^^1572649E","TRACYTON ES(BREMERTO","TRACYTON ELEMENTARY (BREMERTON WA)",15,6,9
"2545",9960,"3F10510^^1572650E","ORCHARD HEIGHTS ES(P","ORCHARD HEIGHTS ELEMENTARY (PORT ORCHARD WA)",15,6,9
"2546",9961,"3F10510^^1572798E","DAVID WOLFLE ES(KING","DAVID WOLFLE ELEMENARY (KINGSTON WA)",15,6,9
"2547",9962,"3F10510^^1572852E","WARREN G MAGNUSON CS","WARREN G MAGNUSON COMMUNITY SCHOOL (BREMERTON WA)",15,6,9
"2548",9963,"3F10510^^1572853E","VIEW RIDGE ES (BREME","VIEW RIDGE ELEMENTARY SCHOOL (BREMERTON WA)",15,6,9
"2549",9964,"3F10510^^1572854E","HILDER PEARSON ES(PO","HILDER PEARSON ELEMENTARY (POULSBO WA)",15,6,9
"2550",9965,"3F10510^^1572994E","BROWNSVILLE ES (BREM","BROWNSVILLE ELEMENTARY (BREMERTON WA)",15,6,9
"2551",9966,"3F10510^^1573043E","CAPTAIN CHARLES WILK","CAPTAIN CHARLES WILKES ELEMENTARY (BAINBRIDGE ISLAND WA)",15,6,9
"2552",9967,"3F10510^^1573044E","COMMODORE BAINBRIDGE","COMMODORE BAINBRIDGE MIDDLE SCHOOL (BAINBRIDGE ISLAND WA)",15,6,9
"2553",9968,"3F10510^^1573046E","MARCUS WHITMAN JHS","MARCUS WHITMAN JUNIOR HIGH (PORT ORCHARD WA)",15,6,9
"2554",9969,"3F10510^^1573108E","CROWNHILL ES(BREMERT","CROWNHILL ELEMENTARY SCHOOL (BREMERTON WA)",15,6,9
"2555",9970,"3F10510^^1573109E","BREMERTON HS (BREMER","BREMERTON HIGH SCHOOL (BREMERTON WA)",15,6,9
"2556",9971,"3F10510^^1573110E","SOUTH COLBY ES (PORT","SOUTH COLBY ELEMENTARY (PORT ORCHARD WA)",15,6,9
"2557",9972,"3F10510^^1573171E","NAVAL AVENUE ES (BRE","NAVAL AVENUE ELEMENTARY SCHOOL (BREMERTON WA)",15,6,9
"2558",9973,"3F10510^^1573236E","NORTH KITSAP HS(POUL","NORTH KITSAP HIGH SCHOOL (POULSBO WA)",15,6,9
"2559",9974,"3F10510^^1573237E","CENTRAL KITSAP JHS","CENTRAL KITSAP JUNIOR HIGH (SILVERDALE WA)",15,6,9
"2560",9975,"3F10510^^1573391E","SUQUAMISH ES","SUQUAMISH ELEMENTARY SCHOOL (SUQUAMISH)",15,6,9
"2561",9976,"3F10510^^1573552E","CAPTAIN BLAKELY ES","CAPTAIN JOHNSTON BLAKELY ELEMENTARY (BAINBRIDGE ISL)",15,6,9
"2562",9977,"3F10510^^1573594E","JACKSON PARK ES(BREM","JACKSON PARK ELEMENTARY (BREMERTON WA)",15,6,9
"2563",9978,"3F10510^^1573595E","MADRONA HEIGHTS WING","MADRONA HEIGHTS WING (PORT ORCHARD WA)",15,6,9
"2564",9979,"3F10510^^1573641E","ARMIN JAHR ES(BREMER","ARMIN JAHR ELEMENTARY (BREMERTON WA)",15,6,9
"2565",9980,"3F10510^^1573680E","CEDAR HEIGHTS JHS(PO","CEDAR HEIGHTS JUNIOR HIGH (PORT ORCHARD WA)",15,6,9
"2566",9981,"3F10510^^1573791E","FAIRVIEW JHS SILVERD","FAIRVIEW JUNIOR HIGH SCHOOL (SILVERDALE WA)",15,6,9
"2567",9982,"3F10510^^1573883E","MORGAN CENTER SCHL","MORGAN CENTER SCHOOL (BREMERTON WA)",15,6,9
"2568",9983,"3F10510^^1573899E","SOUTH KITSAP ALT HS","SOUTH KITSAP ALTERNATIVE HIGH (PORT ORCHARD WA)",15,6,9
"2569",9984,"3F10510^^1573936E","ALT HS (SILVERDALE)","ALTERNATIVE HIGH SCHOOL (SILVERDALE WA)",15,6,9
"2570",9985,"3F10510^^1574014E","COTTONWOOD ES(BREMER","COTTONWOOD ELEMENTARY SCHOOL (BREMERTON WA)",15,6,9
"2571",9986,"3F10510^^1574015E","ESQUIRE HILLS ES(BRE","ESQUIRE HILLS ELEMENTARY (BREMERTON WA)",15,6,9
"2572",9987,"3F10510^^1574016E","CLEAR CR ES (SILVERD","CLEAR CREEK ELEMENTARY SCHOOL (SILVERDALE WA)",15,6,9
"2573",9989,"3F10510^^1574038E","KITSAP PENINSULA VOC","KITSAP PENINSULA VOC SKLLS CENTER (BREMERTON WA)",15,6,9
"2574",9990,"3F10510^^1574062E","ORDWAY ES (BAINBRIDG","ORDWAY ELEMENTARY SCHOOL (BAINBRIDGE ISL WA)",15,6,9
"2575",9991,"3F10510^^1574079E","MANCHESTER ES (PORT","MANCHESTER ELEMENTARY (PORT ORCHARD WA)",15,6,9
"2576",9992,"3F10510^^1574100E","OLYMPIC HS(SILVERDAL","OLYMPIC HIGH SCHOOL (SILVERDALE)",15,6,9
"2577",9993,"3F10510^^1574101E","SILVERDALE ES(SILVER","SILVERDALE ELEMENTARY (SILVERDALE WA)",15,6,9
"2578",9994,"3F10510^^1574135E","WOODLANDS ES (BREMER","WOODLANDS ELEMENTARY (BREMERTON WA)",15,6,9
"2579",9995,"3F10510^^1574141E","SUNNYSLOPE ES(PORT O","SUNNYSLOPE ELEMENTARY (PORT ORCHARD WA)",15,6,9
"2580",9996,"3F10510^^1574142E","JOHN SEDGWICK JHS(PO","JOHN SEDGWICK JUNIOR HIGH (PORT ORCHARD)",15,6,9
"2581",9997,"3F10510^^1574249E","RIDGETOP JHS(SILVERD","RIDGETOP JUNIOR HIGH (SILVERDALE WA)",15,6,9
"2582",9998,"3F10510^^1574341E","COUGAR VALLEY ES(SIL","COUGAR VALLEY ELEMENTARY (SILVERDALE WA)",15,6,9
"2583",9999,"3F10510^^1574348E","HIDDEN CR ES(PORT OR","HIDDEN CREEK ELEMENTARY (PORT ORCHARD  WA)",15,6,9
"2584",10000,"3F10510^^1574349E","SIDNEY GLEN ES (PORT","SIDNEY GLEN ELEMENTARY (PORT ORCHARD )",15,6,9
"2585",10001,"3F10510^^1574350E","MULLENIX RIDGE ES(PO","MULLENIX RIDGE ELEMENTARY (PORT ORCHARD  WA)",15,6,9
"2586",10002,"3F10510^^1574358E","BREIDABLIK ES(POULSB","BREIDABLIK ELEMENTARY (POULSBO WA)",15,6,9
"2587",10003,"3F10510^^1574359E","KINGSTON JHS (KINGST","KINGSTON JUNIOR HIGH (KINGSTON WA)",15,6,9
"2588",10004,"3F10510^^1574372E","SILVER RIDGE ES(SILV","SILVER RIDGE ELEMENTARY (SILVERDALE WA)",15,6,9
"2589",10005,"3F10510^^1574393E","GREEN MOUNTAIN ES(BR","GREEN MOUNTAIN ELEMENTARY (BREMERTON WA)",15,6,9
"2590",10006,"3F10510^^1574441E","MT VIEW MS(BREMERTON","MOUNTAIN VIEW MIDDLE SCHOOL (BREMERTON WA)",15,6,9
"2591",10007,"3F10510^^1574444E","EMERALD HEIGHTS ES","EMERALD HEIGHTS ELEMENTARY (SILVERDALE WA)",15,6,9
"2592",10008,"3F10510^^1574461E","VINLAND ES (POULSBO)","VINLAND ELEMENTARY (POULSBO WA)",15,6,9
"2593",10009,"3F10510^^1574467E","RICHARD GORDON ES(KI","RICHARD GORDON ELEMENTARY (KINGSTON WA)",15,6,9
"2594",10010,"3F10510^^1578114E","KITSAP SDA SCHOOL","KITSAP S.D.A. SCHOOL (BREMERTON WA)",15,6,9
"2595",10011,"3F10510^^1578115E","OUR LADY STAR OF SEA","OUR LADY STAR OF THE SEA SCHOOL (BREMERTON WA)",15,6,9
"2596",10012,"3F10510^^1578341E","CHRIST THE KING ACAD","CHRIST THE KING ACADEMY (POULSBO WA)",15,6,9
"2597",10013,"3F10510^^1578367E","KINGS WEST SCHL(BRE","KING'S WEST SCHOOL (BREMERTON WA)",15,6,9
"2598",10014,"3F10510^^1578373E","BETHANY LUTH ES(PORT","BETHANY LUTHERAN ELEMENTARY SCHOOL (PORT ORCHARD WA)",15,6,9
"2599",10015,"3F10510^^1578374E","SO KITSAP CHRISTIAN","SOUTH KITSAP CHRISTIAN SCHOOL (PORT ORCHARD)",15,6,9
"2600",10016,"3F10510^^1578487E","IS SCHL (ROLLING BAY","ISLAND SCHOOL (ROLLING BAY WA)",15,6,9
"2601",10017,"3F10510^^1578551E","SOUTH KITSAP MONTESS","SOUTH KITSAP MONTESSORI SCHOOL (PORT ORCHARD WA)",15,6,9
"2602",10018,"3F10510^^1578613E","PEACE LUTH SCHL(BREM","PEACE LUTHERAN SCHOOL (BREMERTON WA)",15,6,9
"2603",10019,"3F10510^^1578681E","SYLVAN WAY CHRISTIAN","SYLVAN WAY CHRISTIAN SCHOOL (BREMERTON WA)",15,6,9
"2604",10020,"3F10510^^1578773E","CHRIST THE KING(BREM","CHRIST THE KING LUTHERAN SCHOOL (BREMERTON WA)",15,6,9
"2605",10021,"3F10510^^1578816E","SILVERWOOD SCHL(SILV","SILVERWOOD SCHOOL (SILVERDALE WA)",15,6,9
"2606",10022,"3F10510^^1578874E","POULSBO SDA SCHOOL","POULSBO S.D.A. SCHOOL (POULSBO WA)",15,6,9
"2607",10023,"3F10510^^1578888E","MONTESSORI COUNTRY S","MONTESSORI COUNTRY SCHOOL (BAINBRIDGE ISLAND WA)",15,6,9
"2608",10024,"3F10510^^1578927E","BAINBRIDGE CHRIST SC","BAINBRIDGE CHRISTIAN SCHOOL (BAINBRIDGE ISLAND WA)",15,6,9
"2609",10025,"3F10510^^1578968E","HYLA MS(BAINBRIDGE I","HYLA MIDDLE SCHOOL (BAINBRIDGE ISLAND WA)",15,6,9
"2610",10061,"3F10511^^10^^^^^H","PUYALLUP FAIR","PUYALLUP FAIR",10,6,NA
"2611",10062,"3F10511^^10^^^^^H01","PUYALLUP + VOIGHTS CR","PUYALLUP HATCHERY  AND VOIGHT CR HATCHERY",10,6,NA
"2612",10079,"3F10511^^100009^H02","SURPRISE LAKE PROJ","SURPRISE LAKE PROJECT (TRIB TO HYLEBOS CR TRIB 10.0009)",10,6,9
"2613",10094,"3F10511^^100021^H46","COWSKULL ACCLIM POND","COWSKULL ACCLIMATION POND ON LB OF PUYALLUP R AT ~RM 45.6 (PUYALLUP TRIBE)",10,6,9
"2614",10106,"3F10511^^100027^H","PUYALLUP HATCHERY","PUYALLUP TROUT HATCHERY  ON CLARKS CREEK  -WDFW",10,6,11
"2615",10107,"3F10511^^100027^H01","CLARKS CRK HATCHERY","CLARKS CREEK HATCHERY (PUYALLUP TRIBE)",10,6,NA
"2616",10112,"3F10511^^100029^H","PUYALLUP TRIBAL HATCHERY","PUYALLUP TRIBAL HATCHERY (DIRU CR)",10,6,NA
"2617",10116,"3F10511^^100031^H01","WHITE RIVER HATCHERY","WHITE RIVER HATCHERY (MUCKLESHOOT TRIBE)",10,6,NA
"2618",10117,"3F10511^^100031^H02","WHITE RIVER ACCL POND","WHITE RIVER HATCHERY ACCLIMATION POND (MUCKLESHOOT TRIBE)",10,6,NA
"2619",10170,"3F10511^^100080^H02","CLEARWATER R RRNG PD","CLEARWATER RIVER REARING POND",10,6,9
"2620",10173,"3F10511^^100080ZH02","CLEARWATER + CRIPPLE","CLEARWATER RIVER REARING POND AND CRIPPLE CREEK REARING POND",10,6,NA
"2621",10180,"3F10511^^100086^H02","CRIPPLE CR REARNG PD","CRIPPLE CREEK REARING POND  (PUYALLUP AND MUCKLESHOOT TRIBES)",10,6,NA
"2622",10219,"3F10511^^100122^R01","GREENWATER ACCLIMATION PD","GREENWATER ACCLIMATION POND",10,6,NA
"2623",10351,"3F10511^^100253^H02","HUCKLEBERRY C RRNG P-ARMY","HUCKLEBERRY CREEK REARING POND",10,6,NA
"2624",10352,"3F10511^^100253^H03","HUCKLEBERRY C RRNG P-AERI","HUCKLEBERRY CREEK REARING POND - AERIAL",10,6,NA
"2625",10521,"3F10511^^100414^H","VOIGHTS CR HATCHERY","VOIGHTS CR HATCHERY (FORMERLY: PUYALLUP HATCHERY 0N VOIGHT CR)",10,6,11
"2626",10714,"3F10511^^100600^H04","KAPOWSIN LK NET PENS","KAPOWSIN LAKE NET PENS",10,6,NA
"2627",10743,"3F10511^^100624^H01","MOWICH R ACCLIM POND","MOWICH RIVER ACCLIMATION POND ON LB NEAR MOUTH OF MOWICH R (PUYALLUP TRIBE)",10,6,NA
"2628",10746,"3F10511^^100625^H01","RUSHINGWATER AC POND","RUSHINGWATER ACCLIMATION POND RB ON RUSHINGWATER CR AT ~RM 0.5(PUYALLUP TRIBE)",10,6,NA
"2629",10852,"3F10511^^106000^H99","PUYALLUP TRIBE-OUTPL","PUYALLUP TRIBE OUTPLANTING PROGRAM",10,6,9
"2630",10853,"3F10511^^106001^H","ORTING COOP","ORTING COOP   (BRADLEY CREEK)",10,6,9
"2631",10854,"3F10511^^106005^H","CITY OF TACOMA","CITY OF TACOMA",10,6,9
"2632",10855,"3F10511^^106042^H","ROGERS HS FFA","ROGERS HS FUTURE FARMERS OF AMERICA",10,6,9
"2633",10856,"3F10511^^106045^H","TWIN LKS CC","TWIN LAKES CC",10,6,9
"2634",10857,"3F10511^^106052^H","SUNFIRE II  (MILTON)","SUNFIRE II  (MILTON)",10,6,9
"2635",10858,"3F10511^^1071005E","TACOMA SD 10(TACOMA)","TACOMA SCHOOL DISTRICT 10 (TACOMA WA)",10,6,9
"2636",10859,"3F10511^^1071028E","PUYALLUP SD 3","PUYALLUP SCHOOL DISTRICT 3 (PUYALLUP WA)",10,6,9
"2637",10860,"3F10511^^1071060E","SUMNER SD #320","SUMNER SCHOOL DISTRICT #320 (SUMNER WA)",10,6,9
"2638",10861,"3F10511^^1071077E","ENUMCLAW SD 216","ENUMCLAW SCHOOL DISTRICT 216 (ENUMCLAW WA)",10,6,9
"2639",10862,"3F10511^^1071081E","FIFE SD 417 (TACOMA)","FIFE SCHOOL DISTRICT 417 (TACOMA WA)",10,6,9
"2640",10863,"3F10511^^1071107E","WHITE R SD 416(BUCKL","WHITE RIVER SCHOOL DISTRICT 416 (BUCKLEY WA)",10,6,9
"2641",10864,"3F10511^^1071139E","ORTING SD (ORTING)","ORTING SCHOOL DISTRICT 344 (ORTING)",10,6,9
"2642",10865,"3F10511^^1071257E","DIERINGER SD 343(SUM","DIERINGER SCHOOL DISTRICT 343 (SUMNER WA)",10,6,9
"2643",10866,"3F10511^^1071289E","CARBONADO SD 19(CARB","CARBONADO SCHOOL DISTRICT 19 (CARBONADO WA)",10,6,9
"2644",10867,"3F10511^^1071544E","COLLINS HS (BUCKLEY)","COLLINS HIGH SCHOOL (BUCKLEY WA)",10,6,9
"2645",10868,"3F10511^^1072083E","WASHINGTON ES(TACOMA","WASHINGTON ELEMENTARY (TACOMA WA)",10,6,9
"2646",10869,"3F10511^^1072084E01","STADIUM HS (TACOMA)","STADIUM HIGH SCHOOL (TACOMA)",10,6,9
"2647",10870,"3F10511^^1072084E02","STADIUM HS EGG BOX","STADIUM HIGH SCHOOL EGG BOX (TACOMA)",10,6,9
"2648",10871,"3F10511^^1072094E","ROGERS ES (TACOMA)","ROGERS ELEMENTARY (TACOMA)",10,6,9
"2649",10872,"3F10511^^1072102E","MCKINLEY ES (TACOMA)","MCKINLEY ELEMENTARY (TACOMA WA)",10,6,9
"2650",10873,"3F10511^^1072103E","JEFFERSON ES(TACOMA)","JEFFERSON ELEMENTARY SCHOOL (TACOMA WA)",10,6,9
"2651",10874,"3F10511^^1072125E","PUYALLUP HS(PUYALLUP","PUYALLUP HIGH SCHOOL (PUYALLUP WA)",10,6,9
"2652",10875,"3F10511^^1072149E","WHITE R MS (BUCKLEY)","WHITE RIVER MIDDLE SCHOOL (BUCKLEY WA)",10,6,9
"2653",10876,"3F10511^^1072168E","SHERIDAN ES (TACOMA)","SHERIDAN ELEMENTARY SCHOOL (TACOMA)",10,6,9
"2654",10877,"3F10511^^1072169E","POINT DEFIANCE ES(TA","POINT DEFIANCE ELEMENTARY (TACOMA WA)",10,6,9
"2655",10878,"3F10511^^1072190E","ELK RIDGE ES(BUCKLEY","ELK RIDGE ELEMENTARY (BUCKLEY WA)",10,6,9
"2656",10879,"3F10511^^1072247E","NORTHEAST TACOMA ES","NORTHEAST TACOMA ELEMENTARY (TACOMA WA)",10,6,9
"2657",10880,"3F10511^^1072275E","ROOSEVELT ES(TACOMA)","ROOSEVELT ELEMENTARY SCHOOL (TACOMA WA)",10,6,9
"2658",10881,"3F10511^^1072311E","STEWART ES (PUYALLUP","STEWART ELEMENTARY (PUYALLUP WA)",10,6,9
"2659",10882,"3F10511^^1072334E","MEEKER ES (PUYALLUP)","MEEKER ELEMENTARY SCHOOL (PUYALLUP WA)",10,6,9
"2660",10883,"3F10511^^1072336E","LYON ES (TACOMA)","LYON ELEMENTARY (TACOMA WA)",10,6,9
"2661",10884,"3F10511^^1072338E","JASON LEE MS (TACOMA","JASON LEE MIDDLE SCHOOL (TACOMA WA)",10,6,9
"2662",10885,"3F10511^^1072360E","ORTING ES (ORTING)","ORTING ELEMENTARY SCHOOL (ORTING WA)",10,6,9
"2663",10886,"3F10511^^1072376E","MASON MS #1 (TACOMA)","MASON MIDDLE SCHOOL #1 (TACOMA)",10,6,9
"2664",10887,"3F10511^^1072378E","GAULT MS (TACOMA)","GAULT MIDDLE SCHOOL (TACOMA WA)",10,6,9
"2665",10888,"3F10511^^1072495E","WALLER ROAD ES (TACO","WALLER ROAD ELEMENTARY (TACOMA WA)",10,6,9
"2666",10889,"3F10511^^1072496E","FIRGROVE ES (PUYALLU","FIRGROVE ELEMENTARY SCHOOL (PUYALLUP WA)",10,6,9
"2667",10890,"3F10511^^1072497E","SPINNING ES(PUYALLUP","SPINNING ELEMENTARY SCHOOL (PUYALLUP WA)",10,6,9
"2668",10891,"3F10511^^1072498E","MAPLEWOOD ES(PUYALLU","MAPLEWOOD ELEMENTARY SCHOOL (PUYALLUP)",10,6,9
"2669",10892,"3F10511^^1072519E","WOODLAND ES(PUYALLUP","WOODLAND ELEMENTARY SCHOOL (PUYALLUP WA)",10,6,9
"2670",10893,"3F10511^^1072575E","EDGEMONT JHS(PUYALLU","EDGEMONT JUNIOR HIGH (PUYALLUP WA)",10,6,9
"2671",10894,"3F10511^^1072747E","DOWNING ES (TACOMA)","DOWNING ELEMENTARY SCHOOL (TACOMA WA)",10,6,9
"2672",10895,"3F10511^^1072771E","LISTER ES (TACOMA)","LISTER ELEMENTARY SCHOOL (TACOMA WA)",10,6,9
"2673",10896,"3F10511^^1072772E","FAWCETT ES (TACOMA)","FAWCETT ELEMENTARY SCHOOL (TACOMA WA)",10,6,9
"2674",10897,"3F10511^^1072773E","FIFE HS (TACOMA)","FIFE HIGH SCHOOL (TACOMA WA)",10,6,9
"2675",10898,"3F10511^^1072805E","LOWELL ES (TACOMA)","LOWELL ELEMENTARY (TACOMA WA)",10,6,9
"2676",10899,"3F10511^^1072809E","DISCOVERY ES (MILTON","DISCOVERY PRIMARY SCHOOL (MILTON WA)",10,6,9
"2677",10900,"3F10511^^1072870E","KARSHNER ES(PUYALLUP","KARSHNER ELEMENTARY SCHOOL (PUYALLUP WA)",10,6,9
"2678",10901,"3F10511^^1072872E","BROWNS POINT ES(TACO","BROWNS POINT ELEMENTARY (TACOMA)",10,6,9
"2679",10902,"3F10511^^1072875E","MAPLE LAWN ES(SUMNER","MAPLE LAWN ELEMENTARY (SUMNER WA)",10,6,9
"2680",10903,"3F10511^^1072878E","ENDEAVOUR INTERM(MIL","ENDEAVOUR INTERMEDIATE (MILTON WA)",10,6,9
"2681",10904,"3F10511^^1072938E","SHERMAN ES (TACOMA)","SHERMAN ELEMENTARY SCHOOL (TACOMA WA)",10,6,9
"2682",10905,"3F10511^^1072942E","ORTING HS (ORTING)","ORTING SENIOR HIGH (ORTING WA)",10,6,9
"2683",10906,"3F10511^^1072980E","BYRON KIBLER ES(ENUM","BYRON KIBLER ELEMENTARY (ENUMCLAW WA)",10,6,9
"2684",10907,"3F10511^^1073052E","KALLES JHS(PUYALLUP)","KALLES JUNIOR HIGH (PUYALLUP)",10,6,9
"2685",10908,"3F10511^^1073053E","GRANT ES (TACOMA)","GRANT ELEMENTARY SCHOOL (TACOMA WA)",10,6,9
"2686",10909,"3F10511^^1073114E","RIVERSIDE ES(PUYALLU","RIVERSIDE ELEMENTARY (PUYALLUP WA)",10,6,9
"2687",10910,"3F10511^^1073115E","HILLTOP ES (PUYALLUP","HILLTOP ELEMENTARY SCHOOL (PUYALLUP WA)",10,6,9
"2688",10911,"3F10511^^1073161E","JJ SMITH ES(ENUMCLAW","J. J. SMITH ELEMENTARY (ENUMCLAW WA)",10,6,9
"2689",10912,"3F10511^^1073244E","MEEKER MS (TACOMA)","MEEKER MIDDLE SCHOOL (TACOMA WA)",10,6,9
"2690",10913,"3F10511^^1073245E","HOYT ES (TACOMA)","HOYT ELEMENTARY (TACOMA WA)",10,6,9
"2691",10914,"3F10511^^1073246E","WILSON HS (TACOMA)","WILSON SENIOR HIGH SCHOOL (TACOMA WA)",10,6,9
"2692",10915,"3F10511^^1073247E","SUMNER HS (SUMNER)","SUMNER SENIOR HIGH (SUMNER)",10,6,9
"2693",10916,"3F10511^^1073330E","ENUMCLAW HS","ENUMCLAW SENIOR HIGH SCHOOL (ENUMCLAW)",10,6,9
"2694",10917,"3F10511^^1073349E","BONNEY LAKE ES(SUMNE","BONNEY LAKE ELEMENTARY (SUMNER WA)",10,6,9
"2695",10918,"3F10511^^1073399E","MC ALDER ES(PUYALLUP","MC ALDER ELEMENTARY SCHOOL (PUYALLUP WA)",10,6,9
"2696",10919,"3F10511^^1073447E","AYLEN JHS (PUYALLUP)","AYLEN JUNIOR HIGH (PUYALLUP WA)",10,6,9
"2697",10920,"3F10511^^1073448E","TRUMAN MS (TACOMA)","TRUMAN MIDDLE SCHOOL (TACOMA WA)",10,6,9
"2698",10921,"3F10511^^1073450E","MCILVAIGH JHS(TACOMA","MCILVAIGH JUNIOR HIGH (TACOMA WA)",10,6,9
"2699",10922,"3F10511^^1073458E","WHITE R HS (BUCKLEY)","WHITE RIVER HIGH SCHOOL (BUCKLEY WA)",10,6,9
"2700",10923,"3F10511^^1073498E","SKYLINE ES (TACOMA)","SKYLINE ELEMENTARY SCHOOL (TACOMA WA)",10,6,9
"2701",10924,"3F10511^^1073499E","SUMNER JHS (SUMNER)","SUMNER JUNIOR HIGH SCHOOL (SUMNER WA)",10,6,9
"2702",10925,"3F10511^^1073557E","FRUITLAND ES(PUYALLU","FRUITLAND ELEMENTARY (PUYALLUP)",10,6,9
"2703",10926,"3F10511^^1073558E","WILDWOOD PARK ES(PUY","WILDWOOD PARK ELEMENTARY (PUYALLUP WA)",10,6,9
"2704",10927,"3F10511^^1073572E","MT VIEW ES (PUYALLUP","MOUNTAIN VIEW ELEMENTARY SCHOOL (PUYALLUP WA)",10,6,9
"2705",10928,"3F10511^^1073645E","GOVERNOR JOHN ROGERS","GOVERNOR JOHN ROGERS HIGH (PUYALLUP WA)",10,6,9
"2706",10929,"3F10511^^1073646E","BOZE ES (TACOMA)","BOZE ELEMENTARY SCHOOL (TACOMA WA)",10,6,9
"2707",10930,"3F10511^^1073683E","LK TAPPS ES (SUMNER)","LAKE TAPPS ELEMENTARY SCHOOL (SUMNER WA)",10,6,9
"2708",10931,"3F10511^^1073739E","SOUTHWOOD ES(ENUMCLA","SOUTHWOOD ELEMENTARY (ENUMCLAW WA)",10,6,9
"2709",10932,"3F10511^^1073750E","BALLOU JHS (PUYALLUP","BALLOU JUNIOR HIGH (PUYALLUP WA)",10,6,9
"2710",10933,"3F10511^^1073798E","SURPRISE LAKE MS(MIL","SURPRISE LAKE MIDDLE SCHOOL (MILTON)",10,6,9
"2711",10934,"3F10511^^1073825E","ALPAC ES (PACIFIC)","ALPAC ELEMENTARY SCHOOL (PACIFIC WA)",10,6,9
"2712",10935,"3F10511^^1073896E","SUNRISE ES (PUYALLUP","SUNRISE ELEMENTARY SCHOOL (PUYALLUP WA)",10,6,9
"2713",10936,"3F10511^^1073927E","NORTHWOOD ES (PUYALL","NORTHWOOD ELEMENTARY SCHOOL (PUYALLUP WA)",10,6,9
"2714",10937,"3F10511^^1073972E","PUYALLUP ALT SCHOOL","PUYALLUP ALTERNATIVE SCHOOL (PUYALLUP WA)",10,6,9
"2715",10938,"3F10511^^1074121E","RIDGECREST ES(PUYALL","RIDGECREST ELEMENTARY (PUYALLUP)",10,6,9
"2716",10939,"3F10511^^1074132E","LAKERIDGE JHS(SUMNER","LAKERIDGE JUNIOR HIGH (SUMNER WA)",10,6,9
"2717",10940,"3F10511^^1074146E","POPE ES (PUYALLUP)","POPE ELEMENTARY (PUYALLUP WA)",10,6,9
"2718",10941,"3F10511^^1074166E","VICTOR FALLS ES(SUMN","VICTOR FALLS ELEMENTARY (SUMNER WA)",10,6,9
"2719",10942,"3F10511^^1074170E","WILKESON ES(WILKESON","WILKESON ELEMENTARY (WILKESON WA)",10,6,9
"2720",10943,"3F10511^^1074183E","FERRUCCI JHS(PUYALLU","FERRUCCI JUNIOR HIGH (PUYALLUP WA)",10,6,9
"2721",10944,"3F10511^^1074210E","ENUMCLAW JHS","ENUMCLAW JUNIOR HIGH (ENUMCLAW WA)",10,6,9
"2722",10945,"3F10511^^1074236E","WIKERSHAM ES(BUCKLEY","WIKERSHAM ELEM (BUCKLEY WA)",10,6,9
"2723",10946,"3F10511^^1074250E","EMERALD HILLS ES(SUM","EMERALD HILLS ELEMENTARY (SUMNER WA)",10,6,9
"2724",10947,"3F10511^^1074262E","ORTING MS (ORTING)","ORTING MIDDLE SCHOOL (ORTING WA)",10,6,9
"2725",10948,"3F10511^^1074309E","FOOTHILLS ES(BUCKLEY","FOOTHILLS ELEMENTARY (BUCKLEY WA)",10,6,9
"2726",10949,"3F10511^^1074360E","WARREN HUNT ES(PUYAL","WARREN HUNT ELEMENTARY (PUYALLUP WA)",10,6,9
"2727",10950,"3F10511^^1074361E","FRANK B BROUILLET ES","FRANK B BROUILLET ELEMENTARY (PUYALLUP WA)",10,6,9
"2728",10951,"3F10511^^1074402E","LIBERTY RIDGE ES(SUM","LIBERTY RIDGE ELEMENTARY (SUMNER)",10,6,9
"2729",10952,"3F10511^^1074414E","SHAW ROAD ES (PUYALL","SHAW ROAD ELEMENTARY (PUYALLUP WA)",10,6,9
"2730",10953,"3F10511^^1074416E","NORTH TAPPS MS (SUMN","NORTH TAPPS MIDDLE SCHOOL (SUMNER WA)",10,6,9
"2731",10954,"3F10511^^1074435E","CRESTWOOD ES(SUMNER)","CRESTWOOD ELEMENTARY (SUMNER WA)",10,6,9
"2732",10955,"3F10511^^1074443E","STAHL JHS (PUYALLUP)","STAHL JR HIGH (PUYALLUP WA)",10,6,9
"2733",10956,"3F10511^^1074471E","MT MEADOW ES(BUCKLEY","MOUNTAIN MEADOW ELEMENTARY (BUCKLEY)",10,6,9
"2734",10957,"3F10511^^1078078E","SPRING VALLEY SCHOOL","SPRING VALLEY SCHOOL (FEDERAL WAY)",10,6,9
"2735",10958,"3F10511^^1078128E","ALL SAINTS SCHOOL","ALL SAINTS SCHOOL (PUYALLUP)",10,6,9
"2736",10959,"3F10511^^1078129E","NELSON CRANE ADVENTI","NELSON CRANE ADVENTIST SCHOOL (PUYALLUP WA)",10,6,9
"2737",10960,"3F10511^^1078130E","ANNIE WRIGHT SCHOOL","ANNIE WRIGHT SCHOOL (TACOMA WA)",10,6,9
"2738",10961,"3F10511^^1078133E","CENTRAL LUTH CHRIST","CENTRAL LUTHERAN CHRISTIAN SCHOOL (TACOMA WA)",10,6,9
"2739",10962,"3F10511^^1078134E","CONCORDIA LUTHERAN","CONCORDIA LUTHERAN SCHOOL (TACOMA)",10,6,9
"2740",10963,"3F10511^^1078137E","HOLY ROSARY (TACOMA)","HOLY ROSARY SCHOOL (TACOMA WA)",10,6,9
"2741",10964,"3F10511^^1078143E","ST PATRICK SCHL(TACO","ST. PATRICK SCHOOL (TACOMA WA)",10,6,9
"2742",10965,"3F10511^^1078438E","CHEIF LESCHI SCHOOL","CHEIF LESCHI SCHOOL (TACOMA WA)",10,6,9
"2743",10966,"3F10511^^1078566E","CASCADE CHRIST TACOM","CASCADE CHRISTIAN SCHOOLS - TACOMA (TACOMA WA)",10,6,9
"2744",10967,"3F10511^^1078589E","TACOMA CHRISTIAN SCH","TACOMA CHRISTIAN SCHOOL (TACOMA)",10,6,9
"2745",10968,"3F10511^^1078757E","CASCADE CHRIST PUYAL","CASCADE CHRISTIAN SCHOOLS-PUYALLUP (PUYALLUP WA)",10,6,9
"2746",10969,"3F10511^^1078814E","ENUMCLAW CHRIST SCHL","ENUMCLAW CHRISTIAN SCHOOL (ENUMCLAW WA)",10,6,9
"2747",10970,"3F10511^^1078824E","MT VIEW MONTESSORI","MOUNTAIN VIEW MONTESSORI (SUMNER WA)",10,6,9
"2748",10971,"3F10511^^1078882E","GOOD SAMARITAN SCHL","GOOD SAMARITAN SCHOOL (PUYALLUP WA)",10,6,9
"2749",10972,"3F10511^^1078907E","THE SEABURY SCHOOL","THE SEABURY SCHOOL (TACOMA)",10,6,9
"2750",10973,"3F10511^^1078919E","MY SMALL SIZED FRIEN","MY SMALL SIZED FRIENDS (PUYALLUP WA)",10,6,9
"2751",10974,"3F10511^^1078920E","GWEN E JOHNSON SCHL","GWEN E JOHNSON SCHOOL OF LEARNING (TACOMA WA)",10,6,9
"2752",10975,"3F10511^^1078949E","CHRIST BROTHERHOOD A","CHRISTIAN BROTHERHOOD ACADEMY (TACOMA WA)",10,6,9
"2753",10976,"3F10511^^1078972E","MT RAINIER CHRIST AC","MT RAINIER CHRISTIAN ACADEMY (ENUMCLAW WA)",10,6,9
"2754",11071,"3F10511^^156025^H","GIG HARBOR CIVIC CLB","GIG HARBOR CIVIC CLUB",15,6,9
"2755",11072,"3F10511^^156025^H01","GIG HARBOR FISHERMEN","GIG HARBOR FISHERMEN",15,6,9
"2756",11073,"3F10511^^156026^H","GIG HARBOR SALMON","GIG HARBOR SALMON COOP",15,6,9
"2757",11074,"3F10511^^156028^H","SOS    (CRESCENT CR)","SOS   (CRESCENT CR)",15,6,9
"2758",11075,"3F10511^^1571061E","PENINSULA SD 401(GIG","PENINSULA SCHOOL DISTRICT 401 (GIG HARBOR WA)",15,6,9
"2759",11076,"3F10511^^1571104E","VASHON ISLAND SD","VASHON ISLAND SCHOOL DISTRICT 402 (VASHON)",15,6,9
"2760",11077,"3F10511^^1572294E","GOODMAN MS(GIG HARBR","GOODMAN MIDDLE SCHOOL (GIG HARBOR WA)",15,6,9
"2761",11078,"3F10511^^1572419E","VASHON IS HS(VASHON)","VASHON ISLAND HIGH SCHOOL (VASHON WA)",15,6,9
"2762",11079,"3F10511^^1572944E","HARBOR HEIGHTS ES(GI","HARBOR HEIGHTS ELEMENTARY SCHOOL (GIG HARBOR WA)",15,6,9
"2763",11080,"3F10511^^1572995E","OLALLA ES (OLALLA)","OLALLA ELEMENTARY SCHOOL (OLALLA)",15,6,9
"2764",11081,"3F10511^^1573667E","MACMURRAY MS (VASHON","MACMURRAY MIDDLE SCHOOL (VASHON WA)",15,6,9
"2765",11082,"3F10511^^1573685E","PURDY ES (GIG HARBOR","PURDY ELEMENTARY SCHOOL (GIG HARBOR WA)",15,6,9
"2766",11083,"3F10511^^1573928E","HENDERSON BAY ALT HS","HENDERSON BAY ALTERNATIVE HIGH (GIG HARBOR WA)",15,6,9
"2767",11084,"3F10511^^1574080E","DISCOVERY ES #2(GIG","DISCOVERY ELEMENTARY SCHOOL (GIG HARBOR) #2",15,6,9
"2768",11085,"3F10511^^1574081E","GIG HARBOR HS (GIG H","GIG HARBOR HIGH (GIG HARBOR WA)",15,6,9
"2769",11086,"3F10511^^1574307E","VOYAGER ES (GIG HARB","VOYAGER ELEMENTARY (GIG HARBOR WA)",15,6,9
"2770",11087,"3F10511^^1574387E","HARBOR RIDGE MS (GIG","HARBOR RIDGE MIDDLE SCHOOL (GIG HARBOR WA)",15,6,9
"2771",11088,"3F10511^^1574468E","CHAUTAUQUA ES(VASHON","CHAUTAUQUA ELEMENTARY (VASHON ISLAND WA)",15,6,9
"2772",11089,"3F10511^^1578389E","OUR SCHOOL(GIG HARBR","OUR SCHOOL (GIG HARBOR WA)",15,6,9
"2773",11090,"3F10511^^1578667E","HARBOR MONTESSORI SC","HARBOR MONTESSORI SCHOOL (GIG HARBOR)",15,6,9
"2774",11091,"3F10511^^1578706E","WESLEYAN CHRIST SCHL","WESLEYAN CHRISTIAN SCHOOL (VASHON WA)",15,6,9
"2775",11092,"3F10511^^1578902E","GIG HARBOR CHRIST SC","GIG HARBOR CHRISTIAN SCHOOL (GIG HARBOR WA)",15,6,9
"2776",11093,"3F10511^^1578957E","CARPE DIEM ES(VASHON","CARPE DIEM PRIMARY SCHOOL (VASHON ISLAND, WA)",15,6,9
"2777",11096,"3F10513^^^^^^^^^H05","RFEG 5 SOUTH PUGET S","WASHINGTON REGIONAL ENHANCEMENT GROUP 5 - SOUTH PUGET SOUND",NA,6,9
"2778",11127,"3F10513^^110013CH","CLEAR CREEK HATCHERY","CLEAR CREEK HATCHERY (NISQUALLY TRIBE) OLD NAME: NISQUALLY HATCHERY",11,6,NA
"2779",11137,"3F10513^^110017AH","KALAMA CR HATCHERY","KALAMA CREEK HATCHERY  (NISQUALLY TRIBE)",11,6,NA
"2780",11186,"3F10513^^110056^H","SCHORNO REARING POND","SCHORNO REARING POND    (NISQUALLY TRIBE)",11,6,NA
"2781",11201,"3F10513^^110067^H02","TANWAX LK RESORT NP","TANWAX LAKE RESORT NET PENS",11,6,9
"2782",11202,"3F10513^^110067^H03","RAINBOW RESORT NP","RAINBOW RESORT NET PENS ON TANWAX LAKE",11,6,9
"2783",11219,"3F10513^^110081^H04","SILVER LK RESORT NP","SILVER LAKE RESORT NET PENS  (NISQUALLY)",11,6,NA
"2784",11472,"3F10513^^110324^H","MCALLISTER HATCHERY","MCALLISTER CREEK HATCHERY",11,6,12
"2785",11473,"3F10513^^110324^H01","NISQUALLY TROUT FARM","MCALLISTER TROUT FARM",11,6,NA
"2786",11488,"3F10513^^116005^H","EATONVILLE EAGLES","EATONVILLE EAGLES",11,6,9
"2787",11489,"3F10513^^116010^H","FT LEWIS CLEAR CR","FT LEWIS CLEAR CREEK",11,6,NA
"2788",11490,"3F10513^^1171106E","EATONVILLE SD 404","EATONVILLE SCHOOL DISTRICT 404 (EATONVILLE WA)",11,6,9
"2789",11491,"3F10513^^1171116E","YELM COMMUNITY SCHLS","YELM COMMUNITY SCHOOLS (YELM WA)",11,6,9
"2790",11492,"3F10513^^1171627E","YELM EXTENSION SCHL","YELM EXTENSION SCHOOL (YELM WA)",11,6,9
"2791",11493,"3F10513^^1172205E","EATONVILLE ES","EATONVILLE ELEMENTARY SCHOOL (EATONVILLE WA)",11,6,9
"2792",11494,"3F10513^^1172206E","EATONVILLE HS","EATONVILLE HIGH SCHOOL (EATONVILLE WA)",11,6,9
"2793",11495,"3F10513^^1172260E","MCKENNA ES (YELM)","MCKENNA ELEMENTARY SCHOOL (YELM WA)",11,6,9
"2794",11496,"3F10513^^1172361E","WEYERHAEUSER ES(EATO","WEYERHAEUSER ELEMENTARY (EATONVILLE WA)",11,6,9
"2795",11497,"3F10513^^1172481E","YELM MS (YELM)","YELM MIDDLE SCHOOL (YELM)",11,6,9
"2796",11498,"3F10513^^1172543E","ROY ES (ROY)","ROY ELEMENTARY SCHOOL (ROY WA)",11,6,9
"2797",11499,"3F10513^^1172633E","YELM HS (YELM)","YELM HIGH SCHOOL (YELM WA)",11,6,9
"2798",11500,"3F10513^^1172748E","KAPOWSIN ES (GRAHAM)","KAPOWSIN ELEMENTARY SCHOOL (GRAHAM WA)",11,6,9
"2799",11501,"3F10513^^1172808E","COLUMBIA CREST ES","COLUMBIA CREST ELEMENTARY SCHOOL (ASHFORD)",11,6,9
"2800",11502,"3F10513^^1173848E","SOUTHWORTH ES (YELM)","SOUTHWORTH ELEMENTARY SCHOOL (YELM WA)",11,6,9
"2801",11503,"3F10513^^1174224E","YELM PRAIRIE ES(YELM","YELM PRAIRIE ELEMENTARY (YELM WA)",11,6,9
"2802",11504,"3F10513^^1174227E","ROCKY RIDGE ES(GRAHA","ROCKY RIDGE ELEMENTARY (GRAHAM)",11,6,9
"2803",11505,"3F10513^^1174230E","EATONVILLE  MS","EATONVILLE  MIDDLE SCHOOL (EATONVILLE WA)",11,6,9
"2804",11506,"3F10513^^1174297E","GRAHAM ES (GRAHAM)","GRAHAM ELEMENTARY (GRAHAM)",11,6,9
"2805",11507,"3F10513^^1174331E","CENTENNIAL ES(GRAHAM","CENTENNIAL ELEMENTARY (GRAHAM)",11,6,9
"2806",11508,"3F10513^^1174346E","FORT STEVENS ES(YELM","FORT STEVENS ELEMENTARY (YELM WA)",11,6,9
"2807",11509,"3F10513^^1174381E","PIONEER VALLEY ES(SP","PIONEER VALLEY ELEMENTARY (SPANAWAY)",11,6,9
"2808",11510,"3F10513^^1174407E","FRONTIER JHS(GRAHAM)","FRONTIER JUNIOR HIGH (GRAHAM WA  98338)",11,6,9
"2809",11511,"3F10513^^1174451E","MILL POND INTERMEDIA","MILL POND INTERMEDIATE (YELM WA)",11,6,9
"2810",11512,"3F10513^^1178321E","YELM CHRIST SCHL(YEL","YELM CHRISTIAN SCHOOL (YELM WA)",11,6,9
"2811",11513,"3F10513^^1178574E","OUR REDEEMER LUTHERN","OUR REDEEMER LUTHERAN SCHOOL (YELM WA)",11,6,9
"2812",11514,"3F10513^^1178717E","NEW HOPE CHRIST SCHL","NEW HOPE CHRISTIAN SCHOOL (GRAHAM WA)",11,6,9
"2813",11523,"3F10513^^120007^H01","GARRISON HATCHERY","GARRISON HATCHERY  -CHAMBERS CREEK  (FORMERLY:GARRISON SPRINGS)",12,6,12
"2814",11524,"3F10513^^120007^H02","CHAMBERS CR HATCHERY","CHAMBERS CREEK TROUT HATCHERY - WDFW",12,6,12
"2815",11525,"3F10513^^120007^H03","LAKEWOOD HATCHERY","LAKEWOOD HATCHERY RELEASE SITE ON STEILACOOM LAKE - WDFW  (FORMERLY:SOUTH TACOMA HATCHERY)",12,6,12
"2816",11526,"3F10513^^120007^H04","CLOVER CR    PROJECT","CLOVER CREEK PROJECT",12,6,9
"2817",11528,"3F10513^^120007^H06","CHAMBERS CR + GARRISON","CHAMBERS CREEK + GARRISON HATCHERY - WDFW",12,6,NA
"2818",11539,"3F10513^^120009^H","CANDLEWYCK GLEN PROJ","CANDLEWYCK GLEN PARK VOLUNTEER PROJECT",12,6,9
"2819",11550,"3F10513^^120019^H","LK SEQUALITCHEW HATC","LAKE SEQUALITCHEW HATCHERY  - SEQUALITCHEW CR",12,6,NA
"2820",11551,"3F10513^^120019^H41","BILLS BH - AMER.LK","BILLS BOATHOUSE ON AMERICAN LAKE",12,6,9
"2821",11552,"3F10513^^120019^H42","ARMY NP(AMERICAN LK)","ARMY NET PENS ON AMERICAN LAKE (FORMERLY: FORT LEWIS NET PENS)",12,6,NA
"2822",11562,"3F10513^^126009^H","KUPPER PROJECT","KUPPER PROJECT  TACOMA",12,6,9
"2823",11563,"3F10513^^126010^H","SNAKE LAKE NATURE","SNAKE LAKE NATURE",12,6,9
"2824",11564,"3F10513^^126021^H","CLOVER PARK VOTECH","CLOVER PARK VOCATIONAL-TECHNICAL INSTITUTE (FLETT CREEK)",12,6,9
"2825",11565,"3F10513^^126103^H","TITLOW REARING PONDS","TITLOW REARING PONDS",12,6,NA
"2826",11566,"3F10513^^1271013E","CLOVER PARK SD 400","CLOVER PARK SCHOOL DISTRICT 400 (TACOMA WA)",12,6,9
"2827",11567,"3F10513^^1271029E","FRANKLIN PIERCE SD","FRANKLIN PIERCE SCHOOL DISTRICT 402 (TACOMA WA)",12,6,9
"2828",11568,"3F10513^^1271059E","UNIVERSITY PLACE SD","UNIVERSITY PLACE SCHOOL DISTRICT 83 (TACOMA WA)",12,6,9
"2829",11569,"3F10513^^1271062E","BETHEL SD 403(SPANAW","BETHEL SCHOOL DISTRICT 403 (SPANAWAY WA)",12,6,9
"2830",11570,"3F10513^^1271254E","STEILACOOM HISTORICA","STEILACOOM HISTORICAL SCHOOL DISTRICT (STEILACOOM WA)",12,6,9
"2831",11571,"3F10513^^1271510E","BETHEL ALT SCHLS(SPA","BETHEL ALTERNATIVE SCHOOLS (SPANAWAY WA)",12,6,9
"2832",11572,"3F10513^^1272036E","LARCHMONT ES (TACOMA","LARCHMONT ELEMENTARY SCHOOL (TACOMA WA)",12,6,9
"2833",11573,"3F10513^^1272040E","ANDERSON IS ES(STEIL","ANDERSON ISLAND ELEMENTARY (STEILACOOM WA)",12,6,9
"2834",11574,"3F10513^^1272041E","FIRWOOD JHS/HS SP-ED","FIRWOOD JHS HS SPECIAL ED (TACOMA WA)",12,6,9
"2835",11575,"3F10513^^1272104E","LAKE CITY ES(TACOMA)","LAKE CITY ELEMENTARY (TACOMA)",12,6,9
"2836",11576,"3F10513^^1272148E","FRANKLIN ES (TACOMA)","FRANKLIN ELEMENTARY SCHOOL (TACOMA WA)",12,6,9
"2837",11577,"3F10513^^1272167E","FERN HILL ES (TACOMA","FERN HILL ELEMENTARY SCHOOL (TACOMA WA)",12,6,9
"2838",11578,"3F10513^^1272215E","LINCOLN HS(TACOMA)","LINCOLN HIGH SCHOOL (TACOMA WA)",12,6,9
"2839",11579,"3F10513^^1272223E","UNIVERSITY PLACE ES","UNIVERSITY PLACE ELEMENTARY (TACOMA WA)",12,6,9
"2840",11580,"3F10513^^1272237E","PIONEER MS(STEILACOO","PIONEER MIDDLE SCHOOL (STEILACOOM WA)",12,6,9
"2841",11581,"3F10513^^1272252E","MANITOU ES (TACOMA)","MANITOU ELEMENTARY SCHOOL (TACOMA WA)",12,6,9
"2842",11582,"3F10513^^1272257E","COLLINS ES (TACOMA)","COLLINS ELEMENTARY (TACOMA WA)",12,6,9
"2843",11583,"3F10513^^1272358E","STANLEY ES (TACOMA)","STANLEY ELEMENTARY (TACOMA WA)",12,6,9
"2844",11584,"3F10513^^1272359E","STEWART MS (TACOMA)","STEWART MIDDLE SCHOOL (TACOMA WA)",12,6,9
"2845",11585,"3F10513^^1272377E","GRAY MSHS (TACOMA)","GRAY MIDDLE HIGH (TACOMA WA)",12,6,9
"2846",11586,"3F10513^^1272398E","CENTRAL AVENUE ES","CENTRAL AVENUE ELEMENTARY (TACOMA WA)",12,6,9
"2847",11587,"3F10513^^1272399E","SPANAWAY ES(SPANAWAY","SPANAWAY ELEMENTARY SCHOOL (SPANAWAY WA)",12,6,9
"2848",11588,"3F10513^^1272425E","CLOVER PARK HS","CLOVER PARK HIGH SCHOOL (TACOMA)",12,6,9
"2849",11589,"3F10513^^1272576E","CLOVER CR ES (TACOMA","CLOVER CREEK ELEMENTARY (TACOMA WA)",12,6,9
"2850",11590,"3F10513^^1272651E","TILLICUM ES (TACOMA)","TILLICUM ELEMENTARY SCHOOL (TACOMA)",12,6,9
"2851",11591,"3F10513^^1272652E","LAKEVIEW ES (TACOMA)","LAKEVIEW ELEMENTARY (TACOMA WA)",12,6,9
"2852",11592,"3F10513^^1272746E","GEIGER ES (TACOMA)","GEIGER ELEMENTARY SCHOOL (TACOMA)",12,6,9
"2853",11593,"3F10513^^1272806E","REED ES (TACOMA)","REED ELEMENTARY (TACOMA WA)",12,6,9
"2854",11594,"3F10513^^1272807E","BETHEL HS (SPANAWAY)","BETHEL HIGH SCHOOL (SPANAWAY WA)",12,6,9
"2855",11595,"3F10513^^1272871E","EDISON ES (TACOMA)","EDISON ELEMENTARY SCHOOL (TACOMA WA)",12,6,9
"2856",11596,"3F10513^^1272874E","WHITMAN ES (TACOMA)","WHITMAN ELEMENTARY (TACOMA WA)",12,6,9
"2857",11597,"3F10513^^1272876E","FRANKLIN PIERCE HS","FRANKLIN PIERCE HIGH SCHOOL (TACOMA WA)",12,6,9
"2858",11598,"3F10513^^1272877E","ELK PLAIN CHOICE(SPA","ELK PLAIN SCHOOL OF CHOICE (SPANAWAY WA)",12,6,9
"2859",11599,"3F10513^^1272937E","GREENWOOD ES(FORT LE","GREENWOOD ELEMENTARY SCHOOL (FORT LEWIS WA)",12,6,9
"2860",11600,"3F10513^^1272939E","DE LONG ES (TACOMA)","DE LONG ELEMENTARY SCHOOL (TACOMA WA)",12,6,9
"2861",11601,"3F10513^^1272940E","ARLINGTON ES (TACOMA","ARLINGTON ELEMENTARY SCHOOL (TACOMA WA)",12,6,9
"2862",11602,"3F10513^^1272941E","MANN ES (TACOMA)","MANN ELEMENTARY SCHOOL (TACOMA)",12,6,9
"2863",11603,"3F10513^^1272943E","CUSTER ES (TACOMA)","CUSTER ELEMENTARY SCHOOL (TACOMA WA)",12,6,9
"2864",11604,"3F10513^^1272945E","JAMES SALES ES(TACOM","JAMES SALES ELEMENTARY (TACOMA WA)",12,6,9
"2865",11605,"3F10513^^1273000E","HARVARD ES (TACOMA)","HARVARD ELEMENTARY (TACOMA WA)",12,6,9
"2866",11606,"3F10513^^1273054E","BAKER MS (TACOMA)","BAKER MIDDLE SCHOOL (TACOMA WA)",12,6,9
"2867",11607,"3F10513^^1273116E","WAINRIGHT ES (TACOMA","WAINRIGHT ELEMENTARY SCHOOL (TACOMA WA)",12,6,9
"2868",11608,"3F10513^^1273117E","IDLEWILD ES (TACOMA)","IDLEWILD ELEMENTARY SCHOOL (TACOMA)",12,6,9
"2869",11609,"3F10513^^1273118E","SOUTHGATE ES(TACOMA)","SOUTHGATE ELEMENTARY (TACOMA WA)",12,6,9
"2870",11610,"3F10513^^1273178E","CLARKMOOR ES","CLARKMOOR ELEMENTARY SCHOOL (FORT LEWIS)",12,6,9
"2871",11611,"3F10513^^1273179E","CURTIS JHS (TACOMA)","CURTIS JUNIOR HIGH (TACOMA WA)",12,6,9
"2872",11612,"3F10513^^1273180E","BROOKDALE ES (TACOMA","BROOKDALE ELEMENTARY (TACOMA WA)",12,6,9
"2873",11613,"3F10513^^1273243E","HUNT MS (TACOMA)","HUNT MIDDLE SCHOOL (TACOMA)",12,6,9
"2874",11614,"3F10513^^1273248E","HUDTLOFF JHS(TACOMA)","HUDTLOFF JUNIOR HIGH (TACOMA)",12,6,9
"2875",11615,"3F10513^^1273249E","TYEE PARK ES(TACOMA)","TYEE PARK ELEMENTARY SCHOOL (TACOMA)",12,6,9
"2876",11616,"3F10513^^1273250E","BETHEL JHS (SPANAWAY","BETHEL JUNIOR HIGH (SPANAWAY WA)",12,6,9
"2877",11617,"3F10513^^1273296E","NARROWS VIEW MS","NARROWS VIEW MIDDLE SCHOOL (TACOMA)",12,6,9
"2878",11618,"3F10513^^1273296E01","NARROWS VIEW ES","NARROWS VIEW MIDDLE SCHOOL (TACOMA)",12,6,9
"2879",11619,"3F10513^^1273297E","IVA ALICE MANN JHS","IVA ALICE MANN JUNIOR HIGH (TACOMA WA)",12,6,9
"2880",11620,"3F10513^^1273298E","HILLSIDE ES(FORT LEW","HILLSIDE ELEMENTARY (FORT LEWIS WA)",12,6,9
"2881",11621,"3F10513^^1273299E","PEARL ST CENTER (TAC","PEARL STREET CENTER (TACOMA)",12,6,9
"2882",11622,"3F10513^^1273300E","MORRIS FORD JHS(TACO","MORRIS FORD JUNIOR HIGH (TACOMA WA)",12,6,9
"2883",11623,"3F10513^^1273301E","CHRISTENSEN ES(TACOM","CHRISTENSEN ELEMENTARY (TACOMA WA)",12,6,9
"2884",11624,"3F10513^^1273350E","HEARTWOOD ES (TACOMA","HEARTWOOD ELEMENTARY SCHOOL (TACOMA)",12,6,9
"2885",11625,"3F10513^^1273351E","LK LOUISE ES (TACOMA","LAKE LOUISE ELEMENTARY (TACOMA WA)",12,6,9
"2886",11626,"3F10513^^1273397E","BRYANT ES (TACOMA)","BRYANT ELEMENTARY (TACOMA WA)",12,6,9
"2887",11627,"3F10513^^1273398E","MT TAHOMA HS (TACOMA","MOUNT TAHOMA HIGH SCHOOL (TACOMA WA)",12,6,9
"2888",11628,"3F10513^^1273400E","PARKWAY ES(FORT LEWI","PARKWAY ELEMENTARY (FORT LEWIS)",12,6,9
"2889",11629,"3F10513^^1273401E","PERRY G KEITHLEY MS","PERRY G KEITHLEY MIDDLE SCHOOL (TACOMA WA)",12,6,9
"2890",11630,"3F10513^^1273446E","CHERRYDALE ES(STEILA","CHERRYDALE ELEMENTARY (STEILACOOM WA)",12,6,9
"2891",11631,"3F10513^^1273449E","BIRNEY ES (TACOMA)","BIRNEY ELEMENTARY (TACOMA WA)",12,6,9
"2892",11632,"3F10513^^1273451E","SEWARD ES (TACOMA)","SEWARD ELEMENTARY SCHOOL (TACOMA WA)",12,6,9
"2893",11633,"3F10513^^1273452E","WHITTIER ES (TACOMA)","WHITTIER ELEMENTARY (TACOMA WA)",12,6,9
"2894",11634,"3F10513^^1273453E","MC CARVER ES (TACOMA","MC CARVER ELEMENTARY (TACOMA WA)",12,6,9
"2895",11635,"3F10513^^1273454E","BEACHWOOD ES (FORT L","BEACHWOOD ELEMENTARY (FORT LEWIS WA)",12,6,9
"2896",11636,"3F10513^^1273455E","DOWER ES (TACOMA)","DOWER ELEMENTARY (TACOMA)",12,6,9
"2897",11637,"3F10513^^1273456E","LAKES HS (TACOMA)","LAKES HIGH SCHOOL (TACOMA)",12,6,9
"2898",11638,"3F10513^^1273457E","CARTER LAKE ES(TACOM","CARTER LAKE ELEMENTARY (TACOMA)",12,6,9
"2899",11639,"3F10513^^1273500E","WOODBROOK JHS(TACOMA","WOODBROOK JUNIOR HIGH (TACOMA)",12,6,9
"2900",11640,"3F10513^^1273501E","OAKWOOD ES (TACOMA)","OAKWOOD ELEMENTARY SCHOOL (TACOMA WA)",12,6,9
"2901",11641,"3F10513^^1273532E","ELMHURST ES (TACOMA)","ELMHURST ELEMENTARY SCHOOL (TACOMA WA)",12,6,9
"2902",11642,"3F10513^^1273600E","CURTIS HS (TACOMA)","CURTIS SENIOR HIGH (TACOMA)",12,6,9
"2903",11643,"3F10513^^1273601E","SUNSET ES (TACOMA)","SUNSET PRIMARY SCHOOL (TACOMA WA)",12,6,9
"2904",11644,"3F10513^^1273602E","LOCHBURN JHS(TACOMA)","LOCHBURN JUNIOR HIGH SCHOOL (TACOMA)",12,6,9
"2905",11645,"3F10513^^1273648E","WASHINGTON HS(TACOMA","WASHINGTON HIGH SCHOOL (TACOMA WA)",12,6,9
"2906",11646,"3F10513^^1273649E","CHESTER THOMPSON ES","CHESTER H THOMPSON ELEMENTARY (TACOMA)",12,6,9
"2907",11647,"3F10513^^1273751E","SPANAWAY JHS(TACOMA)","SPANAWAY JUNIOR HIGH (TACOMA WA)",12,6,9
"2908",11648,"3F10513^^1273763E","OAKBROOK ES (TACOMA)","OAKBROOK ELEMENTARY SCHOOL (TACOMA)",12,6,9
"2909",11649,"3F10513^^1273792E","CHAMBERS ES (TACOMA)","CHAMBERS ELEMENTARY (TACOMA WA)",12,6,9
"2910",11650,"3F10513^^1273827E","SALTARS PT ES(STEILA","SALTARS POINT ELEMENTARY (STEILACOOM)",12,6,9
"2911",11651,"3F10513^^1273862E","A-1 SCHOOL (TACOMA)","A-1 SCHOOL (TACOMA WA)",12,6,9
"2912",11652,"3F10513^^1273880E","HENRY FOSS HS TACOMA","HENRY FOSS SENIOR HIGH SCHOOL (TACOMA WA)",12,6,9
"2913",11653,"3F10513^^1273910E","OAK GROVE ES (TACOMA","OAK GROVE ELEMENTARY (TACOMA WA)",12,6,9
"2914",11654,"3F10513^^1274063E","GATES HS (TACOMA)","GATES SECONDARY SCHOOL (TACOMA WA)",12,6,9
"2915",11655,"3F10513^^1274099E","EVERGREEN ES(SPANAWA","EVERGREEN ELEMENTARY (SPANAWAY WA)",12,6,9
"2916",11656,"3F10513^^1274102E","NACHES TRAIL ES(TACO","NACHES TRAIL ELEMENTARY (TACOMA)",12,6,9
"2917",11657,"3F10513^^1274103E","SHINING MTAIN ES(SPA","SHINING MOUNTAIN ELEMENTARY SCHOOL (SPANAWAY)",12,6,9
"2918",11658,"3F10513^^1274109E","OAKLAND: A SECONDARY","OAKLAND: A SECONDARY ALTERNATIVE (TACOMA WA)",12,6,9
"2919",11659,"3F10513^^1274131E","STEILACOOM HS","STEILACOOM HIGH SCHOOL (STEILACOOM WA)",12,6,9
"2920",11660,"3F10513^^1274158E","SPANAWAY LK HS(SPANA","SPANAWAY LAKE HIGH (SPANAWAY WA)",12,6,9
"2921",11661,"3F10513^^1274171E","HARRIET TAYLOR ES","HARRIET TAYLOR ELEMENTARY (STEILACOOM WA)",12,6,9
"2922",11662,"3F10513^^1274186E","CEDARCREST JHS (SPAN","CEDARCREST JUNIOR HIGH (SPANAWAY WA)",12,6,9
"2923",11664,"3F10513^^1274325E","DRUM INTERMED(TACOMA","DRUM INTERMEDIATE (TACOMA WA)",12,6,9
"2924",11665,"3F10513^^1274396E","EVERGREEN ES(FT LEWI","EVERGREEN ELEMENTARY (FT LEWIS WA)",12,6,9
"2925",11666,"3F10513^^1274447E","EVERGREEN ES(TACOMA)","EVERGREEN PRIMARY (TACOMA WA)",12,6,9
"2926",11667,"3F10513^^1278132E","BELLERMINE PREP SCHL","BELLERMINE PREPARATORY SCHOOL (TACOMA)",12,6,9
"2927",11668,"3F10513^^1278135E","FAITH LUTH SCHL (TAC","FAITH LUTHERAN SCHOOL (TACOMA WA)",12,6,9
"2928",11669,"3F10513^^1278141E","ST CHARLES BORROMEO","ST. CHARLES BORROMEO SCHOOL (TACOMA WA)",12,6,9
"2929",11670,"3F10513^^1278144E","TACOMA BAPTIST SCHLS","TACOMA BAPTIST SCHOOLS (TACOMA WA)",12,6,9
"2930",11671,"3F10513^^1278145E","TACOMA ADVENTIST SCH","TACOMA ADVENTIST SCHOOL (TACOMA WA)",12,6,9
"2931",11672,"3F10513^^1278146E","VISITATION SCHL(TACO","VISITATION SCHOOL (TACOMA WA)",12,6,9
"2932",11673,"3F10513^^1278147E","CHARLES WRIGHT ACAD","CHARLES WRIGHT ACADEMY (TACOMA WA)",12,6,9
"2933",11674,"3F10513^^1278148E","ST FRANCES CABRINI","ST. FRANCES CABRINI SCHOOL (TACOMA WA)",12,6,9
"2934",11675,"3F10513^^1278149E","LAKEWOOD LUTH SCHOOL","LAKEWOOD LUTHERAN SCHOOL (TACOMA WA)",12,6,9
"2935",11676,"3F10513^^1278150E","PARKLAND LUTH SCHOOL","PARKLAND LUTHERAN SCHOOL (TACOMA WA)",12,6,9
"2936",11677,"3F10513^^1278296E","HERITAGE CHRIST(TACO","HERITAGE CHRISTIAN SCHOOL (TACOMA WA)",12,6,9
"2937",11678,"3F10513^^1278353E","LIFE CHRIST (TACOMA)","LIFE CHRISTIAN SCHOOL (TACOMA WA)",12,6,9
"2938",11679,"3F10513^^1278829E","CASCADE CHRIST SPANA","CASCADE CHRISTIAN SCHOOLS-SPANAWAY (SPANAWAY WA)",12,6,9
"2939",11680,"3F10513^^1278845E","PUGET SOUND CHRISTIA","PUGET SOUND CHRISTIAN SCHOOL (TACOMA WA)",12,6,9
"2940",11685,"3F10513^^13^^^^^H03","TUMWATER FALLS TRAP","WDFW TUMWATER FALLS TRAP",13,6,NA
"2941",11695,"3F10513^^130005^H","DOBBS CR PROJECT","DOBBS CREEK PROJECT  (TRIB TO HENDERSON INLET)",13,6,9
"2942",11725,"3F10513^^130028^H","CAPITOL LK REARING","DESCHUTES FACILITY   (CHINOOK-WEIR  COHO-TRAP)",13,6,9
"2943",11726,"3F10513^^130028^H02","TUMWATER FALLS HATCHERY","TUMWATER FALLS HATCHERY (FORMERLY: DESCHUTES FACILITY)",13,6,12
"2944",11731,"3F10513^^130029^H","PERCIVAL COVE NET PN","PERCIVAL COVE NET PENS",13,6,9
"2945",11732,"3F10513^^130029^H01","PERCIVAL COVE+TUMWATER FA","PERCIVAL COVE NET PENS + TUMWATER FALLS HATCHERY",13,6,NA
"2946",11733,"3F10513^^130029^H02","FRYE COVE RSI","FRYE COVE RSI- ENHANCEMENT COOP THURSTION COUNTY",13,6,NA
"2947",11845,"3F10513^^130138^H","ALLISON SPRINGS HAT.","ALLISON SPRINGS HATCHERY  - MCLANE CREEK",13,6,NA
"2948",11855,"3F10513^^136010^H","WOODLAND CR PROJECT","WOODLAND CREEK",13,6,NA
"2949",11856,"3F10513^^136018^H","OLYMPIA SALMON CLUB","OLYMPIA SALMON CLUB",13,6,9
"2950",11857,"3F10513^^136020^H","WOODLAND SCOUT TROOP","WOODLAND SCOUT TROOP",13,6,9
"2951",11858,"3F10513^^136023^H","MONOHON + COKER PROJ","R MONOHON + R COKER PROJECT",13,6,9
"2952",11859,"3F10513^^136035^H","WOODLAND CR    #2","WOODLAND CR#2",13,6,9
"2953",11860,"3F10513^^136040^H","SOUTH PUGET SOUND CC","SO PUGET SOUND CC",13,6,NA
"2954",11861,"3F10513^^136045^H","HARRY SENN PROJECT","HARRY SENN",13,6,9
"2955",11862,"3F10513^^136050^H","WURNER PROJECT","WURNER PROJECT",13,6,9
"2956",11863,"3F10513^^136069^H","MARBLE CR PROJECT","MARBLE CREEK PROJECT (TRIB TO HENDERSON INLET)",13,6,9
"2957",11864,"3F10513^^136190^H","ABLE BLACK LK PROJ","ABLE PROJECT  (ASSOCIATION FOR BLACK LAKE ENHANCEMENT)",13,6,9
"2958",11865,"3F10513^^136191^H","ROSEDALE POND PROJ","ROSEDALE POND PROJECT   (HENDERSON BAY)",13,6,9
"2959",11866,"3F10513^^1370113E","EDU SERVICE DIST 113","EDUCATIONAL SERVICE DIST 113 (OLYMPIA WA)",13,6,9
"2960",11867,"3F10513^^1371034E","NORTH THURSTON SD 3","NORTH THURSTON SCHOOL DISTRICT 3 (LACEY WA)",13,6,9
"2961",11868,"3F10513^^1371035E","OLYMPIA SD","OLYMPIA SCHOOL DISTRICT",13,6,9
"2962",11869,"3F10513^^1371084E","TUMWATER SD 33","TUMWATER SCHOOL DISTRICT 33 (TUMWATER WA)",13,6,9
"2963",11870,"3F10513^^1371223E","RAINIER SD 307","RAINIER SCHOOL DISTRICT 307 (RAINIER WA)",13,6,9
"2964",11871,"3F10513^^1371303E","GRIFFIN SD (OLYMPIA)","GRIFFIN SCHOOL DISTRICT (OLYMPIA WA)",13,6,9
"2965",11872,"3F10513^^1371503E","NEW CENTURY HS(LACEY","NEW CENTURY HIGH SCHOOL (LACEY WA)",13,6,9
"2966",11873,"3F10513^^1372158E","RAINIER ES (RAINIER)","RAINIER ELEMENTARY SCHOOL (RAINIER)",13,6,9
"2967",11874,"3F10513^^1372342E","LINCOLN ES(OLYMPIA)","LINCOLN ELEMENTARY SCHOOL (OLYMPIA WA)",13,6,9
"2968",11875,"3F10513^^1372406E","GRIFFIN ES (OLYMPIA)","GRIFFIN ELEMENTARY (OLYMPIA)",13,6,9
"2969",11876,"3F10513^^1372448E","GARFIELD ES (OLYMPIA","GARFIELD ELEMENTARY SCHOOL (OLYMPIA WA)",13,6,9
"2970",11877,"3F10513^^1372468E","RAINIER JHS HS(RAINI","RAINIER JUNIOR/SENIOR HIGH SCHOOL (RAINIER)",13,6,9
"2971",11878,"3F10513^^1372487E","BOSTON HARBOR ES(OLY","BOSTON HARBOR ELEMENTARY (OLYMPIA)",13,6,9
"2972",11879,"3F10513^^1372552E","MICHAEL T SIMMONS ES","MICHAEL T SIMMONS ELEMENTARY (OLYMPIA WA)",13,6,9
"2973",11880,"3F10513^^1372621E","MCLANE ES (OLYMPIA)","MCLANE ELEMENTARY SCHOOL (OLYMPIA)",13,6,9
"2974",11881,"3F10513^^1372754E","SOUTH BAY ES(OLYMPIA","SOUTH BAY ELEMENTARY (OLYMPIA)",13,6,9
"2975",11882,"3F10513^^1372778E","ROOSEVELT ES(OLYMPIA","ROOSEVELT ELEMENTARY SCHOOL (OLYMPIA WA)",13,6,9
"2976",11883,"3F10513^^1373010E","NORTH THURSTON HS(OL","NORTH THURSTON HIGH SCHOOL (OLYMPIA WA)",13,6,9
"2977",11884,"3F10513^^1373066E","MADISON ES (OLYMPIA)","MADISON ELEMENTARY SCHOOL (OLYMPIA WA)",13,6,9
"2978",11885,"3F10513^^1373130E","MT VIEW ES #2(LACEY)","MOUNTAIN VIEW ELEMENTARY (LACEY) #2",13,6,9
"2979",11886,"3F10513^^1373131E","ROGERS ES (OLYMPIA)","ROGERS ELEMENTARY SCHOOL (OLYMPIA WA)",13,6,9
"2980",11887,"3F10513^^1373132E","OLYMPIA HS (OLYMPIA)","OLYMPIA HIGH SCHOOL (OLYMPIA WA)",13,6,9
"2981",11888,"3F10513^^1373133E","JEFFERSON MS(OLYMPIA","JEFFERSON MIDDLE SCHOOL (OLYMPIA WA)",13,6,9
"2982",11889,"3F10513^^1373199E","PETER G SCHMIDT ES","PETER G SCHMIDT ELEMENTARY (TUMWATER WA)",13,6,9
"2983",11890,"3F10513^^1373262E","LYDIA HAWK ES(LACEY)","LYDIA HAWK ELEMENTARY (LACEY)",13,6,9
"2984",11891,"3F10513^^1373361E","CHINOOK MS (LACEY)","CHINOOK MIDDLE SCHOOL (LACEY)",13,6,9
"2985",11892,"3F10513^^1373539E","LAKES ES (LACEY)","LAKES ELEMENTARY SCHOOL (LACEY)",13,6,9
"2986",11893,"3F10513^^1373540E","LP BROWN ES (OLYMPIA","LELAND P BROWN ELEM ENTARY SCHOOL (OLYMPIA)",13,6,9
"2987",11894,"3F10513^^1373611E","NISQUALLY MS(OLYMPIA","NISQUALLY MIDDLE SCHOOL (OLYMPIA)",13,6,9
"2988",11895,"3F10513^^1373612E","TUMWATER MS(TUMWATER","TUMWATER MIDDLE SCHOOL (TUMWATER WA)",13,6,9
"2989",11896,"3F10513^^1373653E","LACEY ES (LACEY)","LACEY ELEMENTARY (LACEY WA)",13,6,9
"2990",11897,"3F10513^^1373696E","REEVES MS (OLYMPIA)","REEVES MIDDLE SCHOOL (OLYMPIA)",13,6,9
"2991",11898,"3F10513^^1373697E","PIONEER ES (OLYMPIA)","PIONEER ELEMENTARY SCHOOL (OLYMPIA WA)",13,6,9
"2992",11899,"3F10513^^1373709E","OLYMPIC VIEW ES(LACEY","OLYMPIC VIEW ELEMENTARY (LACEY WA)",13,6,9
"2993",11900,"3F10513^^1373710E","TIMBERLINE HS(OLYMPI","TIMBERLINE HIGH SCHOOL (OLYMPIA)",13,6,9
"2994",11901,"3F10513^^1373711E","WASHINGTON MS(OLYMPI","WASHINGTON MIDDLE SCHOOL (OLYMPIA WA)",13,6,9
"2995",11902,"3F10513^^1373925E","TUMWATER WEST EDUC C","TUMWATER WEST EDUC CTR (TUMWATER WA)",13,6,9
"2996",11903,"3F10513^^1373960E","CAPITAL HS (OLYMPIA)","CAPITAL HIGH SCHOOL (OLYMPIA WA)",13,6,9
"2997",11904,"3F10513^^1374058E","EVERGREEN FOREST ES","EVERGREEN FOREST ELEMENTARY (LACEY WA)",13,6,9
"2998",11905,"3F10513^^1374122E","WOODLAND ES(LACEY)","WOODLAND ELEMENTARY (LACEY WA)",13,6,9
"2999",11906,"3F10513^^1374255E","MEADOWS ES (OLYMPIA)","MEADOWS ELEMENTARY (OLYMPIA)",13,6,9
"3000",11907,"3F10513^^1374271E","PLEASANT GLADE ES(OL","PLEASANT GLADE ELEMENTARY (OLYMPIA)",13,6,9
"3001",11908,"3F10513^^1374314E","PUGET SOUND HS(LACEY","PUGET SOUND HIGH SCHOOL (LACEY WA)",13,6,9
"3002",11909,"3F10513^^1374365E","EAST OLYMPIA ES","EAST OLYMPIA ELEMENTARY (OLYMPIA)",13,6,9
"3003",11910,"3F10513^^1374367E","CENTENNIAL ES(OLYMPI","CENTENNIAL ELEMENTARY (OLYMPIA WA)",13,6,9
"3004",11911,"3F10513^^1374368E","SEVEN OAKS ES(OLYMPI","SEVEN OAKS ELEMENTARY (OLYMPIA)",13,6,9
"3005",11912,"3F10513^^1374373E","TUMWATER HILL ES(TUM","TUMWATER HILL ELEMENTARY (TUMWATER WA)",13,6,9
"3006",11913,"3F10513^^1374408E","HORIZONS ES (LACEY)","HORIZONS ELEMENTARY (LACEY)",13,6,9
"3007",11914,"3F10513^^1374409E","KOMACHIN MS (LACEY)","KOMACHIN MIDDLE SCHOOL (LACEY WA)",13,6,9
"3008",11915,"3F10513^^1374427E","RIVER RIDGE HS(LACEY","RIVER RIDGE HIGH SCHOOL (LACEY WA)",13,6,9
"3009",11916,"3F10513^^1374452E","GEO WASHINGTON BUSH","GEORGE WASHINGTON BUSH MIDDLE SCHL (TUMWATER WA)",13,6,9
"3010",11917,"3F10513^^1374458E","MCKINNY ES (OLYMPIA)","MCKINNY ELEMENTARY (OLYMPIA WA)",13,6,9
"3011",11918,"3F10513^^1374472E","JULIA BUTLER HANSEN","JULIA BUTLER HANSEN ELEMENTARY (OLYMPIA WA)",13,6,9
"3012",11919,"3F10513^^1378025E","SUNRISE BEACH SCHL(O","SUNRISE BEACH SCHOOL (OLYMPIA WA)",13,6,9
"3013",11920,"3F10513^^1378209E","OLYMPIA JUNIOR ACAD","OLYMPIA JUNIOR ACADEMY (OLYMPIA WA)",13,6,9
"3014",11921,"3F10513^^1378210E","ST MICHAELS SCHL(OLY","ST. MICHAELS SCHOOL (OLYMPIA WA)",13,6,9
"3015",11922,"3F10513^^1378313E","THURSTON CO OFF-CAMP","THURSTON CO. OFF-CAMPUS SCH. (OLYMPIA WA)",13,6,9
"3016",11923,"3F10513^^1378317E","OLYMPIA COMMUNITY SC","OLYMPIA COMMUNITY SCHOOL (OLYMPIA WA)",13,6,9
"3017",11924,"3F10513^^1378332E","EVERGREEN CHRIST(OLY","EVERGREEN CHRISTIAN SCHOOL (OLYMPIA WA)",13,6,9
"3018",11925,"3F10513^^1378340E","HOLY FAMILY(LACEY)","HOLY FAMILY SCHOOL (LACEY WA)",13,6,9
"3019",11926,"3F10513^^1378407E","WA HE LUT SCHL (OLYM","WA HE LUT SCHOOL (OLYMPIA WA)",13,6,9
"3020",11927,"3F10513^^1378482E","FAITH LUTH SCHL (OLY","FAITH LUTHERAN SCHOOL (OLYMPIA WA)",13,6,9
"3021",11928,"3F10513^^1378811E","NAZARENE CHRIST SCHL","NAZARENE CHRISTIAN SCHOOL (TUMWATER, WA)",13,6,9
"3022",11929,"3F10513^^1378855E","OLYMPIA WALDORF SCHL","OLYMPIA WALDORF SCHOOL (EAST OLYMPIA WA)",13,6,9
"3023",11930,"3F10513^^1378948E","NOVA SCHOOL(OLYMPIA)","NOVA SCHOOL (OLYMPIA,)",13,6,9
"3024",11931,"3F10513^^1378966E","CORNERSTONE CHRIST(O","CORNERSTONE CHRISTIAN ELEM SCHOOL (OLYMPIA WA)",13,6,9
"3025",11974,"3F10513^^140025^H","ELSON CR HATCHERY","ELSON CREEK HATCHERY  (SQUAXIN TRIBE)",14,6,9
"3026",12017,"3F10513^^140049^H","SHELTON HATCHERY(14)","SHELTON HATCHERY (WRIA 14) (JOHNS CREEK)",14,6,9
"3027",12083,"3F10513^^1401^^^E","HOOD CANAL SCHOOLS","HOOD CANAL SCHOOLS",14,6,9
"3028",12106,"3F10513^^140122^H","HARSTINE IS PROJECT","HARSTINE ISLAND PROJECT (JARRELL CREEK)",14,6,9
"3029",12109,"3F10513^^146006^H","BOY SCOUT TROOP 112","BOY SCOUT TROOP 112",14,6,9
"3030",12110,"3F10513^^146025^H","KIMBEL PROJECT","KIMBEL PROJECT",14,6,9
"3031",12111,"3F10513^^146065^H","SHERWOOD CR PROJECT","SHERWOOD CR PROJECT  FEDERAL WAY",14,6,9
"3032",12112,"3F10513^^146190^H","HARTWELL SPRINGS","HARTWELL SPRINGS PROJECT (HAMMERSLEY INLET)",14,6,9
"3033",12113,"3F10513^^146191^H","JACOBSEN SPRING PROJ","JACOBSEN SPRING  PROJECT  (COFFEE CREEK - TRIB OF GOLDSBOURGH)",14,6,9
"3034",12114,"3F10513^^146192^H","LOERTCHER CR PROJECT","LOERTCHER CREEK PROJECT (TRIB TO GOSNELL CREEK)",14,6,9
"3035",12115,"3F10513^^1471083E","SHELTON SD (SHELTON)","SHELTON SCHOOL DISTRICT 309 (SHELTON)",14,6,9
"3036",12116,"3F10513^^1471256E","HOOD CANAL SD(SHELTO","HOOD CANAL SCHOOL DISTRICT 404 (SHELTON)",14,6,9
"3037",12117,"3F10513^^1471285E","SOUTHSIDE SD 42","SOUTHSIDE SCHOOL DISTRICT 042 (SHELTON WA)",14,6,9
"3038",12118,"3F10513^^1471286E","GRAPEVIEW SCHOOL","GRAPEVIEW SCHOOL PRINCIPAL (GRAPEVIEW)",14,6,9
"3039",12119,"3F10513^^1471287E","PIONEER SD 402(SHELT","PIONEER SCHOOL DISTRICT 402 (SHELTON WA)",14,6,9
"3040",12120,"3F10513^^1472310E","HOOD CANAL ES(SHELTO","HOOD CANAL ELEMENTARY AND (SHELTON)",14,6,9
"3041",12121,"3F10513^^1472744E","SOUTHSIDE ES(SHELTON","SOUTHSIDE ELEMENTARY (SHELTON)",14,6,9
"3042",12122,"3F10513^^1472745E","EVERGREEN ES(SHELTON","EVERGREEN ELEMENTARY SCHOOL (SHELTON WA)",14,6,9
"3043",12123,"3F10513^^1472865E","PIONEER INTERMEDIATE","PIONEER INTERMEDIATE/MIDDLE SCHOOL (SHELTON WA)",14,6,9
"3044",12124,"3F10513^^1473241E","SHELTON HS (SHELTON)","SHELTON HIGH SCHOOL (SHELTON)",14,6,9
"3045",12125,"3F10513^^1473291E","BORDEAUX ES (SHELTON","BORDEAUX ELEMENTARY SCHOOL (SHELTON WA)",14,6,9
"3046",12126,"3F10513^^1473292E","MT VIEW ES (SHELTON)","MOUNTAIN VIEW ELEMENTARY (SHELTON WA)",14,6,9
"3047",12127,"3F10513^^1474288E","C H O I C E HS","C H O I C E  HIGH SCHOOL (SHELTON)",14,6,9
"3048",12128,"3F10513^^1474363E","SHELTON MS (SHELTON)","SHELTON MIDDLE SCHOOL (SHELTON WA)",14,6,9
"3049",12129,"3F10513^^1474463E","PIONEER ES (SHELTON)","PIONEER PRIMARY SCHOOL (SHELTON WA)",14,6,9
"3050",12130,"3F10513^^1478123E","SHELTON VALLEY SDA","SHELTON VALLEY S.D.A. SCHOOL (SHELTON WA)",14,6,9
"3051",12131,"3F10513^^1478926E","ABBAS GARDEN ACAD","ABBA'S GARDEN ACADEMY (SHELTON WA)",14,6,9
"3052",12132,"3F10513^^1478937E","MASON COUNTY CHRIST","MASON COUNTY CHRISTIAN SCHOOL (SHELTON WA)",14,6,9
"3053",12133,"3F10513^^15^^^^^H04","HUPP SPRINGS(SSNP)","SSNP BROODSTOCK",15,6,NA
"3054",12135,"3F10513^^150002^H","COULTER CR REARING POND","COULTER CREEK REARING POND (FORMERLY: COULTER CREEK HATCHERY)",15,6,7
"3055",12165,"3F10513^^150030^H","KEY PENNINSULA RSI","KEY PENNINSULA CHINOOK RSI",15,6,NA
"3056",12185,"3F10513^^150048^H","MINTER CR HATCHERY","MINTER CREEK HATCHERY (FORMER NAME - MINTER HATCHERY)",15,6,7
"3057",12186,"3F10513^^150048^H02","HUPP SPRINGS REARING","HUPP SPRINGS REARING FACILITY (MINTER CR SATELLITE)",15,6,7
"3058",12187,"3F10513^^150048^H03","MINTER HAT + HUPP SPRING","MINTER HAT + HUPP SPRING REARING",15,6,NA
"3059",12204,"3F10513^^150060^H","PURDY CR PROJECT RSI","PURDY CREEK PROJECT RSI",15,6,NA
"3060",12214,"3F10513^^150068^H","NELYALY CR PROJECT","NELYALY CREEK PROJECT (HENDERSON INLET)",15,6,9
"3061",12216,"3F10513^^150068AH","MARBLE CR PROJECT2","MARBLE CR PROJECT (LOCATED BETWEEN 150068 AND 150069)",15,6,9
"3062",12249,"3F10513^^156005^H","KOPACHUCK SALMON PRJ","KOPACHUCK SALMON PROJECT  (IN EAST CARR INLET)",15,6,9
"3063",12250,"3F10513^^156007^H","SOUTH ROSEDALE PROJ","SOUTH ROSEDALE (IN EAST CARR INLET)",15,6,9
"3064",12251,"3F10513^^156036^H","GILMER PROJECT","GILMER PROJECT",15,6,9
"3065",12252,"3F10513^^156058^H","HOLY FAMILY SCHOOL","HOLY FAMILY SCHOOL",15,6,9
"3066",12253,"3F10513^^156090^H","KITSAP CONSERVATION","KITSAP CONSERVATION",15,6,9
"3067",12254,"3F10513^^1572681E","PENINSULA HS(GIG HAR","PENINSULA HIGH SCHOOL (GIG HARBOR)",15,6,9
"3068",12255,"3F10513^^1573055E","EVERGREEN ES #2(LAKE","EVERGREEN ELEMENTARY (LAKEBAY) #2",15,6,9
"3069",12256,"3F10513^^1573056E","VAUGHN ES (VAUGHN)","VAUGHN ELEMENTARY SCHOOL (VAUGHN)",15,6,9
"3070",12257,"3F10513^^1573299E","ARTONDALE ES(GIG HAR","ARTONDALE ELEMENTARY SCHOOL (GIG HARBOR)",15,6,9
"3071",12258,"3F10513^^1574156E","KEY PENINSULA MS(LAK","KEY PENINSULA MIDDLE SCHOOL (LAKEBAY WA)",15,6,9
"3072",12259,"3F10513^^1574189E","MINTER CREEK ES (GIG","MINTER CREEK ELEMENTARY (GIG HARBOR)",15,6,9
"3073",12260,"3F10513^^1574219E","KOPACHUCK MS","KOPACHUCK MIDDLE SCHOOL (GIG HARBOR)",15,6,9
"3074",12309,"3F10609^^156016^H","SHOREWOOD MAINT. COM","SHOREWOOD MAINT. COM.         HANSVILLE",15,6,9
"3075",12326,"3F10609^^170203^H","CHIMACUM CR HATCHERY","CHIMACUM CREEK HATCHERY",17,6,9
"3076",12341,"3F10609^^176015^H","LUDLOW CR PROJECT","LUDLOW CREEK  (ROBERT SANDERS PROJECT)",17,6,9
"3077",12342,"3F10609^^1771119E","PORT TOWNSEND SD 50","PORT TOWNSEND SCHOOL DISTRICT 50 (PORT TOWNSEND WA)",17,6,9
"3078",12343,"3F10609^^1771175E","CHIMACUM SD","CHIMACUM SCHOOL DISTRICT 49 (CHIMACUM)",17,6,9
"3079",12344,"3F10609^^1772503E","PORT TOWNSEND HS","PORT TOWNSEND HIGH SCHOOL (PORT TOWNSEND WA)",17,6,9
"3080",12345,"3F10609^^1772697E","CHIMACUM ES","CHIMACUM ELEMENTARY SCHOOL (CHIMACUM WA)",17,6,9
"3081",12346,"3F10609^^1773094E","SALISH COAST ELEMENTARY","SALISH COAST ELEMENTARY SCHOOL",17,6,9
"3082",12347,"3F10609^^1773275E","CHIMACUM HS","CHIMACUM HIGH SCHOOL (CHIMACUM)",17,6,9
"3083",12348,"3F10609^^1773428E","MT VIEW ES (PT TOWNS","MOUNTAIN VIEW ELEMENTARY (PORT TOWNSEND WA)",17,6,9
"3084",12349,"3F10609^^1774030E","SPECIAL ED(PORT TOWN","SPECIAL EDUCATION (PORT TOWNSEND WA)",17,6,9
"3085",12350,"3F10609^^1774261E","CHIMACUM JHS","CHIMACUM JUNIOR HIGH (CHIMACUM WA)",17,6,9
"3086",12351,"3F10609^^1778027E","CEDARBROOK ADVENTIST","CEDARBROOK ADVENTIST CHRISTIAN SCHL (PORT HADLOCK, WA)",17,6,9
"3087",12352,"3F10609^^1778695E","ALPHA OMEGA CHRISTIA","ALPHA OMEGA CHRISTIAN SCHOOL (PORT TOWNSEND WA)",17,6,9
"3088",12353,"3F10609^^1778953E","OLYMPIC CHRIST SCHL","OLYMPIC CHRISTIAN SCHOOL (PORT TOWNSEND WA)",17,6,9
"3089",12476,"3F10804^^190235^H","SAIL R NETARTS BOXES","SAIL RIVER STREAMSIDE NETARTS BOX",19,6,9
"3090",12617,"3F10805^^190148^H","HOKO FALLS HATCHERY","HOKO FALLS HATCHERY (MAKAH TRIBE) [FORMERLY HOKO HATCHERY]",19,6,9
"3091",12706,"3F10805^^196005^H","OLSON RESORT    (19)","OLSON RESORT",19,6,9
"3092",12707,"3F10805^^1971174E","CAPE FLATTERY SD 401","CAPE FLATTERY SCHOOL DISTRICT 401 (SEKIU, WA)",19,6,9
"3093",12708,"3F10805^^1973422E","CLALLAM BAY ES/HS","CLALLAM BAY HIGH & ELEMENTARY (SEKIU)",19,6,9
"3094",12718,"3F10806^^170219^H","SNOW CR RSI","SNOW CREEK REMOTE SITE INCUBATOR",17,6,9
"3095",12722,"3F10806^^170221^H","ANDREWS CR RSI","ANDREWS CREEK REMOTE SITE INCUBATOR (17.0221)",17,6,9
"3096",12747,"3F10806^^170245^H","SALMON CR HATCHERY","SALMON CREEK HATCHERY (17.0245)",17,6,NA
"3097",12789,"3F10806^^170285^H","JIMMYCOMELTLY17.0285","JIMMYCOMELATELY CR",17,6,NA
"3098",12811,"3F10806^^176020^H","SMITHS PROJECT","SMITHS",17,6,9
"3099",12830,"3F10806^^180018^H","DUNGENESS HATCHERY","DUNGENESS HATCHERY",18,6,7
"3100",12849,"3F10806^^180028^H","HURD CR HATCHERY","HURD CREEK HATCHERY",18,6,7
"3101",12871,"3F10806^^180048^H","GRAY WOLF R ACCL PD","GRAY WOLF RIVER ACCLIMATION POND",18,6,7
"3102",13011,"3F10806^^180185^H","MORSE CREEK HATCHERY","MORSE CREEK HATCHERY",18,6,7
"3103",13100,"3F10806^^180272^H","ELWHA HATCHERY","ELWHA HATCHERY (FORMERLY: ELWHA RIVER SPAWNING CHANNEL)",18,6,7
"3104",13101,"3F10806^^180272^H02","LK ALDWELL NETPENS","LAKE ALDWELL NETPENS (ELWHA RIVER)",18,6,NA
"3105",13108,"3F10806^^180274^H","LOWER ELWHA HATCHERY","LOWER ELWHA HATCHERY  (LOWER ELWHA TRIBE)",18,6,NA
"3106",13483,"3F10806^^186005^H","PENINSULA COLLEGE","PENINSULA COLLEGE",18,6,9
"3107",13484,"3F10806^^186011^H","WILD OLYMPIC SALMON","WILD OLYMPIC SALMON",18,6,9
"3108",13485,"3F10806^^186085^H","FISH FOREVER","FISH FOREVER",18,6,9
"3109",13486,"3F10806^^1871036E","PORT ANGELES SD 121","PORT ANGELES SCHOOL DISTRICT 121 (PORT ANGELES WA)",18,6,9
"3110",13487,"3F10806^^1871117E","SEQUIM SD 323","SEQUIM SCHOOL DISTRICT 323 (SEQUIM WA)",18,6,9
"3111",13488,"3F10806^^1871224E","CRESCENT SD313(JOYCE","CRESCENT SCHOOL DISTRICT 313 (JOYCE WA)",18,6,9
"3112",13489,"3F10806^^1872054E","FAIRVIEW ES(PT ANGEL","FAIRVIEW ELEMENTARY (PORT ANGELES WA)",18,6,9
"3113",13490,"3F10806^^1872368E","JEFFERSON ES(PT ANGE","JEFFERSON ELEMENTARY SCHOOL (PORT ANGELES)",18,6,9
"3114",13491,"3F10806^^1872470E","DRY CR ES(PT ANGELES","DRY CREEK ELEMENTARY SCHOOL (PORT ANGELES WA)",18,6,9
"3115",13492,"3F10806^^1872471E","SEQUIM HS","SEQUIM SENIOR HIGH (SEQUIM)",18,6,9
"3116",13493,"3F10806^^1872722E","HELEN HALLER ES(SEQU","HELEN HALLER ELEMENTARY SCHOOL (SEQUIM)",18,6,9
"3117",13494,"3F10806^^1872761E","MONROE ES(PT ANGELES","MONROE ELEMENTARY SCHOOL (PORT ANGELES)",18,6,9
"3118",13495,"3F10806^^1872908E","PORT ANGELES HS","PORT ANGELES HIGH SCHOOL (PORT ANGELES WA)",18,6,9
"3119",13496,"3F10806^^1872909E","FRANKLIN ES(PT ANGLE","FRANKLIN ELEMENTARY (PORT ANGELES)",18,6,9
"3120",13497,"3F10806^^1872963E","SEQUIM MS (SEQUIM)","SEQUIM MIDDLE SCHOOL (SEQUIM WA)",18,6,9
"3121",13498,"3F10806^^1873079E","HAMILTON ES(PT ANGEL","HAMILTON ELEMENTARY (PORT ANGELES)",18,6,9
"3122",13499,"3F10806^^1873318E","STEVENS MS(PORT ANGE","STEVENS MIDDLE SCHOOL (PORT ANGELES WA)",18,6,9
"3123",13500,"3F10806^^1873473E","CRESCENT ES/HS(JOYCE","CRESCENT ELEMENTARY/HIGH SCHOOL (JOYCE WA)",18,6,9
"3124",13501,"3F10806^^1874003E","THE CHOICE ALT SCHL","THE CHOICE ALTERNATIVE SCHOOL (PORT ANGELES WA)",18,6,9
"3125",13502,"3F10806^^1874087E","ROOSEVELT MS(PT ANGE","ROOSEVELT MIDDLE SCHOOL (PORT ANGELES WA)",18,6,9
"3126",13503,"3F10806^^1874378E","GREYWOLF ES (SEQUIM)","GREYWOLF ELEMENTARY SCHOOL (SEQUIM)",18,6,9
"3127",13504,"3F10806^^1878006E","QUEEN OF ANGELS SCHL","QUEEN OF ANGELS SCHOOL (PORT ANGELES)",18,6,9
"3128",13505,"3F10806^^1878315E","SEQUIM SDA SCHOOL","SEQUIM S.D.A. SCHOOL (SEQUIM WA)",18,6,9
"3129",13553,"3F217^^^^^^^^^^^H08","RFEG 8 NORTH COAST","WASHINGTON REGIONAL ENHANCEMENT GROUP 8 - NORTH COAST",NA,6,9
"3130",13569,"3F21702^^210337^H","RAFT R POND","RAFT RIVER POND  (QUINAULT TRIBE)",21,6,NA
"3131",13634,"3F21702^^210398^H","QUINAULT LK HATCHERY","QUINAULT LAKE HATCHERY - TRIBAL NET PENS",21,6,9
"3132",13679,"3F21702^^210429^H","QUINAULT NFH -COOK C","QUINAULT NATIONAL FISH HATCHERY ON COOK CREEK  72W",21,6,NA
"3133",14040,"3F21702^^2171201E","QUINAULT LK SD 97","QUINAULT LAKE SCHOOL DISTRICT 97 (AMANDA PARK WA)",21,6,9
"3134",14041,"3F21702^^2171275E","TAHOLAH SD 77","TAHOLAH SCHOOL DISTRICT 77 (TAHOLAH WA)",21,6,9
"3135",14042,"3F21702^^2172921E","LK QUINAULT ES HS","LAKE QUINAULT ELEM/HIGH SCHOOLS (AMANDA PARK WA)",21,6,9
"3136",14043,"3F21702^^2173155E","PACIFIC BEACH ES","PACIFIC BEACH ELEMENTARY (PACIFIC BEACH WA)",21,6,9
"3137",14059,"3F21703^^200096^H02","SOLDUC HATCHERY","SOLDUC HATCHERY",20,6,7
"3138",14060,"3F21703^^200096^H03","BEAR SPRINGS 2  (20)","BEAR SPRINGS 2 (SOL DUC SATTELITE)",20,6,7
"3139",14061,"3F21703^^200096^H04","EAGLE CREEK HATCHERY","EAGLE CREEK HATCHERY ON THE SOL DUC RIVER (QUILEUTE TRIBE)",20,6,NA
"3140",14062,"3F21703^^200096^H05","BEAR SPRINGS 1  (20)","BEAR SPRINGS 1 (SOL DUC SATTELITE)",20,6,7
"3141",14172,"3F21703^^200162^H02","BOGACHIEL HATCHERY","BOGACHIEL HATCHERY (FORMERLY: BOGACHIEL POND)",20,6,7
"3142",14393,"3F21703^^200340^H","SNIDER CR REARING PD","SNIDER CREEK REARING POND (OLYMPIC PENNINSULA GUIDES) SOL DUC R TRIB",20,6,NA
"3143",14456,"3F21703^^200399AH","LONESOME CR HATCHERY","LONESOME CREEK HATCHERY (QUILEUTE TRIBE NO RELEASES)",20,6,NA
"3144",14495,"3F21703^^200423^H","CHALAAT CR HATCHERY","CHALAAT CREEK HATCHERY (HOH TRIBE)",20,6,NA
"3145",14554,"3F21703^^200470^H01","CANYON SPRINGS POND","CANYON SPRINGS POND  (ON CANYON CREEK)  (HOH TRIBE)",20,6,NA
"3146",14681,"3F21703^^206190^H","BORDE SPRINGS PROJ","BORDE SPRINGS PROJECT ON BOGACHIEL RIVER",20,6,9
"3147",14683,"3F21703^^2071118E","QUILLAYUTE VALLEY(FO","QUILLAYUTE VALLEY (FORKS WA)",20,6,NA
"3148",14684,"3F21703^^2071278E","QUEETS-CLEARWATER SD","QUEETS-CLEARWATER SCHOOL DISTRICT 020/ (FORKS WA)",20,6,9
"3149",14685,"3F21703^^2071500E","FORKS ALT SCHL(FORKS","FORKS ALTERNATIVE SCHOOL (FORKS WA)",20,6,9
"3150",14686,"3F21703^^2072349E","FORKS HS (FORKS)","FORKS HIGH SCHOOL (FORKS WA)",20,6,9
"3151",14687,"3F21703^^2072609E","FORKS MS (FORKS)","FORKS MIDDLE SCHOOL (FORKS WA)",20,6,9
"3152",14688,"3F21703^^2073737E","FORKS ES (FORKS)","FORKS ELEMENTARY SCHOOL (FORKS WA)",20,6,9
"3153",14689,"3F21703^^2078544E","QUILEUTE TRIBAL SCHL","QUILEUTE TRIBAL SCHOOL (LA PUSH WA)",20,6,9
"3154",14690,"3F21703^^2078809E","FORKS 7TH DAY ADVENT","FORKS 7TH DAY ADVENTIST SCHOOL (FORKS WA)",20,6,9
"3155",14742,"3F21703^^210024ZH01","POND 1  (CLEARWATER)","POND 1 (CLEARWATER)",21,6,NA
"3156",14743,"3F21703^^210024ZH02","COPPERMINE POND (21)","COPPERMINE BOTTOMS POND (CLEARWATER)",21,6,NA
"3157",14744,"3F21703^^210024ZH03","POND 2  (CLEARWATER)","POND 2 (CLEARWATER)",21,6,NA
"3158",14745,"3F21703^^210024ZH04","MULE PASTURE POND","MULE PASTURE POND - CLEARWATER R  (HOH TRIBE)",21,6,NA
"3159",14746,"3F21703^^210024ZH05","AIRPORT POND    (21)","AIRPORT POND (CLEARWATER)",21,6,NA
"3160",14747,"3F21703^^210024ZH06","D & L POND      (21)","D & L POND (CLEARWATER)",21,6,NA
"3161",14748,"3F21703^^210024ZH07","MORRISON'S POND (21)","MORRISON'S POND (CLEARWATER)",21,6,NA
"3162",14749,"3F21703^^210024ZH08","DASHER'S POND   (21)","DASHER'S POND (CLEARWATER)",21,6,NA
"3163",14750,"3F21703^^210024ZH09","TIEMEYER'S POND (21)","TIEMEYER'S POND (CLEARWATER)",21,6,NA
"3164",14751,"3F21703^^210024ZH10","PARADISE POND   (21)","PARADISE POND (CLEARWATER)",21,6,NA
"3165",14752,"3F21703^^210024ZH11","PONDS 1&2 CLEARWATER","PONDS 1&2 (CLEARWATER)",21,6,NA
"3166",14783,"3F21703^^210041^H","SHALE CR HATCHERY","SHALE CREEK REARING POND  (CLEARWATER RIVER)",21,6,9
"3167",14891,"3F21703^^210139^H","SALMON R FISH CULTUR","SALMON R FISH CULTURE FACILITY  (QUINAULT TRIBE)(QUEETS TRIB)",21,6,NA
"3168",14922,"3F21703^^210165^H","MATHENY REARING POND","MATHENY CREEK REARING POND (QUEETS RIVER) (QUINAULT TRIBE)",21,6,NA
"3169",15090,"3F21703^^DISP^^^F03","PAC COAST SALMON COAL","PACIFIC COAST SALMON COALITION",20,6,9
"3170",15094,"3F21704^^200004^H","WAATCH CR HATCHERY","WAATCH CREEK HATCHERY (MAKAH TRIBE)",20,6,NA
"3171",15104,"3F21704^^200010^H","EDUCKET CR HATCHERY","EDUCKET CREEK HATCHERY   (MAKAH TRIBE)",20,6,NA
"3172",15110,"3F21704^^200015^H","MAKAH NFH ON TSOO-YESS R","MAKAH NATIONAL FISH HATCHERY  ON TSOO-YESS RIVER",20,6,NA
"3173",15144,"3F21704^^200046^R02","OZETTE LK (CLAL)","OZETTE LAKE",20,6,NA
"3174",15169,"3F21704^^200056^H","UMBRELLA CR HATCHERY","UMBRELLA CR HATCHERY (MAKAH) (WATER FROM UNNAMED TRIB)(NO ONSITE RELEASES)",20,6,NA
"3175",15175,"3F21704^^200058AH","STONY CR HATCHERY","STONY CREEK HATCHERY (LB @ RM 8.0)",20,6,NA
"3176",15203,"3F21704^^2073145E","NEAH BAY HS AND ES","NEAH BAY HIGH AND ELEMENTARY (NEAH BAY WA)",20,6,9
"3177",15204,"3F218^23^Q5FA61^R","CARLISLE LK PROJECT","CARLISLE LAKE PROJECT LAKE LAWERENCE  (Q5FA61) LEWIS CO. T12N-R01E  WRIA=23 REG=5",23,6,9
"3178",15205,"3F21802^^^^^^^^^H09","RFEG 9 GRAYS HARBOR","WASHINGTON REGIONAL ENHANCEMENT GROUP  9 GRAYS HARBOR",NA,6,9
"3179",15222,"3F21802^^220004^H","HUMPTULIPS HATCHERY","HUMPTULIPS HATCHERY",22,6,14
"3180",15223,"3F21802^^220004^H10","LOOMIS POND-HUMPTULI","LOOMIS POND ON HUMPTULIPS RIVER",22,6,NA
"3181",15428,"3F21802^^220190^H01","FRIENDS LANDING NP","FRIENDS LANDING NET PENS (CHEHALIS R, JUST DS OF WYNOOCHEE R MOUTH, ALSO CALLED QUIGGS LANDING",22,6,9
"3182",15439,"3F21802^^220191^H","MAYR BROTHERS REARIN","WISHKAH PONDS   (ALSO KNOWN AS MAYR BROS. PONDS)",22,6,14
"3183",15440,"3F21802^^220191^H01","BUZZARD CR COOP","BUZZARD CR COOP ON WISHKAH R (ALSO @ WISHKAH PONDS??)",22,6,NA
"3184",15494,"3F21802^^220240^H","LK ABERDEEN HATCHERY","LK ABERDEEN HATCHERY  ON VAN WINKLE CREEK (FORMERLY: ABERDEEN TROUT HATCHERY)",22,6,14
"3185",15495,"3F21802^^220240^H02","LONG LIVE THE KINGS","LONG LIVE THE KINGS - WDFW - LAKE ABERDEEN",22,6,9
"3186",15512,"3F21802^^220252^R01","GIRL SCOUTS/LIONS CL","GIRL SCOUTS/LIONS CLUP COOP COHO PROJECT ON MOX SLOUGH (22.0252)",22,6,9
"3187",15520,"3F21802^^220260^H","WYNOOCHEE R PENS","WYNOOCHEE RIVER SALMON PENS",22,6,14
"3188",15521,"3F21802^^220260^H02","WYNOOCHEE LK PENS","WYNOOCHEE LAKE NET PENS (TROUT)",22,6,14
"3189",15523,"3F21802^^220260^R10","TACOMA POWER WYNOOCHEE R DAM","TACOMA POWER WYNOOCHEE R DAM TRAP",22,6,NA
"3190",15551,"3F21802^^220283AH","WYNOOCHEE CHIN PROJ","WYNOOCHEE CHINOOK PROJECT (RB UNNAMED TRIB 0.5 MILE US OF WEDEKIND CR)",22,6,9
"3191",15630,"3F21802^^220360^H","BINGHAM CR HATCHERY","BINGHAM CR HATCHERY -EF SATSOP & BINGHAM(0465)",22,6,14
"3192",15644,"3F21802^^220363^H","MITCHELL CR HATCHERY","MITCHELL CREEK HATCHERY ON SATSOP RIVER  CO-OP",22,6,NA
"3193",15749,"3F21802^^220462^H","SATSOP SPRINGS PONDS","SATSOP SPRINGS SIDE CHANNEL REARING PONDS",22,6,NA
"3194",15750,"3F21802^^220462^H02","BAXTERS COND. POND","BAXTER'S CONDITIONING POND ON SATSOP RIVER",22,6,NA
"3195",15751,"3F21802^^220462^H03","MULLERS HATCHERY","MULLERS HATCHERY ON SATSOP RIVER",22,6,NA
"3196",15758,"3F21802^^220465^R10","BINGHAM CR TRAP","BINGHAM CREEK TRAP",22,6,14
"3197",15949,"3F21802^^221317^H","OCOSTA HIGH PROJECT - RSI","OCOSTA HIGH SCHOOL RSI PROJECT @ REDMAN SLOUGH",22,6,9
"3198",15967,"3F21802^^221333^H02","ELK R -EB COOP","ELK RIVER COOP ON ELK RIVER -EAST BRANCH (PAST RM 4.66)",22,6,9
"3199",16030,"3F21802^^226003^H","DEEP CR      22.6003","DEEP CREEK",22,6,NA
"3200",16031,"3F21802^^226005^H","GRAYS HARBOR GILLNET","GRAYS HARBOR GILLNETTERS NET PEN PROJECT",22,6,9
"3201",16032,"3F21802^^226015^H","GRAYS HARBOR 4-H CLB","GRAYS HARBOR 4-H CLUB",22,6,9
"3202",16033,"3F21802^^226015^H01","GRAYS HARB4-H/FRICKE","GRAYS HARBOR 4-H CLUB -- FRICKE PROJECT",22,6,9
"3203",16034,"3F21802^^226015^H02","GRAYS HARB4-H/HARBEL","GRAYS HARBOR 4-H CLUB -- HARBEL PROJECT",22,6,9
"3204",16035,"3F21802^^226016^H","BARETICH CR (E.ROOS)","BARETICH CR (ERIC ROOS PROJECT)",22,6,9
"3205",16036,"3F21802^^226017^H","HEIMBIGNER PROJECT","HEIMBIGNER PROJECT",22,6,9
"3206",16037,"3F21802^^226019^H","JOHNSON/BARKER PROJ.","JOHNSON/BARKER PROJECT CHEHALIS",22,6,9
"3207",16038,"3F21802^^226030^H","GRAYS HARBOR COLLEGE","GRAYS HARBOR COMMUNITY COLLEGE",22,6,9
"3208",16039,"3F21802^^226045^H","NWSSC - GRAYS HARBOR","NW STHD GRAYS HARBOR",22,6,9
"3209",16040,"3F21802^^226050^H","PACIFIC TROLLERS","PACIFIC TROLLERS",22,6,9
"3210",16041,"3F21802^^226055^H","WA TROLLERS ASSOC.","WA TROLLERS ASSOCIATION",22,6,9
"3211",16042,"3F21802^^226065^H","HABITAT MGMT -OCOSTA","HABITAT MANAGEMENT (WDFW) AT OCOSTA",22,6,NA
"3212",16043,"3F21802^^226070^H","ELMA FFA","ELMA FLY FISHERMEN ASSOCIATION",22,6,9
"3213",16044,"3F21802^^226071^H","MERRYMAN PROJECT","MERRYMAN PROJECT (LYLE HEIMBIGNER) CO-OP",22,6,9
"3214",16045,"3F21802^^226085^H","ELMA GAME ASSOC.","ELMA GAME ASSOCIATION",22,6,9
"3215",16046,"3F21802^^226090^H","MCCLEARY CHAMB. COMM","MCCLEARY CHAMBER OF COMMERCE",22,6,9
"3216",16047,"3F21802^^226093^H","MCCLEARY BOY SCOUT","MCCLEARY BOY SCOUT",22,6,9
"3217",16048,"3F21802^^226094^H","CUBSCOUT PACK 316","CUBSCOUT PACK 316",22,6,9
"3218",16049,"3F21802^^226099^H","OCEAN SHORES","OCEAN SHORES",22,6,9
"3219",16050,"3F21802^^2271033E","ABERDEEN SD 5(ABERDE","ABERDEEN SCHOOL DISTRICT 5 (ABERDEEN WA)",22,6,9
"3220",16051,"3F21802^^2271064E","HOQUIAM SD 28(HOQUIA","HOQUIAM SCHOOL DISTRICT 28 (HOQUIAM WA)",22,6,9
"3221",16052,"3F21802^^2271113E","MONTESANO SD66(MONTE","MONTESANO SCHOOL DISTRICT 66 (MONTESANO WA)",22,6,9
"3222",16053,"3F21802^^2271114E","ELMA SD 68 (ELMA)","ELMA SCHOOL DISTRICT 68 (ELMA WA)",22,6,9
"3223",16054,"3F21802^^2271143E","OCOSTA SD 172(WESTPO","OCOSTA SCHOOL DISTRICT 172 (WESTPORT WA)",22,6,9
"3224",16055,"3F21802^^2271168E","NORTH BEACH SD 64(OC","NORTH BEACH SCHOOL DISTRICT 64 (OCEAN SHORES WA)",22,6,9
"3225",16056,"3F21802^^2271247E","WISHKAH VALLEY SD117","WISHKAH VALLEY SCHOOL DISTRICT 117 (ABERDEEN WA)",22,6,9
"3226",16057,"3F21802^^2271249E","MARY M KNIGHT SD 311","MARY M KNIGHT SCHOOL DISTRICT 311/ (ELMA WA)",22,6,9
"3227",16058,"3F21802^^2271250E","NORTH RIVER SD 200","NORTH RIVER SCHOOL DISTRICT 200/ (COSMOPOLIS WA)",22,6,9
"3228",16059,"3F21802^^2271274E","MCCLEARY SD 065","MCCLEARY SCHOOL DISTRICT 065 (MCCLEARY WA)",22,6,9
"3229",16060,"3F21802^^2271276E","COSMOPOLIS SD 099","COSMOPOLIS SCHOOL DISTRICT 099 (COSMOPOLIS WA)",22,6,9
"3230",16061,"3F21802^^2271277E","SATSOP SD 104","SATSOP SCHOOL DISTRICT 104 (SATSOP)",22,6,9
"3231",16062,"3F21802^^2272098E","WASHINGTON ES(HOQUIU","WASHINGTON ELEMENTARY SCHOOL (HOQUIAM WA)",22,6,9
"3232",16063,"3F21802^^2272137E","ELMA HS (ELMA)","ELMA HIGH SCHOOL (ELMA WA)",22,6,9
"3233",16064,"3F21802^^2272180E","MONTESANO JHS HS","MONTESANO JR/SR HIGH (MONTESANO WA)",22,6,9
"3234",16065,"3F21802^^2272268E","EMERSON ES (HOQUIAM)","EMERSON ELEMENTARY (HOQUIAM WA)",22,6,9
"3235",16066,"3F21802^^2272283E","OAKVILLE HS(OAKVILLE","OAKVILLE HIGH SCHOOL (OAKVILLE WA)",22,6,9
"3236",16067,"3F21802^^2272305E","MILLER JHS (ABERDEEN","MILLER JUNIOR HIGH (ABERDEEN WA)",22,6,9
"3237",16068,"3F21802^^2272391E","HOQUIAM MS (HOQUIAM)","HOQUIAM MIDDLE SCHOOL (HOQUIAM)",22,6,9
"3238",16069,"3F21802^^2272449E","MCDERMOTH ES (ABERDE","MCDERMOTH ELEMENTARY (ABERDEEN WA)",22,6,9
"3239",16070,"3F21802^^2272763E","ROBERT GRAY ES(ABERD","ROBERT GRAY ELEMENTARY (ABERDEEN WA)",22,6,9
"3240",16071,"3F21802^^2272834E","A J WEST ES(ABERDEEN","A. J. WEST ELEMENTARY (ABERDEEN WA)",22,6,9
"3241",16072,"3F21802^^2272835E","MCCLEARY ES (MCCLEAR","MCCLEARY ELEMENTARY (MCCLEARY WA)",22,6,9
"3242",16073,"3F21802^^2272922E","OAKVILLE ES(OAKVILLE","OAKVILLE ELEMENTARY (OAKVILLE)",22,6,9
"3243",16074,"3F21802^^2272971E","STEVENS ES (ABERDEEN","STEVENS ELEMENTARY SCHOOL (ABERDEEN WA)",22,6,9
"3244",16075,"3F21802^^2272972E","CENTRAL ES (HOQUIAM)","CENTRAL ELEMENTARY SCHOOL (HOQUIAM WA)",22,6,9
"3245",16076,"3F21802^^2273024E","OCOSTA JHS(WESTPORT)","OCOSTA JUNIOR - SENIOR HIGH (WESTPORT)",22,6,9
"3246",16077,"3F21802^^2273025E","OCOSTA ES (WESTPORT)","OCOSTA ELEMENTARY SCHOOL (WESTPORT WA)",22,6,9
"3247",16078,"3F21802^^2273093E","ALEXANDER YOUNG ES","ALEXANDER YOUNG ELEMENTARY (ABERDEEN WA)",22,6,9
"3248",16079,"3F21802^^2273216E","CENTRAL PARK ES(ABER","CENTRAL PARK ELEMENTARY (ABERDEEN WA)",22,6,9
"3249",16081,"3F21802^^2273374E","SIMPSON AV ES(MONTES","SIMPSON AVENUE ELEMENTARY (MONTESANO)",22,6,9
"3250",16082,"3F21802^^2273375E","WISHKAH VALLEY ES HS","WISHKAH VALLEY ELEM/HIGH SCHOOL (ABERDEEN)",22,6,9
"3251",16083,"3F21802^^2273427E","NORTH BEACH JHS HS","NORTH BEACH JR/SR HIGH (OCEAN CITY WA)",22,6,9
"3252",16084,"3F21802^^2273476E","J M WEATHERWAX HS(AB","J. M. WEATHERWAX HIGH SCHOOL (ABERDEEN HS)(ABERDEEN)",22,6,9
"3253",16085,"3F21802^^2273495E","MARY M KNIGHT ES(ELM","MARY M KNIGHT ELEMENTARY (ELMA WA)",22,6,9
"3254",16086,"3F21802^^2273621E","LINCOLN ES(HOQUIAM)","LINCOLN ELEMENTARY (HOQUIAM WA)",22,6,9
"3255",16087,"3F21802^^2273622E","HOQUIAM HS (HOQUIAM)","HOQUIAM HIGH SCHOOL (HOQUIAM WA)",22,6,9
"3256",16088,"3F21802^^2273661E","BEACON AVENUE ES (MO","BEACON AVENUE ELEMENTARY SCHOOL (MONTESANO WA)",22,6,9
"3257",16089,"3F21802^^2273787E","OCEAN SHORES/CITY ES","OCEAN SHORES/OCEAN CITY ELEM (OCEAN SHORES)",22,6,9
"3258",16090,"3F21802^^2273857E","HARBOR HS (ABERDEEN)","HARBOR HIGH SCHOOL (ABERDEEN WA)",22,6,9
"3259",16091,"3F21802^^2274245E","ELMA MS (ELMA)","ELMA MIDDLE SCHOOL (ELMA)",22,6,9
"3260",16092,"3F21802^^2274267E","GRAYS HARBOR JUVENIL","GRAYS HARBOR JUVENILE DETENTION CTR (ABERDEEN WA)",22,6,9
"3261",16093,"3F21802^^2278022E","ST MARYS SCHL (ABERD","ST. MARYS SCHOOL (ABERDEEN WA)",22,6,9
"3262",16094,"3F21802^^2278024E","GRAYS HARBOR SDA SCH","GRAYS HARBOR S.D.A. SCHOOL (HOQUIAM WA)",22,6,9
"3263",16095,"3F21802^^2278648E","ELMA ADVENTIST CHRIS","ELMA ADVENTIST CHRISTIAN SCHOOL (ELMA WA)",22,6,9
"3264",16100,"3F21802^^23^^^^^H","EIGHT CK/UPR CHEHALI","EIGHT CR PROJECT (23.1119) AND UPPER CHEHALIS STEELHEAD PROJECT",23,6,NA
"3265",16112,"3F21802^^230543^H","PORTER POND  (23)","PORTER POND ON PORTER CR (CHEHALIS R TRIB)(NOT CERTAIN ABOUT THIS LOCATION)",23,6,NA
"3266",16221,"3F21802^^230649^H","CHEHALIS HATCHERY","CHEHALIS TRIBAL HATCHERY ON BLACK RIVER",23,6,NA
"3267",16350,"3F21802^^230761^H","SKOOKUMCHUCK HATCHERY","SKOOKUMCHUCK HATCHERY (FORMERLY: SKOOKUMCHUCK REARING FACILITY)",23,6,12
"3268",16351,"3F21802^^230761^H02","SKOOKUMCHUCK DAM","SKOOKUMCHUCK DAM TRAP (PUD)",23,6,NA
"3269",16472,"3F21802^^230880^H","DILLENBAUGH CR PROJECT","DILLENBAUGH CREEK PROJECT",23,6,9
"3270",16475,"3F21802^^230882^H12","NOEL COLE POND (23)","NOEL COLE POND (NEWAUKUM POND) PUMPED NEWAUKUM R WATER DRAINS BACK TO NEWAUKUM",23,6,9
"3271",16563,"3F21802^^230957^R","DEEP CR      23.0957","DEEP CREEK HATCHERY",23,6,NA
"3272",16733,"3F21802^^231117^H01","EIGHT CR PROJECT","EIGHT CREEK PROJECT",23,6,9
"3273",16736,"3F21802^^231117^R02","UPR CHEHAIS STEELHD","UPR CHEHALIS STEELHEAD PROJECT",23,6,9
"3274",16835,"3F21802^^236005^H","CHEHALIS TRIBE","CHEHALIS TRIBE",23,6,NA
"3275",16839,"3F21802^^236035^H","ROCHESTER FFA","ROCHESTER FUTURE FARMERS OF AMERICA (INDEPENDENCE + PRAIRIE CREEKS)",23,6,9
"3276",16840,"3F21802^^236082^H","PEDERSEN PROJECT","PEDERSEN PROJECT",23,6,9
"3277",16841,"3F21802^^236901^H","COLUMBUS PARK POND","COLUMBUS PARK POND NEAR BLACK LAKE IN THURSTON CO. (USED BY OLYMPIA MOOSE LODGE)",23,6,NA
"3278",16844,"3F21802^^2371147E","ROCHESTER SD 401","ROCHESTER SCHOOL DISTRICT 401 (ROCHESTER WA)",23,6,9
"3279",16845,"3F21802^^2371148E","TENINO SD 402","TENINO SCHOOL DISTRICT 402 (TENINO WA)",23,6,9
"3280",16850,"3F21802^^2371222E","ADNA SD","ADNA SCHOOL DISTRICT 226 (ADNA)",23,6,9
"3281",16854,"3F21802^^2372166E","CENTRALIA HS (CENTRA","CENTRALIA HIGH SCHOOL (CENTRALIA WA)",23,6,9
"3282",16857,"3F21802^^2372273E","NAPAVINE JHS HS","NAPAVINE JUNIOR-SENIOR HIGH (NAPAVINE WA)",23,6,9
"3283",16863,"3F21802^^2372457E","PARKSIDE ES (TENINO)","PARKSIDE ELEMENTARY (TENINO WA)",23,6,9
"3284",16864,"3F21802^^2372527E","ROCHESTER ES (ROCHES","ROCHESTER ELEMENTARY SCHOOL (ROCHESTER WA)",23,6,9
"3285",16868,"3F21802^^2372816E","LITTLEROCK ES","LITTLEROCK ELEMENTARY SCHOOL (LITTLEROCK)",23,6,9
"3286",16870,"3F21802^^2373067E","ROCHESTER MS (ROCHES","ROCHESTER MIDDLE SCHOOL (ROCHESTER WA)",23,6,9
"3287",16875,"3F21802^^2373346E","OLYMPIC ES (CHEHALIS","OLYMPIC ELEMENTARY (CHEHALIS)",23,6,9
"3288",16877,"3F21802^^2373509E","TENINO HS (TENINO)","TENINO HIGH SCHOOL (TENINO WA)",23,6,9
"3289",16878,"3F21802^^2373795E","TENINO ES (TENINO)","TENINO ELEMENTARY SCHOOL (TENINO WA)",23,6,9
"3290",16879,"3F21802^^2373801E","GRAND MOUND ES(ROCHE","GRAND MOUND ELEMENTARY (ROCHESTER  WA)",23,6,9
"3291",16881,"3F21802^^2374238E","TENINO MS (TENINO)","TENINO MIDDLE SCHOOL (TENINO)",23,6,9
"3292",16883,"3F21802^^2374326E","ROCHESTER HS (ROCHES","ROCHESTER HIGH SCHOOL (ROCHESTER WA)",23,6,9
"3293",16888,"3F21902^^^^^^^^^H10","RFEG 10 WILLAPA BAY","WASHINGTON REGIONAL ENHANCEMENT GROUP 10 WILLAPA BAY",24,6,9
"3294",16891,"3F21902^^24^^^^^R10","ASHLEY PROJECT-REG10","MARK ASHLEY PROJECT WREG 10 IN WILLAPA-SF WILLAPA-NORTH R TRIBUTARIES",24,6,9
"3295",16905,"3F21902^^240004AH","NEWNONSHISH HATCHERY","NEWNONSHISH HATCHERY ON UNNAMED TRIB TO WILLAPA BAY (SHOALWATER BAY TRIBE)",24,6,NA
"3296",16936,"3F21902^^240034^H","MARCH SPAWNING CHNL","MARCH SPAWNING CHANNEL (ON NORTH RIVER -- WILLAPA)",24,6,NA
"3297",16937,"3F21902^^240034^H02","NORTH R REARING POND","NORTH RIVER REARING POND (WILLAPA BAY TRIB) @ T16N-R9W-SEC8P",24,6,NA
"3298",17162,"3F21902^^240251^H02","WILLAPA ALLIANCE NP2","WILLAPA ALLIANCE NET PEN #2 ON WILLAPA R NEAR SOUTH BEND PORT DOCK (WREG-10)",24,6,9
"3299",17191,"3F21902^^240277^H33","WILLAPA R-SF RSI","WILLAPA RIVER -SF REMOTE SITE INCUBATOR",24,6,NA
"3300",17197,"3F21902^^240282^H33","FALL CR RSI  24.0282","FALL CREEK REMOTE SITE INCUBATOR (24.0282)",24,6,NA
"3301",17199,"3F21902^^240283^H33","RUE CR RSI   24.0283","RUE CR REMOTE SITE INCUBATOR",24,6,NA
"3302",17204,"3F21902^^240287^H33","MINNIE CR RSI24.0287","MINNIE CREEK REMOTE SITE INCUBATOR",24,6,NA
"3303",17218,"3F21902^^240300^H33","ELK CR RSI   24.0300","ELK CREEK REMOTE SITE INCUBATOR (24.0300)",24,6,NA
"3304",17241,"3F21902^^240322^H33","MILL CR RSI (LOWER)","MILL CREEK   LOWER REMOTE SITE INCUBATOR",24,6,NA
"3305",17243,"3F21902^^240322^H35","MILL CR RSI (UPPER)","MILL CREEK   UPPER REMOTE SITE INCUBATOR",24,6,NA
"3306",17261,"3F21902^^240339^H02","STRINGER CR PONDS","STRINGER CREEK PONDS (WILLAPA) @ T13N-R8W-ABOUT SEC25",24,6,NA
"3307",17264,"3F21902^^240341^H01","HILLS POND -GREEN CR","HILLS POND -EAST SIDE WILLAPA R @RM1.5 BRIDGE WATER PIPED FROM STRINGER CR -WREG",24,6,NA
"3308",17265,"3F21902^^240341^H02","MCNAMARA POND -GREEN","MCNAMARA POND  ABOUT 1/2 MILE ABOVE MOUTH OF GREEN CR - WILLAPA REG",24,6,NA
"3309",17267,"3F21902^^240342^H03","NEIMEZICK CR POND","NEIMEZICK CREEK POND - WREG-10(UNNAMED 24.0342 IN STREAM CATALOG)",24,6,NA
"3310",17283,"3F21902^^240356^H","FORKS CREEK HATCHERY","FORKS CREEK HATCHERY ON FORK CR (FORMER NAMES:WILLAPA / SUELE [SOL CR] HATCHERY)",24,6,14
"3311",17348,"3F21902^^240417^H33","NIAWIAKUM R RSI (24)","NIAWIAKUM RIVER REMOTE SITE INCUBATOR",24,6,NA
"3312",17358,"3F21902^^240426^H33","PALIX R RSI  24.0426","PALIX RIVER REMOTE SITE INCUBATOR",24,6,NA
"3313",17400,"3F21902^^240460^H","NEMAH HATCHERY","NEMAH HATCHERY  - NORTH NEMAH RIVER",24,6,14
"3314",17401,"3F21902^^240460^H05","WILLAPA ALLIANCE NP","WILLAPA ALLIANCE NET PEN NEAR MOUTH OF NEMAH RIVER (WREG-10)",24,6,9
"3315",17450,"3F21902^^240505^H33","MIDDLE NEMAH R RSI","MIDDLE NEMAH RIVER REMOTE SITE INCUBATOR",24,6,9
"3316",17489,"3F21902^^240543^H","NASELLE HATCHERY","NASELLE HATCHERY",24,6,14
"3317",17534,"3F21902^^240581^R01","JOHNSON CR PROJECT -RSI","JOHNSON CR RSI PROJECT @ JOHNSON CR (MS NASELLE R TRIB)",24,6,9
"3318",17596,"3F21902^^240641^R","BROCK CR     24.0641","BROCK CREEK    (WILLAPA ANGLERS)",24,6,NA
"3319",17715,"3F21902^^246000^H99","SHOALWATER TRIBE-OUT","SHOALWATER TRIBE OUTPLANTING PROGRAM",24,6,NA
"3320",17716,"3F21902^^246011^H","NORTH R PROJECT","NORTH RIVER PROJECT",24,6,9
"3321",17717,"3F21902^^246013^H","CRAIG PROJECT","CRAIG COOP PROJECT",24,6,9
"3322",17718,"3F21902^^246015^H","HABITAT MGT-THOMPSON","HABITAT MANAGEMENT (WDFW)  - THOMPSON (CR ?)",24,6,NA
"3323",17719,"3F21902^^246021^H","WIRKKALA POND","WIRKKALA POND",24,6,NA
"3324",17720,"3F21902^^246025^H","ROYAL RANGERS","ROYAL RANGERS",24,6,9
"3325",17721,"3F21902^^246040^H","NWSSC - PACIFIC CO","NW STEELHEADERS - PACIFIC COUNTY",24,6,9
"3326",17722,"3F21902^^246040^H01","PACIFIC CO ANGLERS","PACIFIC CO ANGLERS (FORMERLY: NW STEELHEADERS - PACIFIC COUNTY)",24,6,9
"3327",17723,"3F21902^^246045^H","NORTH R FFA","NORTH RIVER FUTURE FARMERS OF AMERICA",24,6,9
"3328",17724,"3F21902^^2471115E","RAYMOND SD 116","RAYMOND SCHOOL DISTRICT 116 (RAYMOND WA)",24,6,9
"3329",17725,"3F21902^^2471141E","OCEAN BEACH SD 101","OCEAN BEACH SCHOOL DISTRICT 101 (LONG BEACH WA)",24,6,9
"3330",17726,"3F21902^^2471166E","NASELLE-GRAYS R VALL","NASELLE-GRAYS RIVER VALLEY (NASELLE WA)",24,6,NA
"3331",17727,"3F21902^^2471172E","SOUTH BEND SD 118","SOUTH BEND SCHOOL DISTRICT 118 (SOUTH BEND WA)",24,6,9
"3332",17728,"3F21902^^2471173E","WILLAPA VALLEY SD160","WILLAPA VALLEY SCHOOL DISTRICT 160 (MENLO WA)",24,6,9
"3333",17729,"3F21902^^2472213E","SOUTH BEND MS HS(S B","SOUTH BEND MIDDLE & HIGH SCHOOL (SOUTH BEND WA)",24,6,9
"3334",17730,"3F21902^^2472357E","RAYMOND JHS HS(RAYMO","RAYMOND JUNIOR-SENIOR HIGH (RAYMOND WA)",24,6,9
"3335",17731,"3F21902^^2472542E","WILLAPA VALLEY HS(ME","WILLAPA VALLEY HIGH SCHOOL (MENLO WA)",24,6,9
"3336",17732,"3F21902^^2472803E","NINTH ST/RIVRVIEW ES","NINTH ST & RIVERVIEW ELEM SCHOOLS (RAYMOND WA)",24,6,9
"3337",17733,"3F21902^^2472804E","CHAUNCEY DAVIS ES(SB","CHAUNCEY DAVIS ELEMENTARY (SOUTH BEND WA)",24,6,9
"3338",17734,"3F21902^^2473295E","GRAYS RIVR VALLEY HS","GRAYS RIVR VALLEY HIGH/NASELLE ELEM (NASELLE WA)",24,6,9
"3339",17735,"3F21902^^2473444E","WILLAPA/LEBAM ES(MEN","WILLAPA/LEBAM ELEMENTARY (MENLO WA)",24,6,9
"3340",17736,"3F21902^^2473531E","LONG BEACH ES(LONG B","LONG BEACH ELEMENTARY SCHOOL (LONG BEACH WA)",24,6,9
"3341",17737,"3F21902^^2473599E","NASELLE YOUTH CAMP","NASELLE YOUTH CAMP (NASELLE WA)",24,6,9
"3342",17738,"3F21902^^2473850E","HILLTOP ES (ILWACO)","HILLTOP ELEMENTARY (ILWACO WA)",24,6,9
"3343",17739,"3F21902^^2474039E","OCEAN PARK ES","OCEAN PARK ELEMENTARY MULTI GRADE (OCEAN PARK WA)",24,6,9
"3344",17740,"3F21902^^2474220E","SECONDARY COMPLEX(IL","SECONDARY COMPLEX (ILWACO WA)",24,6,9
"3345",17741,"3F21902^^2478860E","WILLAPA COMMUNITY SC","WILLAPA COMMUNITY SCHOOL (RAYMOND WA)",24,6,9
"3346",17742,"3F21902^^2478871E","MOBY DICK ACAD(OCEAN","MOBY DICK ACADEMY (OCEAN PARK, WA)",24,6,9
"3347",21756,"3F566^13^PJ9CQT^R","LK LAWERENCE NP","LAKE LAWERENCE NET PENS(PJ9CQT) THURSTON CO. T16N-R02E  WRIA=13 REG=6 AREA=339.2",13,6,NA
"3348",21759,"3F566^13^QJJDBY^S","OFFUTT LK NP","OFFUTT LK NET PENS (QJJDBY) THURSTON CO. T17N-R01W  WRIA=13 REG=6 AREA=192 ELEV=236",13,6,NA
"3349",21770,"3F566^14^RN4GG5^H01","SIMPSON OFFICE AQUAR","SIMPSON OFFICE AQUARIUM @ ISLAND LK (RN4GG5) MASON CO. T20N-R03W  WRIA=14 REG=6",14,6,NA
"3350",22002,"3M10409^^888401^H","PORT GAMBLE BAY PENS","PORT GAMBLE BAY SEA PENS  (PORT GAMBLE TRIBE)",15,6,NA
"3351",22006,"3M10412^^160558^H","WALCOTT SLOUGH - FWS","WALCOTT SLOUGH - USFWS BROOD COLLECTION SITE",16,6,NA
"3352",22009,"3M10412^^888^^^^H71","GLENN A/HOODSP/HC-NP","GLENN AYR & HOODSPORT & HOOD CANAL NET PENS (SOUTH HOOD CANAL)",NA,6,NA
"3353",22010,"3M10412^^888402^H","QUILCENE BAY SEA PEN","QUILCENE BAY SEA PENS  (PORT GAMBLE TRIBE)",17,6,NA
"3354",22012,"3M10412^^888403^H","PLEASANT HARBOR NP","PLEASANT HARBOR MARINA NET PENS   (HOOD CANAL)",16,6,NA
"3355",22014,"3M10412^^888404^H","GLENN AYR NET PENS","GLENN AYR NET PENS  (SOUTH HOOD CANAL)",16,6,NA
"3356",22016,"3M10412^^888405^H","ALDERBROOK NET PENS","ALDERBROOK NET PENS (SOUTH HOOD CANAL)",14,6,NA
"3357",22018,"3M10412^^888406^H","SEABECK NET PENS","SEABECK NET PENS  (SEABECK MARINA IN SEABECK BAY)",15,6,NA
"3358",22020,"3M10412^^888407^H","SUND ROCK NET PENS","SUND ROCK NET PENS  (NEAR HOODSPORT) (ALSO CALLED HOOD CANAL NET PENS)",16,6,NA
"3359",22022,"3M10412^^888408^H","HOOD CANAL MARINA NP","HOOD CANAL MARINA NET PENS AT UNION",14,6,NA
"3360",22024,"3M10412^^888409^H","HOODSPORT MARINA NP","HOODSPORT MARINA NP",16,6,NA
"3361",22026,"3M10412^^888410^H","NORDSTROM PROJECT NP","NORDSTROM PROJECT NET PENS (SOUTH HOOD CANAL)",NA,6,9
"3362",22056,"3M10510^^^^^^^^^H70","AGATE P + ILLAHEE NP","AGATE PASS AND ILLAHEE NET PENS",NA,6,NA
"3363",22060,"3M10510^^888101^H","LITTLE CLAM BAY PENS","LITTLE CLAM BAY SEAPENS                    (OLD CODED AREA  87)",15,6,NA
"3364",22061,"3M10510^^888102^H","MANCHESTER FUEL DEPT","MANCHESTER FUEL DEPT SEAPENS",NA,6,9
"3365",22062,"3M10510^^888103^H","DOMSEA SEAPENS","DOMSEA SEAPENS (OLD CODE - USE 3M10510  888102 = MANCHESTER FUEL DEPT)",NA,6,NA
"3366",22063,"3M10510^^888104^H","MANCHESTER","MANCHESTER (WDFW)",NA,6,NA
"3367",22064,"3M10510^^888104^H01","MANCHESTER NP (NMFS)","MANCHESTER FACILITY (NMFS)",NA,6,NA
"3368",22066,"3M10510^^888106^H","AGATE PASS SEA PENS","AGATE PASS SEA PENS  (SUQUAMISH TRIBE)",15,6,9
"3369",22067,"3M10510^^888106^H02","BROWNSVILLE NET PENS","BROWNSVILLE NET PENS (SUQUAMISH TRIBE)",NA,6,NA
"3370",22076,"3M10510^^888118^H","ILLAHEE NET PENS","ILLAHEE NET PENS NEAR THE TOWN OF ILLAHEE IN PORT ORCHARD (EAST BREMERTON)",NA,6,NA
"3371",22101,"3M10511^^888090^H","DES MOINES NET PENS","DES MOINES NET PENS - NW STEELHEADERS",9,6,NA
"3372",22103,"3M10511^^888091^H","TACOMA MARINA SEAPEN","TACOMA MARINA SEAPENS (NEAR TACOMA NARROWS)(FORMERLY CALLED TOTEM MARINA)",11,6,NA
"3373",22104,"3M10511^^888111^H","GIG HARBOR PENS","GIG HARBOR PENS",15,6,NA
"3374",22105,"3M10511^^888112^H","NWSSC-PT.DEFIANCE NP","NWSSC-PT.DEFIANCE NET PENS",11,6,NA
"3375",22107,"3M10511^^888114^H","COMMENCEMENT BAY NP","COMMENCEMENT BAY NET PENS",11,6,NA
"3376",22108,"3M10511^^888118^H","VASHON IS NET PENS","VASHON ISLAND NET PENS",15,6,NA
"3377",22109,"3M10511^^888120^H","QUARTERMASTER HB PEN","QUARTERMASTER HARBOR NET PENS  (PUYALLUP TRIBE)",15,6,NA
"3378",22117,"3M10513^^156075^H","ORO BAY SPORTSM. CLB","ORO BAY SPORTSMENS CLUB",15,6,9
"3379",22118,"3M10513^^888003^H","SHAWS COVE NET PENS","SHAWS COVE NET PENS   (SOUTH SOUND)",15,6,NA
"3380",22119,"3M10513^^888012^H","WOODARD BAY NET PENS","WOODARD BAY NET PENS",13,6,NA
"3381",22121,"3M10513^^888112^H","NARROWS MARINA PENS","NARROWS MARINA SEAPENS",NA,6,NA
"3382",22122,"3M10513^^888120^H","ZITTEL'S MARINA PENS","ZITTEL'S MARINA PENS (OLYMPIA STEELHEADERS)",16,6,NA
"3383",22124,"3M10513^^888130^H","SQUAXIN ISLAND PENS","SQUAXIN ISLAND SEA PENS AT PEALE PASSAGE",14,6,NA
"3384",22126,"3M10513^^888131^H","SOUTH SOUND NET PENS","SOUTH SOUND NET PENS  - PEALE PASSAGE",14,6,12
"3385",22128,"3M10513^^888132^H","FOX ISLAND NET PENS","FOX ISLAND NET PENS  - ECHO BAY  (FORMERLY: FOX ISLAND HATCHERY)",15,6,7
"3386",22130,"3M10513^^888133^H","STEILACOOM MARINA NP","STEILACOOM MARINA NET PENS",NA,6,NA
"3387",22131,"3M10513^^888134^H","FILUCY BAY NET PENS","FILUCY BAY NET PENS",15,6,NA
"3388",22132,"3M10513^^888135^H","CASE INLET NET PENS","CASE INLET NET PENS",15,6,NA
"3389",22134,"3M10513^^888136^H","HERRON IS NET PEN","HERRON IS NET PEN",NA,6,NA
"3390",22171,"3M10609^^888110^H","HAREK'S HOLE  (COOP)","HAREK'S HOLE  NEAR HANSVILLE",NA,6,9
"3391",22177,"3M10705^^888001^H","CLALLAM BAY NET PENS","CLALLAM BAY NET PENS",19,6,9
"3392",22217,"3M10806^^888001^H","PORT ANGELES NET PEN","DUNGENESS/COOP - PORT ANGELES HARBOR - OLYMPIC SPORTSMEN",18,6,NA
"3393",22218,"3M10806^^888004^H","SEQUIM BAY NET PENS","SEQUIM BAY NET PENS",NA,6,NA
"3394",22673,"3M114^^^^^^^^^^^H99","S PUGET SOUND ADULTS","SOUTH PUGET SOUND ADULT MORTALITY STUDY (NO HATCHERY)",NA,6,NA
"3395",23063,"3M21802^^236002^H","MARICULTURE NW","MARICULTURE NORTHWEST",NA,6,9
"3396",23064,"3M21802^^888001^H","ABERDEEN NET PENS","ABERDEEN NET PENS @ USARMY CORPS OF ENGINEERS PIER (BRACKISH WATER)",22,6,9
"3397",23065,"3M21802^^888002^H","OCEAN SHORES NET PEN","OCEAN SHORES NET PENS",22,6,NA
"3398",23067,"3M21802^^888220^H","WESTPORT NET PENS","WESTPORT PENS",22,6,NA
"3399",23081,"3M21902^^246010^H","WILLAPA BAY GILLNETR","WILLAPA BAY GILLNETTERS",24,6,9
"3400",23082,"3M21902^^246035^H","PORT OF WILLAPA AQUA","PORT OF WILLAPA AQUACULTURE",24,6,NA
"3401",23083,"3M21902^^246055^H","TOKELAND NET PENS","TOKELAND NET PENS",24,6,NA
"3402",23084,"3M21902^^888301^H","BAY CENTER NET PENS","BAY CENTER NET PENS (WILLAPA HARBOR)",24,6,NA
"3403",23086,"3M21902^^888302^H","SOUTH BEND NET PENS","SOUTH BEND NET PENS  (WILLAPA RIVER)",24,6,NA
"3404",23088,"3M21902^^888303^H","RAYMOND NET PENS","RAYMOND NET PENS  (WILLAPA HARBOR)",NA,6,NA
"3405",23089,"3M21902^^888304^H","NAHCOTTA NET PENS","NAHCOTTA NET PENS CO-OP (WILLIPA BAY)",NA,6,9
"3406",23938,"3F^^^TEMP0023938","NORTH OLYMPIC SALMON","North Olympic Salmon Coalition (NOSC)",17,6,NA
"3407",24198,"3F10513^^UNKN^^^E","TESC","THE EVERGREEN STATE COLLEGE RESEARCH",NA,6,NA
"3408",24299,"3F10806^^180272^H01","ELWHA WEIR","ELWHA WEIR",18,6,NA
"3409",24315,"3F21703^^21^^^^^H","TACOMA POWER","TACOMA POWER - ENHANCEMENT COOP",21,6,NA
"3410",24337,"3F10806^^180274^H01","LOWER ELWHA HATCH - HOUSE OF SALMON","LOWER ELWHA HATCHERY  (LOWER ELWHA TRIBE)",18,6,NA
"3411",24366,"3F10510^^09^^^^^H01","CITY OF FEDERAL WAY","CITY OF FEDERAL WAY",9,6,NA
"3412",24390,"3F10806^^180018^H01","UPR DUNGENESS ACC PD","UPPER DUNGENESS ACCLIMATION PONDS (CLALLAM COUNTY)",18,6,NA
"3413",24391,"3F10513^^1200000E","GIG HARBOR ACADEMY","GIG HARBOR ACADEMY (PIERCE COUNTY)",12,6,NA
"3414",24392,"3F10513^^1200001E","CHLOE CLARK ES","CHLOE CLARK ELEMENTARY SCHOOL (PIERCE COUNTY)",12,6,NA
"3415",24393,"3F10513^^1200002E","PARK LODGE ES","PARK LEDGE ELEMENTARY SCHOOL (PIERCE COUNTY)",12,6,NA
"3416",24394,"3F10513^^1200003E","CHILDREN'S VILLAGE MONT","CHILDREN'S WILLAGE MONTESSORI (PIERCE COUNTY)",12,6,NA
"3417",24395,"3F10806^^18^^^^^H","DUNGENESS R AUDUBON","DUNGENESS RIVER AUDUBON (CLALLAM COUNTY)",18,6,NA
"3418",24396,"3F10513^^1200004E","GLACIER MS","GLACIER MIDDLE SCHOOL (PIERCE COUNTY)",12,6,NA
"3419",24410,"3F10513^^13^^^^^E","NEW MARKET SKILL CNTR","NEW MARKET SKILL CENTER - EDUCATIONAL COOPERATIVE THURSTON COUNTY",13,6,NA
"3420",24490,"3F^^^^^^^^^^^^^^H","BYRD CRK PROJECT","BYRD CREEK PROJECT",NA,6,NA
"3421",24551,"3F10806^^18^^^^^H01","NATURE BRIDGE ONP","NATURE BRIDGE AT OLYMPIC NATIONAL PARK CLALLAM COUNTY",18,6,NA
"3422",24585,"3F^^^TEMP0024585","OCEAN GOLD","OCEAN GOLD SEAFOOD",NA,6,NA
"3423",24610,"3M11309^^872603","USGS MARROWSTONE ISLAND","USGS MARROWSTONE ISLAND LAB",NA,6,NA
"3424",24654,"3F10513^^150091^H01","SCHOOLHOUSE CRK PROJECT","SCHOOLHOUSE CREEK PROJECT - ANDERSON ISLAND WRIA 15.0091",NA,6,NA
"3425",24666,"3F^^^TEMP0024666","MCCLEARY BEAR FESTIVAL","MCCLEARY BEAR FESTIVAL - MCCLEARY - GRAYS HARBOR CO - REGION 6",NA,6,NA
"3426",24667,"3F^^^TEMP0024667","TENINO MENS RETREAT","TENINO MENS RETREAT - TENINO - THURSTON CO - REGION 6",NA,6,NA
"3427",24669,"3F10513^^1378967E","MARSHALL MS (OLY)","MARSHALL MIDDLE SCHOOL - OLYMPIA - THURSTON CO - REGION 6",NA,6,NA
"3428",24676,"3F21802^^2371067E","LEWIS CO. CONS. DIST.","LEWIS COUNTY CONSERVATION DISTRICT",NA,6,NA
"3429",24702,"3F10511^^10^^^^^H03","HARRIS HOME SCHOOL","HARRIS HOME SCHOOL ED COOP",NA,6,NA
"3430",24703,"3F10513^^1200008E","TACOMA COMMUNITY COLLEGE","TACOMA COMMUNITY  COLLEGE ED COOP",NA,6,NA
"3431",24707,"3F10806^^1878317E","MT VIEW CHRISTIAN (SEQUIM)","MOUNTAIN VIEW CHRISTIAN SCHOOL, 255 MEDKER RD SEQUIM",NA,6,NA
"3432",24708,"3F10806^^1878316E","FIVE ACRE SCHOOL (SEQUIM)","FIVER ACRE SCHOOL, 515 LOTZGESELL RD SEQUIM",NA,6,NA
"3433",24756,"3F10513^^1200007E","COVENANT HS (PIER)","COVENANT HIGH SCHOOL (PIERCE COUNTY)",NA,6,NA
"3434",24766,"3F10511^^1571062E","ARCADIA MONTESSORI","ARCADIA MONTESSORI (PIERCE)",15,6,NA
"3435",24770,"3F10412^^160001^H","NF SKOKOMISH HATCHERY","NORTH FORK SKOKOMISH HATCHERY (TACOMA PUD)",16,6,NA
"3436",24772,"3F10412^^160001^H01","SALTWATER PARK HATCHERY","SALTWATER PARK SOCKEYE HATCHERY",16,6,NA
"3437",24774,"3F10513^^110324^H02","MCALLISTER SPRINGS HATCH","MCALLISTER SPRINGS HATCHERY",11,6,NA
"3438",24788,"3F10513^^1370114E","SALISH MS","SALISH MIDDLE SCHOOL IN LACEY WA",NA,6,NA
"3439",24802,"3F-transfer2school","WDFW - SCHOOLS","USE FOR GENERIC TRANSFERS TO SCHOOLS",NA,6,NA
"3440",24803,"3F-transfer2coop","WDFW - COOPS","USE FOR GENERIC TRANSFERS TO COOPERATIVES",NA,6,NA
"3441",25814,"3F10806^^1871037E","SEQUIM'S LITTLE EXPLORERS","SEQUIM'S LITTLE EXPLORERS, 191 W SEQUIM BAY RD",NA,6,NA
"3442",25815,"3F10513^^1370115E","SALISH MS #2","SALISH MS SECOND LOCATION",NA,6,NA
"3443",25816,"3F10511^^1071006E","FOSS WATERWAY SEAPORT","FOSS WATERWAY SEAPORT, 705 DOCK STREET, TACOMA, WA 98402",NA,6,NA
"3444",25828,"3F10513^^150086^R01","CUB SCOUT PACK 282","CUB SCOUT PACK 282 (410 66TH ST NW, GIG HARBOR, WA 98335)",NA,6,NA
"3445",25831,"3F10511^^100432^H","WILKESON CREEK HATCHERY","WILKESON CREEK HATCHERY",10,6,NA
"3446",25836,"3F10806^^1871038E","OLYMPIC PENINSULA ACADEMY","OLYMPIC PENINSULA ACADEMY, 400 N 2ND AVE SEQUIM WA 98382",NA,6,9
"3447",25837,"3F10511^^1071007E","BLIX ES (TACOMA)","BLIX ELEMENTARY SCHOOL (TACOMA)",NA,6,NA
"3448",25839,"3F10511^^100029^H01","DIRU CREEK HATCHERY","DIRU CREEK HATCHERY, 1416 14TH ST SW, PUYALLUP, WA 98371",10,6,NA
"3449",25905,"3F10412^^1505031E","RFEG 6 - SALMON IN THE CLASSROOM","RFEG 6 - SALMON IN THE CLASSROOM",15,6,NA
"3450",25906,"3F10412^^1505032E","RFEG 6 - HCSEG RSIS","RFEG 6 - HCSEG RSIS",15,6,NA
"3451",25907,"3F10513^^1200005E","THE SCIENCE AND MATH INSTITUTE","THE SCIENCE AND MATH INSTITUTE",12,6,NA
"3452",26915,"3F10513^^13^^^^^H04","SNOHOMISH SS RECOVERY ALLIANCE","SNOHOMISH BASIN SALMON AND SALMONID RECOVERY ALLIANCE",13,6,NA
"3453",26916,"3M11411^^872372","POINT DEFIANCE NET PENS","POINT DEFIANCE NET PENS (NOT NWSSC-PT.DEFIANCE NP)",12,6,NA
"3454",26920,"3F10513^^1200006E","KATHERINE G JOHNSON ES","KATHERINE G JOHNSON ES",12,6,NA
"3455",26925,"3F10511^^1072774E","FIFE ELEMENTARY  (TACOMA)","FIFE ELEMENTARY  (TACOMA)",10,6,NA
"3456",26930,"3F21802^^2271034E","GRAYS HARBOR STREAM TEAM (GRAYS)","GRAYS HARBOR STREAM TEAM (GRAYS)",22,6,NA
"3457",26931,"3F21902^^2471116E","RAYMOND ELEMENTARY SCHOOL (PACI)","RAYMOND ELEMENTARY SCHOOL (PACI)",24,6,NA
"3458",27956,"3F10513^^12^^^^^H01","STEILACOOM TRIBE","STEILACOOM TRIBE",12,6,NA
"3459",27957,"3F10513^^1572682E","CURIOUS BY NATURE","CURIOUS BY NATURE (GIG HARBOR)",15,6,NA
"3460",27960,"3F10513^^1370116E","ST. MARTIN'S LAB (THUR)","ST. MARTIN'S LAB (THUR)",13,6,NA
"3461",27963,"3F10511^^1571063E","SWIFT WATER ELEMENTARY (PIER)","SWIFT WATER ELEMENTARY (PIERCE)",15,6,NA
"3462",27964,"3F21802^^230649^H02","RIVERENCE HATCHERY (THUR)","RIVERENCE HATCHERY (THUR)",23,6,NA
"3463",27966,"3F10511^^1071029E","WSU RESEARCH (PUYALLUP)","WSU RESEARCH (PUYALLUP)",10,6,NA
"3464",27967,"3F10806^^180028^H02","HURD CR POND","HURD CR POND",18,6,NA
"3465",28027,"3F10511^^1071008E","IMMANUEL LUTHERAN (PIER)","IMMANUEL LUTHERAN (PIER)",10,6,NA
"3466",28040,"3F10513^^1278846E","TACOMA SCHOOL OF THE ARTS","TACOMA SCHOOL OF THE ARTS",12,6,NA
"3467",28042,"3F21802^^2371068E","TENINO FOOD BANK","TENINO FOOD BANK",23,6,NA
"3468",28061,"3F10412^^15L4849R","MAGGIE POND  (MASO)","MAGGIE POND  (MASO)",15,6,NA
"3469",28062,"3F21902^^2471117E","PACIFIC CONSERVATION DISTRICT","PACIFIC CONSERVATION DISTRICT",24,6,NA
"3470",28064,"3F10513^^1471085E","JACKIE STEARNS AND JASON CHING","JACKIE STEARNS AND JASON CHING",14,6,NA
"3471",28068,"3F21902^^240251^H04","TIDAL GROW","TIDAL GROW (1725 OCEAN AVE. BLDG #6 RAYMOND, WA 98577)",24,6,NA
"3472",28073,"3F10511^^1071009E","PIERCE CONSERVATION DISTRICT","PIERCE CONSERVATION DISTRICT",10,6,NA
"3473",28081,"3F10513^^1572683E","NORTHWEST SALMON RESEARCH","NORTHWEST SALMON RESEARCH (GIG HARBOR)",15,6,NA
"3474",28088,"3F10513^^13^^^^^H06","OLYMPIA HQ1","OLYMPIA HQ1",13,6,NA
"3475",28089,"3F10513^^13^^^^^H07","OLYMPIA HQ2","OLYMPIA HQ2",13,6,NA
"3476",28090,"3F10513^^13^^^^^H08","OLYMPIA HQ3","OLYMPIA HQ3",13,6,NA
"3477",28091,"3F10806^^173094E","GRANT STREET ES(PT T","GRANT STREET ELEMENTARY (PORT TOWNSEND WA)",17,6,NA
"3478",28095,"3F10511^^1071010E","EMERALD RIDGE HS","EMERALD RIDGE HIGH SSCHOOL (PUYALLUP WA)",10,6,NA
"3479",28096,"3F10513^^1370117E","OLYMPIA REGIONAL LEARNING ACADEMY","OLYMPIA REGIONAL LEARNING ACADEMY (OLYMPIA WA)",13,6,NA
"3480",28098,"3F10513^^1200009E","SUNSET CHRISTIAN PRESCHOOL","SUNSET CHRISTIAN PRESCHOOL (UNIVERSITY PLACE)",12,6,NA
"3481",28100,"3F10510^^1570115E","KITSAP COUNTY PUBLIC WORKS","KITSAP COUNTY PUBLIC WORKS",15,6,NA
"3482",28101,"3F10510^^1570116E","CHIEF KITSAP ACADEMY","CHIEF KITSAP ACADEMY",15,6,NA
"3483",28104,"3F10513^^1572684E","YMCA CAMP COLEMAN","YMCA CAMP COLEMAN",15,6,NA
